timestamp,sensor_id,pm25_ugm3,pm1_ugm3,pm10_ugm3,pms_temperature_c,pms_humidity_pct,sht_temperature_c,sht_humidity_pct,signal
2026-04-22T18:57:05Z,232,39.0,23.0,47.0,17.6,53.7,21.294,50.193,27.0
2026-04-22T18:57:09Z,232,39.0,24.0,46.0,17.7,53.5,21.286,50.161,27.0
2026-04-22T18:57:29Z,232,36.0,24.0,44.0,17.8,53.1,21.326,49.88,27.0
2026-04-22T19:17:20Z,232,44.0,28.0,53.0,18.7,49.2,21.24,48.706,22.0
2026-04-22T20:55:43Z,232,22.0,15.0,22.0,16.7,53.1,20.893,44.992,31.0
2026-04-22T21:00:16Z,232,24.0,14.0,25.0,18.8,45.2,20.794,45.595,31.0
2026-04-22T21:05:16Z,232,22.0,14.0,22.0,19.5,43.4,20.733,44.959,31.0
2026-04-22T21:10:16Z,232,23.0,11.0,23.0,19.8,42.5,20.725,44.799,31.0
2026-04-22T21:15:16Z,232,20.0,12.0,22.0,20.1,41.3,20.663,44.544,31.0
2026-04-22T21:20:16Z,232,27.0,19.0,27.0,20.3,40.4,20.631,44.193,31.0
2026-04-22T21:25:16Z,232,22.0,16.0,23.0,20.4,40.2,20.605,44.196,31.0
2026-04-22T21:30:16Z,232,20.0,11.0,22.0,20.6,39.6,20.575,44.301,31.0
2026-04-22T21:35:16Z,232,24.0,11.0,24.0,20.6,39.5,20.471,44.523,31.0
2026-04-22T21:40:16Z,232,23.0,15.0,23.0,20.6,39.3,20.46,44.801,31.0
2026-04-22T21:45:16Z,232,22.0,11.0,22.0,20.7,39.3,20.415,44.95,31.0
2026-04-22T21:50:16Z,232,22.0,12.0,23.0,20.6,39.3,20.34,45.215,31.0
2026-04-22T21:55:16Z,232,21.0,11.0,21.0,20.6,39.3,20.236,45.329,31.0
2026-04-22T22:00:16Z,232,23.0,11.0,24.0,20.6,39.2,20.055,45.753,31.0
2026-04-22T22:05:16Z,232,21.0,11.0,21.0,20.6,39.2,19.956,46.132,31.0
2026-04-22T22:10:16Z,232,22.0,13.0,23.0,20.5,39.3,19.833,46.455,31.0
2026-04-22T22:15:16Z,232,24.0,13.0,24.0,20.4,39.5,19.638,47.021,31.0
2026-04-22T22:20:16Z,232,22.0,11.0,23.0,20.3,39.6,19.534,47.079,31.0
2026-04-22T22:25:15Z,232,21.0,10.0,22.0,20.2,39.6,19.422,47.262,31.0
2026-04-22T22:30:16Z,232,18.0,10.0,18.0,20.1,39.6,19.221,47.626,31.0
2026-04-22T22:35:16Z,232,19.0,7.0,20.0,20.0,39.9,19.013,48.074,31.0
2026-04-22T22:40:16Z,232,22.0,10.0,24.0,19.9,39.8,18.912,48.108,31.0
2026-04-22T22:45:16Z,232,16.0,6.0,16.0,19.8,39.7,18.754,48.154,31.0
2026-04-22T22:50:15Z,232,14.0,6.0,17.0,19.7,39.8,18.607,48.425,31.0
2026-04-22T22:55:16Z,232,13.0,6.0,14.0,19.5,40.0,18.498,48.364,31.0
2026-04-22T23:00:16Z,232,12.0,6.0,12.0,19.4,39.9,18.458,48.15,31.0
2026-04-22T23:05:16Z,232,12.0,7.0,13.0,19.4,40.0,18.452,48.221,31.0
2026-04-22T23:10:16Z,232,13.0,7.0,15.0,19.3,40.6,18.327,49.222,31.0
2026-04-22T23:15:16Z,232,15.0,6.0,16.0,19.1,40.5,18.233,49.381,31.0
2026-04-22T23:20:16Z,232,11.0,7.0,14.0,19.0,40.7,18.183,49.484,31.0
2026-04-22T23:25:16Z,232,14.0,7.0,16.0,19.0,40.8,18.025,49.951,31.0
2026-04-22T23:30:16Z,232,12.0,6.0,14.0,18.9,41.1,17.902,50.22,31.0
2026-04-22T23:35:16Z,232,8.0,5.0,12.0,18.8,41.0,17.825,50.025,31.0
2026-04-22T23:40:16Z,232,10.0,6.0,10.0,18.7,40.9,17.769,49.396,31.0
2026-04-22T23:45:16Z,232,12.0,7.0,14.0,18.6,41.2,17.814,49.787,31.0
2026-04-22T23:50:16Z,232,14.0,6.0,14.0,18.6,41.0,17.673,49.701,31.0
2026-04-22T23:55:16Z,232,12.0,5.0,14.0,18.5,41.3,17.651,49.938,31.0
2026-04-23T00:00:16Z,232,10.0,5.0,10.0,18.4,41.4,17.536,50.092,31.0
2026-04-23T00:05:16Z,232,14.0,6.0,15.0,18.4,41.2,17.502,49.753,31.0
2026-04-23T00:10:16Z,232,11.0,5.0,14.0,18.3,41.1,17.339,49.932,31.0
2026-04-23T00:15:16Z,232,12.0,6.0,16.0,18.3,41.6,17.363,50.346,31.0
2026-04-23T00:20:16Z,232,16.0,8.0,17.0,18.2,41.6,17.309,50.552,31.0
2026-04-23T00:25:16Z,232,12.0,6.0,14.0,18.1,41.8,17.259,50.58,31.0
2026-04-23T00:30:16Z,232,13.0,6.0,15.0,18.1,41.8,17.155,50.989,31.0
2026-04-23T00:35:16Z,232,13.0,7.0,15.0,18.0,42.0,17.125,51.483,31.0
2026-04-23T00:40:16Z,232,15.0,6.0,18.0,18.0,42.5,17.005,52.606,31.0
2026-04-23T00:45:16Z,232,17.0,7.0,17.0,18.0,42.9,16.845,53.161,31.0
2026-04-23T00:50:16Z,232,15.0,6.0,17.0,17.9,43.0,16.714,53.354,31.0
2026-04-23T00:55:16Z,232,16.0,5.0,17.0,17.8,43.0,16.588,53.785,31.0
2026-04-23T01:00:16Z,232,19.0,8.0,20.0,17.7,43.3,16.479,53.955,31.0
2026-04-23T01:05:16Z,232,18.0,8.0,18.0,17.6,43.4,16.5,54.042,31.0
2026-04-23T01:10:16Z,232,14.0,6.0,15.0,17.6,43.4,16.412,54.304,31.0
2026-04-23T01:15:16Z,232,19.0,8.0,19.0,17.5,43.6,16.287,54.637,31.0
2026-04-23T01:20:16Z,232,19.0,9.0,19.0,17.5,43.8,16.204,54.946,31.0
2026-04-23T01:25:16Z,232,22.0,11.0,22.0,17.3,43.8,16.159,54.576,31.0
2026-04-23T01:30:16Z,232,19.0,9.0,20.0,17.3,43.7,16.07,54.437,31.0
2026-04-23T01:35:16Z,232,19.0,9.0,20.0,17.3,43.9,16.07,54.815,31.0
2026-04-23T01:40:16Z,232,19.0,8.0,21.0,17.2,43.9,16.076,54.626,31.0
2026-04-23T01:45:16Z,232,22.0,9.0,23.0,17.2,44.0,16.188,54.021,31.0
2026-04-23T01:50:16Z,232,21.0,8.0,22.0,17.1,44.1,16.164,54.433,31.0
2026-04-23T01:55:16Z,232,23.0,9.0,25.0,17.2,44.0,16.193,53.977,31.0
2026-04-23T02:00:16Z,232,21.0,12.0,22.0,17.1,44.2,16.009,54.904,31.0
2026-04-23T02:05:16Z,232,22.0,11.0,23.0,17.1,44.2,16.054,54.834,31.0
2026-04-23T02:10:16Z,232,25.0,13.0,27.0,17.1,44.3,15.964,55.044,31.0
2026-04-23T02:15:16Z,232,22.0,12.0,24.0,17.0,44.8,15.766,56.495,31.0
2026-04-23T02:20:16Z,232,23.0,8.0,23.0,17.0,44.7,15.819,55.919,31.0
2026-04-23T02:25:16Z,232,22.0,14.0,23.0,17.0,44.6,15.838,55.654,31.0
2026-04-23T02:30:16Z,232,25.0,14.0,27.0,16.9,44.7,15.889,55.587,31.0
2026-04-23T02:35:16Z,232,23.0,12.0,24.0,16.9,45.2,15.865,56.507,31.0
2026-04-23T02:40:16Z,232,24.0,14.0,25.0,16.9,45.2,15.838,56.566,31.0
2026-04-23T02:45:16Z,232,25.0,15.0,25.0,16.8,45.1,15.83,56.327,31.0
2026-04-23T02:50:16Z,232,24.0,12.0,24.0,16.8,45.1,15.742,56.495,31.0
2026-04-23T02:55:16Z,232,25.0,14.0,26.0,16.8,45.2,15.59,56.928,31.0
2026-04-23T03:00:16Z,232,24.0,17.0,24.0,16.8,45.0,15.63,56.249,31.0
2026-04-23T03:05:16Z,232,26.0,14.0,26.0,16.7,45.0,15.627,56.295,31.0
2026-04-23T03:10:16Z,232,25.0,15.0,25.0,16.7,45.0,15.64,56.253,31.0
2026-04-23T03:15:16Z,232,25.0,14.0,27.0,16.7,45.2,15.531,56.583,31.0
2026-04-23T03:20:16Z,232,27.0,17.0,28.0,16.7,44.9,15.494,56.396,31.0
2026-04-23T03:25:16Z,232,27.0,16.0,29.0,16.6,44.9,15.272,56.879,31.0
2026-04-23T03:30:16Z,232,24.0,15.0,24.0,16.6,44.9,15.419,56.024,31.0
2026-04-23T03:35:16Z,232,24.0,13.0,26.0,16.6,44.7,15.448,56.009,31.0
2026-04-23T03:40:16Z,232,27.0,17.0,28.0,16.6,44.7,15.4,55.532,31.0
2026-04-23T03:45:16Z,232,29.0,16.0,30.0,16.6,44.6,15.456,54.979,31.0
2026-04-23T03:50:16Z,232,30.0,20.0,31.0,16.6,44.5,15.528,55.225,31.0
2026-04-23T03:55:16Z,232,29.0,19.0,29.0,16.6,44.5,15.494,55.151,31.0
2026-04-23T04:00:17Z,232,29.0,17.0,30.0,16.5,44.5,15.491,55.513,31.0
2026-04-23T04:05:17Z,232,27.0,19.0,28.0,16.5,44.9,15.376,56.072,31.0
2026-04-23T04:10:16Z,232,27.0,17.0,29.0,16.5,44.9,15.307,56.215,31.0
2026-04-23T04:15:16Z,232,26.0,17.0,28.0,16.4,45.1,15.203,56.888,31.0
2026-04-23T04:20:16Z,232,27.0,16.0,27.0,16.4,45.1,15.13,57.09,31.0
2026-04-23T04:25:16Z,232,27.0,18.0,29.0,16.4,44.9,15.165,56.158,31.0
2026-04-23T04:30:16Z,232,25.0,17.0,27.0,16.3,44.9,15.146,56.097,31.0
2026-04-23T04:35:16Z,232,27.0,17.0,29.0,16.3,45.0,15.2,56.205,31.0
2026-04-23T04:40:17Z,232,27.0,17.0,28.0,16.3,45.1,15.171,56.44,31.0
2026-04-23T04:45:17Z,232,27.0,16.0,27.0,16.3,45.2,15.141,56.612,31.0
2026-04-23T04:50:17Z,232,28.0,16.0,28.0,16.2,45.5,15.106,56.968,31.0
2026-04-23T04:55:17Z,232,25.0,15.0,27.0,16.2,45.6,14.986,57.178,31.0
2026-04-23T05:00:16Z,232,28.0,18.0,30.0,16.2,45.6,14.984,57.325,31.0
2026-04-23T05:05:17Z,232,28.0,18.0,28.0,16.1,45.2,14.922,56.669,31.0
2026-04-23T05:10:17Z,232,29.0,16.0,32.0,16.1,45.4,14.869,57.064,31.0
2026-04-23T05:15:17Z,232,30.0,19.0,30.0,16.1,45.6,14.813,57.313,31.0
2026-04-23T05:20:17Z,232,29.0,17.0,30.0,16.0,45.8,14.797,57.682,31.0
2026-04-23T05:25:17Z,232,26.0,16.0,28.0,16.0,45.5,14.682,57.268,31.0
2026-04-23T05:30:17Z,232,30.0,17.0,30.0,16.0,45.9,14.618,57.926,31.0
2026-04-23T05:35:17Z,232,27.0,15.0,27.0,15.9,45.6,14.602,57.567,31.0
2026-04-23T05:40:16Z,232,27.0,16.0,27.0,15.9,45.5,14.49,57.867,31.0
2026-04-23T05:45:17Z,232,25.0,18.0,26.0,15.8,46.0,14.383,58.321,31.0
2026-04-23T05:50:16Z,232,27.0,16.0,28.0,15.7,45.8,14.353,58.08,31.0
2026-04-23T05:55:17Z,232,24.0,11.0,25.0,15.7,45.7,14.228,57.882,31.0
2026-04-23T06:00:17Z,232,25.0,13.0,25.0,15.7,45.4,14.209,57.479,31.0
2026-04-23T06:05:17Z,232,25.0,13.0,25.0,15.6,45.6,14.249,57.88,31.0
2026-04-23T06:10:17Z,232,24.0,11.0,24.0,15.6,46.2,14.239,58.462,31.0
2026-04-23T06:15:17Z,232,23.0,11.0,25.0,15.6,45.5,14.212,56.808,31.0
2026-04-23T06:20:17Z,232,27.0,13.0,27.0,15.5,45.8,14.239,57.102,31.0
2026-04-23T06:25:17Z,232,24.0,11.0,24.0,15.5,45.3,14.244,56.045,31.0
2026-04-23T06:30:17Z,232,22.0,11.0,22.0,15.5,45.0,14.212,55.929,31.0
2026-04-23T06:35:17Z,232,23.0,10.0,26.0,15.5,44.9,14.204,55.896,31.0
2026-04-23T06:40:17Z,232,22.0,11.0,22.0,15.5,44.9,14.233,55.372,31.0
2026-04-23T06:45:17Z,232,26.0,11.0,27.0,15.5,44.7,14.316,55.12,31.0
2026-04-23T06:50:17Z,232,23.0,11.0,23.0,15.5,44.7,14.193,55.671,31.0
2026-04-23T06:55:17Z,232,21.0,10.0,23.0,15.5,44.8,14.26,55.784,31.0
2026-04-23T07:00:20Z,232,24.0,12.0,25.0,15.5,44.9,14.287,56.163,31.0
2026-04-23T07:05:17Z,232,23.0,9.0,24.0,15.5,45.5,14.191,57.014,31.0
2026-04-23T07:10:17Z,232,22.0,10.0,23.0,15.5,45.5,14.113,57.073,31.0
2026-04-23T07:15:17Z,232,23.0,8.0,24.0,15.5,45.3,14.046,56.762,31.0
2026-04-23T07:20:17Z,232,23.0,12.0,24.0,15.4,45.2,14.132,56.476,31.0
2026-04-23T07:25:17Z,232,22.0,8.0,22.0,15.4,45.2,14.148,56.196,31.0
2026-04-23T07:30:17Z,232,24.0,11.0,25.0,15.4,45.5,14.004,57.321,31.0
2026-04-23T07:35:17Z,232,21.0,8.0,21.0,15.4,45.5,13.846,57.403,31.0
2026-04-23T07:40:17Z,232,24.0,8.0,24.0,15.3,45.6,13.934,57.291,31.0
2026-04-23T07:45:17Z,232,22.0,7.0,24.0,15.3,45.5,13.974,57.275,31.0
2026-04-23T07:50:17Z,232,24.0,13.0,24.0,15.3,45.8,13.923,57.674,31.0
2026-04-23T07:55:17Z,232,22.0,11.0,23.0,15.2,45.7,13.87,57.264,31.0
2026-04-23T08:00:17Z,232,25.0,11.0,25.0,15.2,45.4,13.891,56.821,31.0
2026-04-23T08:05:17Z,232,23.0,11.0,23.0,15.2,45.6,13.809,57.354,31.0
2026-04-23T08:10:17Z,232,25.0,8.0,26.0,15.2,45.9,13.854,57.453,31.0
2026-04-23T08:15:17Z,232,22.0,10.0,24.0,15.2,45.5,13.838,56.848,31.0
2026-04-23T08:20:17Z,232,27.0,13.0,29.0,15.1,45.8,13.758,57.352,31.0
2026-04-23T08:25:17Z,232,22.0,8.0,24.0,15.1,45.6,13.721,57.151,31.0
2026-04-23T08:30:17Z,232,24.0,11.0,24.0,15.1,45.6,13.67,57.346,31.0
2026-04-23T08:35:17Z,232,24.0,12.0,24.0,15.1,45.8,13.662,57.396,31.0
2026-04-23T08:40:17Z,232,22.0,10.0,23.0,15.1,45.7,13.71,57.228,31.0
2026-04-23T08:45:17Z,232,24.0,12.0,25.0,15.1,45.6,13.656,57.35,31.0
2026-04-23T08:50:17Z,232,22.0,11.0,27.0,15.1,45.6,13.643,57.306,31.0
2026-04-23T08:55:17Z,232,25.0,10.0,25.0,15.0,45.7,13.688,57.291,31.0
2026-04-23T09:00:17Z,232,24.0,11.0,28.0,15.0,45.9,13.643,57.193,31.0
2026-04-23T09:05:17Z,232,24.0,9.0,26.0,15.1,45.4,13.651,56.444,31.0
2026-04-23T09:10:17Z,232,24.0,8.0,25.0,15.0,45.3,13.705,56.255,31.0
2026-04-23T09:15:17Z,232,22.0,11.0,23.0,15.0,45.3,13.705,56.352,31.0
2026-04-23T09:20:17Z,232,22.0,9.0,23.0,15.0,45.4,13.688,56.425,31.0
2026-04-23T09:25:17Z,232,23.0,11.0,24.0,15.0,45.4,13.555,57.134,31.0
2026-04-23T09:30:17Z,232,20.0,9.0,22.0,15.0,45.3,13.416,57.102,31.0
2026-04-23T09:35:17Z,232,23.0,8.0,23.0,15.0,45.2,13.387,56.987,31.0
2026-04-23T09:40:17Z,232,20.0,7.0,22.0,14.9,45.3,13.472,56.795,31.0
2026-04-23T09:45:17Z,232,20.0,8.0,20.0,14.9,45.5,13.462,57.132,31.0
2026-04-23T09:50:17Z,232,18.0,5.0,18.0,14.9,45.5,13.373,57.109,31.0
2026-04-23T09:55:17Z,232,15.0,7.0,17.0,14.9,45.6,13.17,57.888,31.0
2026-04-23T10:00:17Z,232,18.0,6.0,21.0,14.8,44.9,13.189,56.129,31.0
2026-04-23T10:05:17Z,232,19.0,7.0,20.0,14.7,44.8,13.122,56.015,31.0
2026-04-23T10:10:17Z,232,20.0,6.0,20.0,14.7,44.7,13.029,56.341,31.0
2026-04-23T10:15:17Z,232,14.0,5.0,16.0,14.7,44.4,13.042,55.179,31.0
2026-04-23T10:20:17Z,232,11.0,4.0,13.0,14.7,43.9,13.093,54.05,31.0
2026-04-23T10:25:17Z,232,10.0,4.0,13.0,14.7,43.9,13.12,54.258,31.0
2026-04-23T10:30:17Z,232,13.0,5.0,14.0,14.6,43.6,13.197,53.979,31.0
2026-04-23T10:35:17Z,232,15.0,6.0,16.0,14.6,43.9,12.895,55.593,31.0
2026-04-23T10:40:17Z,232,13.0,5.0,14.0,14.6,43.5,12.93,53.949,31.0
2026-04-23T10:45:17Z,232,9.0,3.0,9.0,14.6,43.5,12.997,54.06,31.0
2026-04-23T10:50:17Z,232,11.0,4.0,15.0,14.6,43.7,12.877,55.072,31.0
2026-04-23T10:55:17Z,232,9.0,5.0,12.0,14.5,43.6,12.943,54.378,31.0
2026-04-23T11:00:17Z,232,13.0,6.0,17.0,14.5,43.5,12.981,53.783,31.0
2026-04-23T11:05:17Z,232,14.0,7.0,17.0,14.5,43.1,13.032,52.879,31.0
2026-04-23T11:10:17Z,232,13.0,6.0,15.0,14.5,43.1,13.056,53.066,31.0
2026-04-23T11:15:17Z,232,13.0,5.0,15.0,14.5,43.6,13.053,53.957,31.0
2026-04-23T11:20:17Z,232,15.0,7.0,18.0,14.5,43.7,13.013,54.527,31.0
2026-04-23T11:25:17Z,232,11.0,6.0,14.0,14.5,43.3,13.082,52.909,31.0
2026-04-23T11:30:17Z,232,11.0,5.0,14.0,14.5,43.0,13.109,52.541,31.0
2026-04-23T11:35:17Z,232,14.0,5.0,15.0,14.6,42.9,13.208,52.576,31.0
2026-04-23T11:40:17Z,232,9.0,5.0,11.0,14.6,43.3,13.146,53.657,31.0
2026-04-23T11:45:17Z,232,14.0,5.0,14.0,14.6,43.5,12.994,54.178,31.0
2026-04-23T11:50:17Z,232,12.0,6.0,13.0,14.6,43.5,13.138,54.075,31.0
2026-04-23T11:55:17Z,232,14.0,6.0,16.0,14.6,43.4,13.154,53.81,31.0
2026-04-23T12:00:18Z,232,13.0,5.0,14.0,14.6,43.7,13.122,54.559,31.0
2026-04-23T12:05:17Z,232,19.0,7.0,20.0,14.6,43.8,13.088,55.036,31.0
2026-04-23T12:10:17Z,232,20.0,9.0,22.0,14.6,44.1,13.192,55.288,31.0
2026-04-23T12:15:18Z,232,18.0,7.0,19.0,14.7,44.4,13.312,55.202,31.0
2026-04-23T12:20:17Z,232,18.0,6.0,19.0,14.7,44.2,13.355,54.208,31.0
2026-04-23T12:25:17Z,232,9.0,6.0,11.0,14.7,43.9,13.475,53.802,31.0
2026-04-23T12:30:18Z,232,11.0,7.0,12.0,14.8,43.9,13.686,53.152,31.0
2026-04-23T12:35:18Z,232,9.0,5.0,11.0,14.9,43.7,13.881,52.81,31.0
2026-04-23T12:40:17Z,232,9.0,5.0,11.0,15.0,43.8,14.028,53.018,31.0
2026-04-23T12:45:18Z,232,18.0,7.0,20.0,15.1,44.0,14.212,52.972,31.0
2026-04-23T12:50:18Z,232,18.0,7.0,20.0,15.2,43.8,14.407,52.852,31.0
2026-04-23T12:55:17Z,232,18.0,7.0,20.0,15.3,43.8,14.476,52.873,31.0
2026-04-23T13:00:18Z,232,18.0,7.0,19.0,15.4,43.8,14.618,52.757,31.0
2026-04-23T13:05:18Z,232,23.0,13.0,25.0,15.6,43.5,15.01,51.485,31.0
2026-04-23T13:10:18Z,232,22.0,9.0,24.0,15.7,43.3,15.723,49.73,31.0
2026-04-23T13:15:18Z,232,22.0,9.0,22.0,16.0,43.0,16.682,47.557,31.0
2026-04-23T13:20:18Z,232,20.0,8.0,20.0,16.5,42.3,17.699,44.832,31.0
2026-04-23T13:25:18Z,232,18.0,5.0,18.0,17.1,41.8,18.733,42.762,31.0
2026-04-23T13:30:18Z,232,15.0,5.0,17.0,17.8,40.5,19.232,41.29,31.0
2026-04-23T13:35:18Z,232,17.0,6.0,19.0,18.4,39.3,19.814,39.109,31.0
2026-04-23T13:40:18Z,232,18.0,7.0,22.0,19.1,38.0,20.503,38.659,31.0
2026-04-23T13:45:18Z,232,11.0,4.0,14.0,19.8,37.4,21.203,37.357,31.0
2026-04-23T13:50:18Z,232,18.0,7.0,19.0,20.4,36.3,21.63,36.205,31.0
2026-04-23T13:55:18Z,232,13.0,6.0,17.0,21.0,34.9,22.153,34.753,31.0
2026-04-23T14:00:18Z,232,10.0,3.0,15.0,21.6,34.2,22.658,34.106,31.0
2026-04-23T14:05:18Z,232,31.0,19.0,36.0,22.2,33.6,22.971,33.71,31.0
2026-04-23T14:10:18Z,232,19.0,7.0,20.0,22.7,33.3,23.505,33.881,31.0
2026-04-23T14:15:18Z,232,21.0,10.0,22.0,23.1,33.2,23.638,34.091,31.0
2026-04-23T14:20:18Z,232,17.0,7.0,18.0,23.6,32.5,24.26,32.947,31.0
2026-04-23T14:25:18Z,232,20.0,8.0,20.0,24.1,31.8,24.383,32.519,31.0
2026-04-23T14:30:18Z,232,16.0,6.0,20.0,24.7,31.3,24.973,31.131,31.0
2026-04-23T14:35:18Z,232,17.0,6.0,21.0,25.2,31.3,25.126,32.273,31.0
2026-04-23T14:40:18Z,232,14.0,6.0,18.0,25.7,30.4,25.726,31.167,31.0
2026-04-23T14:45:18Z,232,19.0,7.0,19.0,26.2,30.4,25.563,30.894,31.0
2026-04-23T14:50:18Z,232,17.0,7.0,20.0,26.7,29.8,26.087,30.666,31.0
2026-04-23T14:55:18Z,232,20.0,8.0,22.0,27.1,29.6,26.397,30.196,31.0
2026-04-23T15:00:18Z,232,17.0,7.0,18.0,27.6,29.1,26.762,30.061,31.0
2026-04-23T15:05:18Z,232,19.0,7.0,20.0,28.0,28.7,27.032,29.512,31.0
2026-04-23T15:10:18Z,232,18.0,6.0,19.0,28.4,28.4,27.377,29.38,31.0
2026-04-23T15:15:18Z,232,13.0,5.0,16.0,28.8,27.9,27.74,28.895,31.0
2026-04-23T15:20:18Z,232,17.0,6.0,19.0,29.3,27.5,27.788,28.989,31.0
2026-04-23T15:25:17Z,232,17.0,7.0,19.0,29.7,26.9,27.991,28.344,31.0
2026-04-23T21:09:09Z,232,13.0,7.0,16.0,15.5,45.9,20.583,37.73,28.0
2026-04-23T21:13:43Z,232,23.0,12.0,24.0,17.9,39.9,20.949,36.84,28.0
2026-04-23T21:18:42Z,232,23.0,11.0,24.0,18.8,37.7,21.085,36.718,28.0
2026-04-23T21:23:42Z,232,25.0,14.0,26.0,19.4,36.7,21.264,36.575,28.0
2026-04-23T21:28:42Z,232,23.0,10.0,23.0,19.9,35.9,21.374,36.439,28.0
2026-04-23T21:33:42Z,232,24.0,12.0,25.0,20.3,35.1,21.448,36.66,28.0
2026-04-23T21:38:42Z,232,22.0,11.0,23.0,20.6,34.4,21.499,36.412,28.0
2026-04-23T21:43:42Z,232,26.0,14.0,26.0,20.9,33.9,21.566,36.454,28.0
2026-04-23T21:48:42Z,232,24.0,12.0,26.0,21.0,33.7,21.627,36.479,28.0
2026-04-23T21:53:42Z,232,20.0,9.0,22.0,21.2,33.5,21.662,36.79,28.0
2026-04-23T21:58:43Z,232,27.0,17.0,28.0,21.3,33.2,21.619,36.489,28.0
2026-04-23T22:03:42Z,232,28.0,19.0,28.0,21.3,33.2,21.603,36.95,28.0
2026-04-23T22:08:42Z,232,24.0,10.0,24.0,21.4,33.1,21.542,37.143,28.0
2026-04-23T22:13:43Z,232,24.0,13.0,26.0,21.5,33.1,21.478,37.429,28.0
2026-04-23T22:18:43Z,232,24.0,12.0,26.0,21.4,33.2,21.406,37.809,28.0
2026-04-23T22:23:43Z,232,24.0,12.0,25.0,21.4,33.2,21.352,38.11,28.0
2026-04-23T22:28:42Z,232,26.0,17.0,27.0,21.4,33.3,21.243,38.415,28.0
2026-04-23T22:33:43Z,232,26.0,17.0,26.0,21.4,33.4,21.203,38.72,28.0
2026-04-23T22:38:43Z,232,27.0,17.0,27.0,21.3,33.4,20.973,39.083,28.0
2026-04-23T22:43:43Z,232,25.0,15.0,25.0,21.3,33.2,20.925,39.321,28.0
2026-04-23T22:48:43Z,232,32.0,19.0,35.0,21.2,33.5,20.834,39.581,28.0
2026-04-23T22:53:43Z,232,27.0,16.0,27.0,21.1,33.7,20.746,39.836,28.0
2026-04-23T22:58:43Z,232,27.0,15.0,28.0,21.1,33.9,20.669,39.962,28.0
2026-04-23T23:03:43Z,232,28.0,15.0,28.0,21.0,34.1,20.418,40.412,28.0
2026-04-23T23:08:43Z,232,24.0,14.0,25.0,20.8,34.1,20.354,40.656,28.0
2026-04-23T23:13:43Z,232,26.0,12.0,27.0,20.8,34.1,20.225,40.859,28.0
2026-04-23T23:18:43Z,232,32.0,21.0,35.0,20.7,34.1,20.175,40.561,28.0
2026-04-23T23:23:43Z,232,26.0,18.0,29.0,20.6,34.4,20.055,41.011,28.0
2026-04-23T23:28:43Z,232,27.0,16.0,29.0,20.6,34.1,19.932,40.918,28.0
2026-04-23T23:33:43Z,232,27.0,16.0,27.0,20.5,34.4,19.942,41.108,28.0
2026-04-23T23:38:43Z,232,25.0,13.0,27.0,20.4,34.6,19.804,41.366,28.0
2026-04-23T23:43:43Z,232,29.0,18.0,30.0,20.3,34.8,19.689,41.919,28.0
2026-04-23T23:48:43Z,232,26.0,17.0,26.0,20.2,35.1,19.488,42.362,28.0
2026-04-23T23:53:43Z,232,24.0,12.0,24.0,20.1,35.0,19.323,42.207,28.0
2026-04-23T23:58:43Z,232,23.0,12.0,24.0,20.0,35.2,19.312,42.398,28.0
2026-04-24T00:03:43Z,232,25.0,12.0,25.0,19.9,35.3,19.2,42.398,28.0
2026-04-24T00:08:43Z,232,24.0,15.0,26.0,19.8,35.3,19.144,42.775,28.0
2026-04-24T00:13:43Z,232,26.0,15.0,27.0,19.7,35.7,18.89,43.744,28.0
2026-04-24T00:18:43Z,232,24.0,12.0,25.0,19.6,35.7,18.783,43.567,28.0
2026-04-24T00:23:43Z,232,27.0,18.0,29.0,19.5,35.9,18.799,43.588,28.0
2026-04-24T00:28:43Z,232,24.0,17.0,26.0,19.5,36.0,18.816,44.015,28.0
2026-04-24T00:33:43Z,232,25.0,12.0,25.0,19.4,36.4,18.535,44.526,28.0
2026-04-24T00:38:43Z,232,25.0,13.0,25.0,19.3,36.5,18.394,45.017,28.0
2026-04-24T00:43:43Z,232,22.0,11.0,24.0,19.2,36.7,18.255,45.74,28.0
2026-04-24T00:48:43Z,232,23.0,13.0,27.0,19.1,36.7,18.153,45.587,28.0
2026-04-24T00:53:43Z,232,24.0,14.0,25.0,19.0,37.0,18.084,46.071,28.0
2026-04-24T00:58:43Z,232,24.0,14.0,25.0,18.9,36.8,17.969,46.121,28.0
2026-04-24T01:03:43Z,232,24.0,12.0,26.0,18.9,37.0,17.916,45.36,28.0
2026-04-24T01:08:43Z,232,24.0,12.0,25.0,18.8,36.6,17.833,45.226,28.0
2026-04-24T01:13:43Z,232,22.0,9.0,23.0,18.7,36.9,17.836,45.429,28.0
2026-04-24T01:18:43Z,232,24.0,14.0,25.0,18.7,36.8,17.734,45.675,28.0
2026-04-24T01:23:43Z,232,25.0,15.0,25.0,18.6,37.1,17.705,45.749,28.0
2026-04-24T01:28:43Z,232,25.0,13.0,27.0,18.6,37.2,17.59,46.071,28.0
2026-04-24T01:33:43Z,232,24.0,12.0,24.0,18.5,37.1,17.507,45.234,28.0
2026-04-24T01:38:43Z,232,22.0,12.0,23.0,18.4,37.0,17.366,45.78,28.0
2026-04-24T01:43:43Z,232,17.0,10.0,18.0,18.3,36.6,17.213,44.786,28.0
2026-04-24T01:48:43Z,232,17.0,7.0,19.0,18.2,36.7,17.205,44.441,28.0
2026-04-24T01:53:43Z,232,18.0,8.0,19.0,18.1,36.5,17.176,44.597,28.0
2026-04-24T01:58:43Z,232,18.0,8.0,19.0,18.1,36.6,17.235,44.41,28.0
2026-04-24T02:03:43Z,232,12.0,4.0,14.0,18.1,36.5,17.243,44.189,28.0
2026-04-24T02:08:43Z,232,18.0,8.0,19.0,18.0,36.7,17.187,44.595,28.0
2026-04-24T02:13:45Z,232,18.0,7.0,18.0,18.0,36.7,17.088,44.814,28.0
2026-04-24T02:18:43Z,232,20.0,8.0,20.0,18.0,37.0,17.093,45.049,28.0
2026-04-24T02:23:43Z,232,19.0,6.0,21.0,17.9,36.8,17.032,44.549,28.0
2026-04-24T02:28:43Z,232,19.0,10.0,19.0,17.9,36.7,17.013,44.614,28.0
2026-04-24T02:33:43Z,232,19.0,8.0,19.0,18.0,36.8,17.037,44.977,28.0
2026-04-24T02:38:43Z,232,22.0,10.0,22.0,17.9,36.9,17.013,44.969,28.0
2026-04-24T02:43:43Z,232,24.0,11.0,25.0,17.9,37.2,16.92,45.551,28.0
2026-04-24T02:48:43Z,232,22.0,8.0,23.0,17.9,37.4,16.81,46.396,28.0
2026-04-24T02:53:43Z,232,19.0,8.0,22.0,17.8,37.4,16.872,46.218,28.0
2026-04-24T02:58:43Z,232,19.0,8.0,22.0,17.8,36.9,16.733,44.872,28.0
2026-04-24T03:03:43Z,232,20.0,9.0,22.0,17.8,37.1,16.743,44.805,28.0
2026-04-24T03:08:43Z,232,22.0,11.0,23.0,17.8,36.8,16.685,44.593,28.0
2026-04-24T03:13:43Z,232,26.0,15.0,27.0,17.7,37.2,16.564,45.799,28.0
2026-04-24T03:18:43Z,232,25.0,14.0,26.0,17.7,37.3,16.46,46.281,28.0
2026-04-24T03:23:43Z,232,21.0,10.0,22.0,17.6,37.4,16.367,46.701,28.0
2026-04-24T03:28:43Z,232,21.0,10.0,21.0,17.5,37.6,16.356,46.502,28.0
2026-04-24T03:33:43Z,232,20.0,11.0,22.0,17.5,37.3,16.289,46.409,28.0
2026-04-24T03:38:43Z,232,19.0,8.0,19.0,17.4,37.3,16.324,45.677,28.0
2026-04-24T03:43:43Z,232,23.0,12.0,24.0,17.4,37.2,16.436,45.471,28.0
2026-04-24T03:48:43Z,232,21.0,10.0,21.0,17.4,37.4,16.46,45.736,28.0
2026-04-24T03:53:43Z,232,22.0,8.0,22.0,17.4,37.6,16.434,45.801,28.0
2026-04-24T03:58:43Z,232,23.0,8.0,23.0,17.4,37.5,16.359,45.942,28.0
2026-04-24T04:03:43Z,232,21.0,7.0,22.0,17.4,37.6,16.364,46.148,28.0
2026-04-24T04:08:43Z,232,21.0,8.0,23.0,17.4,38.0,16.303,46.842,28.0
2026-04-24T04:13:43Z,232,22.0,9.0,22.0,17.3,38.0,16.159,47.052,28.0
2026-04-24T04:18:43Z,232,23.0,9.0,24.0,17.2,38.3,16.14,47.41,28.0
2026-04-24T04:23:43Z,232,19.0,11.0,24.0,17.2,38.2,16.078,47.172,28.0
2026-04-24T04:28:43Z,232,22.0,9.0,23.0,17.2,38.4,16.054,47.824,28.0
2026-04-24T04:33:44Z,232,23.0,12.0,23.0,17.2,38.4,16.081,47.414,28.0
2026-04-24T04:38:43Z,232,21.0,11.0,22.0,17.1,38.9,15.892,48.316,28.0
2026-04-24T04:43:43Z,232,23.0,9.0,23.0,17.1,38.5,15.878,47.485,28.0
2026-04-24T04:48:43Z,232,19.0,9.0,20.0,17.0,38.2,15.945,46.728,28.0
2026-04-24T04:53:43Z,232,19.0,8.0,22.0,17.0,38.0,15.953,46.48,28.0
2026-04-24T04:58:44Z,232,22.0,8.0,22.0,17.0,37.9,15.9,46.466,28.0
2026-04-24T05:03:43Z,232,19.0,8.0,19.0,17.0,37.9,15.966,46.445,28.0
2026-04-24T05:08:43Z,232,19.0,8.0,20.0,17.0,38.5,15.846,47.799,28.0
2026-04-24T05:13:43Z,232,21.0,10.0,21.0,17.0,39.1,15.753,48.936,28.0
2026-04-24T05:18:43Z,232,21.0,8.0,23.0,16.9,39.3,15.494,49.756,28.0
2026-04-24T05:23:43Z,232,21.0,10.0,22.0,16.8,39.1,15.494,48.898,28.0
2026-04-24T05:28:43Z,232,18.0,8.0,18.0,16.8,39.2,15.544,48.679,28.0
2026-04-24T05:33:43Z,232,20.0,9.0,23.0,16.7,39.2,15.446,48.994,28.0
2026-04-24T05:38:44Z,232,18.0,8.0,18.0,16.7,39.2,15.411,49.112,28.0
2026-04-24T05:43:43Z,232,21.0,6.0,21.0,16.7,39.0,15.43,48.467,28.0
2026-04-24T05:48:44Z,232,23.0,13.0,24.0,16.7,38.9,15.43,48.147,28.0
2026-04-24T05:53:44Z,232,23.0,8.0,23.0,16.6,39.1,15.261,49.098,28.0
2026-04-24T05:58:43Z,232,21.0,8.0,21.0,16.6,39.3,15.205,49.125,28.0
2026-04-24T06:03:43Z,232,20.0,9.0,24.0,16.5,39.4,15.058,49.343,28.0
2026-04-24T06:08:44Z,232,23.0,10.0,24.0,16.4,39.3,15.163,49.007,28.0
2026-04-24T06:13:44Z,232,22.0,8.0,23.0,16.4,39.3,15.072,49.179,28.0
2026-04-24T06:18:44Z,232,23.0,8.0,23.0,16.4,39.3,15.106,48.789,28.0
2026-04-24T06:23:44Z,232,22.0,10.0,24.0,16.3,39.4,15.066,48.99,28.0
2026-04-24T06:28:44Z,232,22.0,8.0,22.0,16.3,39.3,15.016,49.198,28.0
2026-04-24T06:33:44Z,232,23.0,11.0,23.0,16.3,39.5,15.056,49.125,28.0
2026-04-24T06:38:44Z,232,26.0,14.0,28.0,16.3,39.2,15.077,48.412,28.0
2026-04-24T06:43:44Z,232,23.0,13.0,25.0,16.3,39.2,15.08,48.52,28.0
2026-04-24T06:48:44Z,232,23.0,11.0,24.0,16.3,39.1,15.013,48.351,28.0
2026-04-24T06:53:44Z,232,24.0,10.0,24.0,16.3,39.1,15.016,48.303,28.0
2026-04-24T06:58:44Z,232,25.0,9.0,25.0,16.3,38.9,15.008,48.065,28.0
2026-04-24T07:03:44Z,232,24.0,12.0,25.0,16.2,38.8,14.762,48.124,28.0
2026-04-24T07:08:44Z,232,25.0,12.0,26.0,16.1,38.7,14.722,47.811,28.0
2026-04-24T07:13:44Z,232,27.0,11.0,27.0,16.1,38.8,14.767,47.729,28.0
2026-04-24T07:18:44Z,232,25.0,12.0,25.0,16.1,38.9,14.69,48.265,28.0
2026-04-24T07:23:44Z,232,26.0,14.0,28.0,16.0,38.6,14.698,47.847,28.0
2026-04-24T07:28:44Z,232,24.0,12.0,26.0,16.0,38.5,14.57,47.74,28.0
2026-04-24T07:33:44Z,232,26.0,14.0,26.0,15.9,38.8,14.54,48.143,28.0
2026-04-24T07:38:44Z,232,24.0,12.0,24.0,15.9,38.9,14.548,48.438,28.0
2026-04-24T07:43:44Z,232,25.0,11.0,26.0,15.9,38.8,14.476,48.143,28.0
2026-04-24T07:48:44Z,232,24.0,12.0,25.0,15.9,38.5,14.49,47.25,28.0
2026-04-24T07:53:44Z,232,24.0,12.0,26.0,15.8,38.2,14.287,47.347,28.0
2026-04-24T07:58:44Z,232,23.0,12.0,24.0,15.7,38.0,14.412,46.773,28.0
2026-04-24T08:03:44Z,232,23.0,11.0,23.0,15.7,38.0,14.436,46.308,28.0
2026-04-24T08:08:44Z,232,22.0,10.0,22.0,15.8,38.1,14.583,46.613,28.0
2026-04-24T08:13:44Z,232,23.0,8.0,23.0,15.8,38.3,14.554,47.235,28.0
2026-04-24T08:18:44Z,232,24.0,11.0,24.0,15.8,38.4,14.634,47.405,28.0
2026-04-24T08:23:44Z,232,22.0,11.0,23.0,15.8,38.5,14.674,47.582,28.0
2026-04-24T08:28:44Z,232,19.0,8.0,19.0,15.9,38.8,14.548,47.62,28.0
2026-04-24T08:33:44Z,232,22.0,8.0,23.0,15.8,38.6,14.444,47.78,28.0
2026-04-24T08:38:44Z,232,23.0,11.0,26.0,15.8,38.3,14.377,47.674,28.0
2026-04-24T08:43:44Z,232,24.0,11.0,24.0,15.8,38.8,14.308,48.137,28.0
2026-04-24T08:48:44Z,232,24.0,10.0,24.0,15.7,38.9,14.241,48.526,28.0
2026-04-24T08:53:44Z,232,21.0,12.0,23.0,15.7,38.5,14.255,47.759,28.0
2026-04-24T08:58:44Z,232,24.0,11.0,25.0,15.6,38.8,14.215,48.2,28.0
2026-04-24T09:03:44Z,232,23.0,12.0,24.0,15.6,39.2,14.174,48.807,28.0
2026-04-24T09:08:44Z,232,24.0,13.0,26.0,15.6,39.2,14.078,48.589,28.0
2026-04-24T09:13:44Z,232,25.0,14.0,26.0,15.5,39.1,14.182,48.454,28.0
2026-04-24T09:18:44Z,232,25.0,13.0,26.0,15.5,39.1,14.132,48.32,28.0
2026-04-24T09:23:45Z,232,26.0,11.0,26.0,15.5,39.1,14.172,48.337,28.0
2026-04-24T09:28:44Z,232,23.0,12.0,24.0,15.5,39.1,14.057,48.545,28.0
2026-04-24T09:33:44Z,232,24.0,14.0,24.0,15.5,39.5,14.1,48.969,28.0
2026-04-24T09:38:46Z,232,22.0,10.0,22.0,15.4,39.8,14.134,49.623,28.0
2026-04-24T09:43:44Z,232,22.0,14.0,22.0,15.4,39.8,14.041,49.779,28.0
2026-04-24T09:48:44Z,232,23.0,11.0,23.0,15.5,39.9,14.057,49.533,28.0
2026-04-24T09:53:44Z,232,23.0,10.0,25.0,15.4,39.6,14.001,49.453,28.0
2026-04-24T09:58:44Z,232,19.0,8.0,20.0,15.4,39.3,14.073,47.765,28.0
2026-04-24T10:03:44Z,232,20.0,9.0,20.0,15.4,38.8,14.017,47.782,28.0
2026-04-24T10:08:44Z,232,22.0,8.0,22.0,15.4,39.0,13.945,48.215,28.0
2026-04-24T10:13:44Z,232,16.0,7.0,19.0,15.4,38.6,14.009,46.924,28.0
2026-04-24T10:18:44Z,232,14.0,6.0,16.0,15.3,37.6,13.974,45.728,28.0
2026-04-24T10:23:44Z,232,17.0,6.0,18.0,15.3,37.6,13.843,45.959,28.0
2026-04-24T10:28:44Z,232,14.0,7.0,17.0,15.3,37.7,13.948,46.394,28.0
2026-04-24T10:33:44Z,232,18.0,9.0,22.0,15.3,38.4,13.902,47.527,28.0
2026-04-24T10:38:44Z,232,19.0,7.0,21.0,15.3,39.0,13.769,48.919,28.0
2026-04-24T10:43:44Z,232,22.0,8.0,24.0,15.3,39.2,13.793,48.929,28.0
2026-04-24T10:48:44Z,232,24.0,11.0,24.0,15.3,39.2,13.79,49.293,28.0
2026-04-24T10:53:44Z,232,22.0,9.0,24.0,15.2,39.6,13.782,49.858,28.0
2026-04-24T10:58:44Z,232,21.0,10.0,21.0,15.3,39.9,13.678,50.312,28.0
2026-04-24T11:03:44Z,232,20.0,9.0,23.0,15.2,39.4,13.715,48.929,28.0
2026-04-24T11:08:44Z,232,21.0,8.0,22.0,15.2,39.3,13.68,48.868,28.0
2026-04-24T11:13:47Z,232,18.0,7.0,20.0,15.2,39.5,13.667,49.257,28.0
2026-04-24T11:18:44Z,232,23.0,9.0,24.0,15.2,39.7,13.718,49.545,28.0
2026-04-24T11:23:44Z,232,18.0,8.0,21.0,15.1,39.2,13.705,48.332,28.0
2026-04-24T11:28:44Z,232,20.0,9.0,24.0,15.1,39.4,13.729,48.778,28.0
2026-04-24T11:33:44Z,232,20.0,9.0,24.0,15.1,39.8,13.705,49.434,28.0
2026-04-24T11:38:44Z,232,18.0,10.0,18.0,15.1,39.7,13.761,49.373,28.0
2026-04-24T11:43:45Z,232,19.0,8.0,19.0,15.1,39.8,13.667,49.257,28.0
2026-04-24T11:48:44Z,232,18.0,7.0,19.0,15.1,39.4,13.705,48.377,28.0
2026-04-24T11:53:45Z,232,17.0,4.0,18.0,15.1,39.0,13.769,47.754,28.0
2026-04-24T11:58:44Z,232,22.0,8.0,22.0,15.1,39.0,13.742,47.767,28.0
2026-04-24T12:03:44Z,232,13.0,4.0,13.0,15.2,38.7,13.795,46.682,28.0
2026-04-24T12:08:44Z,232,10.0,6.0,12.0,15.2,38.0,13.801,45.629,28.0
2026-04-24T12:13:45Z,232,11.0,6.0,13.0,15.2,37.8,13.857,45.993,28.0
2026-04-24T12:18:45Z,232,6.0,4.0,8.0,15.2,36.9,13.998,42.882,28.0
2026-04-24T12:23:44Z,232,8.0,3.0,8.0,15.3,36.4,14.124,42.566,28.0
2026-04-24T12:28:45Z,232,7.0,3.0,7.0,15.3,36.6,14.126,43.51,28.0
2026-04-24T12:33:45Z,232,8.0,4.0,11.0,15.4,36.8,14.228,44.204,28.0
2026-04-24T12:38:45Z,232,12.0,6.0,12.0,15.4,36.9,14.369,44.401,28.0
2026-04-24T12:43:45Z,232,9.0,6.0,11.0,15.5,36.9,14.474,44.309,28.0
2026-04-24T12:48:45Z,232,12.0,5.0,15.0,15.6,37.5,14.604,45.493,28.0
2026-04-24T12:53:45Z,232,18.0,6.0,18.0,15.7,37.9,14.767,45.904,28.0
2026-04-24T12:58:45Z,232,18.0,6.0,18.0,15.8,37.6,14.869,45.381,28.0
2026-04-24T13:03:45Z,232,17.0,5.0,18.0,15.9,37.3,14.962,44.679,28.0
2026-04-24T13:08:45Z,232,15.0,6.0,16.0,15.9,37.1,15.163,43.996,28.0
2026-04-24T13:13:45Z,232,9.0,6.0,12.0,16.0,36.8,15.315,43.63,28.0
2026-04-24T13:18:45Z,232,17.0,6.0,18.0,16.2,36.8,15.478,42.993,28.0
2026-04-24T13:23:45Z,232,14.0,5.0,15.0,16.3,36.7,15.734,43.187,28.0
2026-04-24T14:40:24Z,232,12.0,2.0,12.0,14.6,42.9,20.466,36.924,31.0
2026-04-24T14:44:55Z,232,21.0,7.0,21.0,17.2,40.7,21.398,34.799,31.0
2026-04-24T14:49:55Z,232,19.0,7.0,19.0,18.6,38.0,22.095,33.117,31.0
2026-04-24T14:54:55Z,232,19.0,7.0,19.0,19.9,36.3,22.418,32.268,31.0
2026-04-24T14:59:55Z,232,17.0,7.0,20.0,21.1,35.2,23.654,31.2,31.0
2026-04-24T15:04:55Z,232,22.0,8.0,24.0,22.4,35.1,24.298,30.278,31.0
2026-04-24T15:09:55Z,232,18.0,7.0,21.0,23.5,33.3,24.578,30.706,31.0
2026-04-24T15:14:55Z,232,19.0,7.0,22.0,24.7,35.9,25.574,30.313,31.0
2026-04-24T15:19:55Z,232,20.0,9.0,20.0,25.7,31.8,25.919,29.346,31.0
2026-04-24T15:24:55Z,232,22.0,8.0,22.0,26.5,30.7,26.375,27.968,31.0
2026-04-24T15:29:55Z,232,22.0,8.0,23.0,27.3,29.5,26.869,26.65,31.0
2026-04-24T15:34:55Z,232,22.0,8.0,24.0,27.9,28.9,27.454,26.111,31.0
2026-04-24T15:39:55Z,232,21.0,8.0,23.0,28.5,28.2,27.259,26.288,31.0
2026-04-24T15:44:55Z,232,25.0,11.0,26.0,29.0,27.6,27.454,25.992,31.0
2026-04-24T15:49:55Z,232,27.0,13.0,29.0,29.4,27.4,27.585,26.721,31.0
2026-04-24T15:54:55Z,232,25.0,13.0,27.0,29.8,27.2,27.427,27.162,31.0
2026-04-24T15:59:55Z,232,27.0,18.0,29.0,30.2,27.2,27.857,27.324,31.0
2026-04-24T16:04:56Z,232,32.0,20.0,34.0,30.4,26.3,27.387,27.694,31.0
2026-04-24T16:09:56Z,232,33.0,21.0,37.0,30.5,26.1,27.478,27.654,31.0
2026-04-24T16:14:56Z,232,34.0,22.0,39.0,30.6,26.2,27.823,27.742,31.0
2026-04-24T16:19:56Z,232,35.0,23.0,44.0,30.7,26.1,28.074,28.205,31.0
2026-04-24T16:24:56Z,232,40.0,26.0,48.0,30.7,25.7,27.628,27.728,31.0
2026-04-24T16:29:56Z,232,38.0,26.0,46.0,30.7,25.9,27.353,28.464,31.0
2026-04-24T16:34:56Z,232,40.0,26.0,48.0,30.6,25.6,27.264,28.281,31.0
2026-04-24T16:39:56Z,232,39.0,27.0,47.0,30.5,25.5,26.701,28.979,31.0
2026-04-24T16:44:56Z,232,37.0,24.0,44.0,30.4,26.0,27.232,28.619,31.0
2026-04-24T16:49:56Z,232,43.0,29.0,51.0,30.3,25.6,26.754,28.966,31.0
2026-04-24T16:54:56Z,232,41.0,27.0,49.0,30.1,25.6,26.517,29.647,31.0
2026-04-24T16:59:56Z,232,42.0,28.0,51.0,29.8,25.7,26.391,29.731,31.0
2026-04-24T17:05:11Z,232,41.0,28.0,49.0,29.5,26.2,25.844,30.9,31.0
2026-04-24T17:09:56Z,232,40.0,27.0,48.0,29.1,26.1,25.63,30.77,31.0
2026-04-24T17:14:56Z,232,41.0,28.0,49.0,28.7,26.3,25.246,31.751,31.0
2026-04-24T17:19:56Z,232,41.0,27.0,49.0,28.3,26.2,25.093,31.461,31.0
2026-04-24T17:24:56Z,232,42.0,27.0,50.0,27.9,26.4,25.005,32.045,31.0
2026-04-24T17:29:56Z,232,42.0,28.0,50.0,27.5,26.8,24.461,33.176,31.0
2026-04-24T17:34:56Z,232,41.0,27.0,49.0,27.0,26.8,24.38,32.817,31.0
2026-04-24T17:39:56Z,232,43.0,28.0,52.0,26.6,27.1,24.34,33.231,31.0
2026-04-24T17:44:56Z,232,44.0,28.0,53.0,26.2,27.5,23.809,34.312,31.0
2026-04-24T17:49:56Z,232,43.0,28.0,52.0,25.8,27.7,23.641,34.787,31.0
2026-04-24T17:54:56Z,232,47.0,30.0,57.0,25.5,28.0,23.499,34.948,31.0
2026-04-24T17:59:56Z,232,45.0,29.0,54.0,25.1,28.3,23.4,34.888,31.0
2026-04-24T18:04:56Z,232,47.0,30.0,58.0,24.8,28.5,23.211,35.007,31.0
2026-04-24T18:09:56Z,232,49.0,30.0,61.0,24.5,28.8,23.019,35.743,31.0
2026-04-24T18:14:56Z,232,48.0,31.0,60.0,24.2,29.0,22.955,35.705,31.0
2026-04-24T18:19:56Z,232,48.0,30.0,59.0,24.0,29.1,22.826,35.861,31.0
2026-04-24T18:24:56Z,232,48.0,31.0,60.0,23.8,29.3,22.706,35.976,31.0
2026-04-24T18:29:56Z,232,44.0,28.0,53.0,23.6,29.4,22.618,36.229,31.0
2026-04-24T18:34:56Z,232,42.0,27.0,52.0,23.5,29.6,22.567,36.269,31.0
2026-04-24T18:39:56Z,232,41.0,27.0,49.0,23.4,29.7,22.511,35.793,31.0
2026-04-24T18:44:56Z,232,41.0,27.0,50.0,23.2,29.7,22.396,36.006,31.0
2026-04-24T18:49:56Z,232,39.0,25.0,47.0,23.1,29.8,22.151,36.35,31.0
2026-04-24T18:54:56Z,232,39.0,25.0,46.0,22.9,29.7,21.916,36.197,31.0
2026-04-24T18:59:56Z,232,39.0,25.0,46.0,22.9,29.9,22.044,36.319,31.0
2026-04-24T19:04:56Z,232,40.0,25.0,48.0,22.8,30.4,22.172,36.681,31.0
2026-04-24T19:09:56Z,232,36.0,22.0,44.0,22.7,30.3,22.21,36.426,31.0
2026-04-24T19:14:56Z,232,37.0,24.0,45.0,22.7,30.3,22.193,36.344,31.0
2026-04-24T19:19:56Z,232,39.0,24.0,49.0,22.6,30.3,22.111,36.348,31.0
2026-04-24T19:24:56Z,232,36.0,21.0,42.0,22.6,30.1,21.956,35.56,31.0
2026-04-24T19:29:56Z,232,37.0,23.0,42.0,22.5,30.2,22.079,36.302,31.0
2026-04-24T19:34:56Z,232,33.0,22.0,38.0,22.5,30.2,21.993,35.848,31.0
2026-04-24T19:39:56Z,232,32.0,22.0,37.0,22.4,30.0,21.881,35.411,31.0
2026-04-24T19:44:56Z,232,34.0,22.0,38.0,22.4,30.2,21.865,35.783,31.0
2026-04-24T19:49:56Z,232,31.0,21.0,37.0,22.4,29.8,21.841,35.167,31.0
2026-04-24T19:54:56Z,232,30.0,20.0,31.0,22.3,29.8,21.774,34.639,31.0
2026-04-24T19:59:56Z,232,30.0,20.0,33.0,22.3,29.4,21.822,33.563,31.0
2026-04-24T20:04:56Z,232,25.0,19.0,29.0,22.2,28.6,21.793,31.795,31.0
2026-04-24T20:09:56Z,232,23.0,15.0,26.0,22.2,28.0,21.606,30.809,31.0
2026-04-24T20:14:56Z,232,22.0,8.0,23.0,22.1,28.2,21.566,31.966,31.0
2026-04-24T20:19:57Z,232,23.0,11.0,23.0,22.1,28.2,21.542,31.867,31.0
2026-04-24T20:24:57Z,232,23.0,12.0,23.0,22.0,28.0,21.497,30.81,31.0
2026-04-24T20:29:57Z,232,26.0,14.0,26.0,22.0,28.1,21.371,31.432,31.0
2026-04-24T20:34:57Z,232,21.0,10.0,21.0,21.9,28.3,21.339,31.724,31.0
2026-04-24T20:39:57Z,232,22.0,13.0,24.0,21.9,28.2,21.283,31.726,31.0
2026-04-24T20:44:56Z,232,22.0,11.0,24.0,21.8,28.3,21.163,32.533,31.0
2026-04-24T20:49:57Z,232,18.0,8.0,21.0,21.7,28.3,21.0,31.76,31.0
2026-04-24T20:54:57Z,232,20.0,9.0,23.0,21.7,28.0,20.912,31.377,31.0
2026-04-24T20:59:56Z,232,22.0,11.0,23.0,21.6,28.2,20.914,31.848,31.0
2026-04-24T21:04:57Z,232,22.0,11.0,23.0,21.5,28.3,20.872,32.748,31.0
2026-04-24T21:09:57Z,232,23.0,12.0,24.0,21.5,28.5,20.687,33.12,31.0
2026-04-24T21:14:57Z,232,23.0,12.0,23.0,21.4,28.7,20.701,33.218,31.0
2026-04-24T21:19:57Z,232,25.0,14.0,25.0,21.3,28.6,20.65,33.326,31.0
2026-04-24T21:24:57Z,232,23.0,11.0,24.0,21.3,28.5,20.546,33.359,31.0
2026-04-24T21:29:57Z,232,23.0,9.0,23.0,21.2,28.6,20.38,33.662,31.0
2026-04-24T21:34:57Z,232,21.0,8.0,21.0,21.2,28.7,20.292,33.996,31.0
2026-04-24T21:39:57Z,232,22.0,11.0,22.0,21.1,29.2,20.183,34.816,31.0
2026-04-24T21:44:57Z,232,21.0,11.0,21.0,21.0,29.3,20.004,35.434,31.0
2026-04-24T21:49:57Z,232,25.0,13.0,25.0,20.9,30.0,19.937,37.784,31.0
2026-04-24T21:54:57Z,232,26.0,16.0,27.0,20.9,30.9,19.833,39.294,31.0
2026-04-24T21:59:56Z,232,51.0,35.0,63.0,20.8,31.4,19.686,40.717,31.0
2026-04-24T22:04:57Z,232,24.0,16.0,25.0,20.7,31.7,19.59,41.206,31.0
2026-04-24T22:09:57Z,232,28.0,18.0,29.0,20.6,32.3,19.374,42.022,31.0
2026-04-24T22:14:57Z,232,30.0,20.0,33.0,20.5,32.5,19.221,42.661,31.0
2026-04-24T22:19:57Z,232,30.0,19.0,31.0,20.4,32.8,19.101,43.226,31.0
2026-04-24T22:24:57Z,232,28.0,19.0,29.0,20.3,33.2,19.026,43.58,31.0
2026-04-24T22:29:57Z,232,26.0,18.0,28.0,20.1,33.3,18.821,44.061,31.0
2026-04-24T22:34:57Z,232,27.0,18.0,28.0,20.1,33.6,18.717,44.395,31.0
2026-04-24T22:39:56Z,232,32.0,20.0,34.0,19.9,33.7,18.666,44.511,31.0
2026-04-24T22:44:57Z,232,29.0,19.0,29.0,19.8,34.0,18.583,44.706,31.0
2026-04-24T22:49:57Z,232,28.0,19.0,28.0,19.7,34.4,18.498,45.049,31.0
2026-04-24T22:54:57Z,232,25.0,17.0,27.0,19.6,34.4,18.207,45.837,31.0
2026-04-24T22:59:56Z,232,26.0,17.0,26.0,19.5,34.8,18.044,46.279,31.0
2026-04-24T23:04:57Z,232,27.0,19.0,28.0,19.3,35.0,17.86,46.897,31.0
2026-04-24T23:09:57Z,232,26.0,17.0,27.0,19.3,35.2,17.83,46.882,31.0
2026-04-24T23:14:57Z,232,25.0,14.0,27.0,19.2,35.1,17.819,46.548,31.0
2026-04-24T23:19:57Z,232,28.0,19.0,29.0,19.1,35.3,17.683,47.147,31.0
2026-04-24T23:24:57Z,232,39.0,26.0,47.0,19.0,35.6,17.515,48.152,31.0
2026-04-24T23:29:57Z,232,34.0,23.0,40.0,18.9,35.8,17.309,48.631,31.0
2026-04-24T23:34:57Z,232,31.0,21.0,32.0,18.8,35.9,17.264,48.631,31.0
2026-04-24T23:39:57Z,232,32.0,22.0,37.0,18.7,35.9,17.088,48.646,31.0
2026-04-24T23:44:57Z,232,49.0,32.0,60.0,18.7,36.0,17.096,48.278,31.0
2026-04-24T23:49:57Z,232,30.0,22.0,31.0,18.6,36.1,17.072,47.866,31.0
2026-04-24T23:54:57Z,232,28.0,21.0,29.0,18.5,36.1,16.759,48.656,31.0
2026-04-24T23:59:57Z,232,25.0,17.0,26.0,18.4,36.1,16.773,47.798,31.0
2026-04-25T00:04:57Z,232,25.0,16.0,26.0,18.3,36.0,16.516,48.498,31.0
2026-04-25T00:09:57Z,232,28.0,18.0,28.0,18.2,36.4,16.391,49.047,31.0
2026-04-25T00:14:57Z,232,32.0,21.0,36.0,18.1,36.6,16.249,50.018,31.0
2026-04-25T00:19:57Z,232,29.0,21.0,29.0,18.0,36.7,16.204,50.022,31.0
2026-04-25T00:24:57Z,232,28.0,19.0,30.0,17.9,36.8,16.303,49.718,31.0
2026-04-25T00:29:57Z,232,27.0,19.0,29.0,17.8,37.2,16.052,50.203,31.0
2026-04-25T00:34:57Z,232,29.0,20.0,31.0,17.7,37.2,15.99,50.58,31.0
2026-04-25T00:39:57Z,232,28.0,19.0,28.0,17.7,37.3,15.83,50.586,31.0
2026-04-25T00:44:57Z,232,27.0,19.0,28.0,17.6,37.5,15.721,50.773,31.0
2026-04-25T00:49:57Z,232,25.0,17.0,26.0,17.5,37.4,15.729,50.298,31.0
2026-04-25T00:54:57Z,232,29.0,21.0,32.0,17.5,37.3,15.686,49.865,31.0
2026-04-25T00:59:57Z,232,32.0,22.0,35.0,17.4,37.4,15.542,49.991,31.0
2026-04-25T01:04:57Z,232,32.0,22.0,36.0,17.3,37.4,15.44,50.079,31.0
2026-04-25T01:09:57Z,232,32.0,22.0,35.0,17.2,37.4,15.331,50.258,31.0
2026-04-25T01:14:57Z,232,32.0,23.0,35.0,17.2,37.4,15.365,49.837,31.0
2026-04-25T01:19:57Z,232,29.0,20.0,31.0,17.1,37.6,15.317,50.239,31.0
2026-04-25T01:24:57Z,232,28.0,20.0,28.0,17.0,37.6,15.259,50.476,31.0
2026-04-25T01:29:57Z,232,26.0,19.0,26.0,17.0,37.9,15.211,51.099,31.0
2026-04-25T01:34:57Z,232,30.0,20.0,31.0,16.9,38.2,15.117,51.679,31.0
2026-04-25T01:39:57Z,232,28.0,20.0,29.0,16.9,38.3,14.992,52.04,31.0
2026-04-25T01:44:57Z,232,28.0,19.0,28.0,16.8,37.7,14.981,50.743,31.0
2026-04-25T01:49:57Z,232,27.0,19.0,28.0,16.8,38.0,14.81,51.425,31.0
2026-04-25T01:54:57Z,232,27.0,21.0,29.0,16.7,38.2,14.647,52.339,31.0
2026-04-25T01:59:57Z,232,29.0,20.0,29.0,16.6,38.5,14.527,52.827,31.0
2026-04-25T02:04:57Z,232,30.0,19.0,30.0,16.6,38.6,14.583,52.694,31.0
2026-04-25T02:09:57Z,232,28.0,19.0,29.0,16.5,39.0,14.623,52.749,31.0
2026-04-25T02:14:57Z,232,30.0,20.0,30.0,16.5,38.9,14.639,52.196,31.0
2026-04-25T02:19:57Z,232,27.0,18.0,28.0,16.4,38.6,14.572,51.464,31.0
2026-04-25T02:24:57Z,232,28.0,20.0,28.0,16.4,38.2,14.639,51.065,31.0
2026-04-25T02:29:57Z,232,26.0,18.0,28.0,16.3,38.3,14.594,51.49,31.0
2026-04-25T02:34:57Z,232,26.0,18.0,28.0,16.3,38.5,14.591,51.225,31.0
2026-04-25T02:39:57Z,232,29.0,20.0,30.0,16.3,38.9,14.516,51.736,31.0
2026-04-25T02:44:57Z,232,29.0,20.0,29.0,16.2,38.7,14.466,51.874,31.0
2026-04-25T02:49:57Z,232,25.0,18.0,27.0,16.3,38.8,14.42,51.977,31.0
2026-04-25T02:54:58Z,232,28.0,19.0,28.0,16.2,39.0,14.519,52.108,31.0
2026-04-25T02:59:58Z,232,27.0,19.0,29.0,16.2,39.3,14.527,52.713,31.0
2026-04-25T03:04:58Z,232,27.0,19.0,27.0,16.2,39.2,14.412,52.423,31.0
2026-04-25T03:09:58Z,232,29.0,19.0,29.0,16.2,39.6,14.137,54.065,31.0
2026-04-25T03:14:58Z,232,26.0,19.0,27.0,16.1,39.5,14.207,53.464,31.0
2026-04-25T03:19:58Z,232,28.0,18.0,29.0,16.1,39.8,14.209,54.266,31.0
2026-04-25T03:24:58Z,232,28.0,19.0,31.0,16.0,40.1,14.068,54.687,31.0
2026-04-25T03:29:58Z,232,29.0,18.0,30.0,16.0,40.0,13.974,54.872,31.0
2026-04-25T03:34:58Z,232,28.0,19.0,29.0,15.9,40.0,14.073,54.288,31.0
2026-04-25T03:39:58Z,232,25.0,18.0,25.0,15.9,39.9,14.025,53.792,31.0
2026-04-25T03:44:58Z,232,27.0,20.0,27.0,15.8,40.1,13.825,54.55,31.0
2026-04-25T03:49:58Z,232,25.0,18.0,27.0,15.8,39.9,13.843,53.73,31.0
2026-04-25T03:54:58Z,232,30.0,18.0,31.0,15.8,39.7,13.942,53.064,31.0
2026-04-25T03:59:58Z,232,29.0,19.0,30.0,15.7,39.5,13.921,52.146,31.0
2026-04-25T04:04:58Z,232,28.0,19.0,30.0,15.7,39.0,13.972,50.767,31.0
2026-04-25T04:09:58Z,232,28.0,19.0,30.0,15.7,39.1,13.686,52.251,31.0
2026-04-25T04:14:58Z,232,27.0,19.0,30.0,15.7,38.8,13.795,50.273,31.0
2026-04-25T04:19:58Z,232,24.0,17.0,24.0,15.6,38.2,13.942,49.035,31.0
2026-04-25T04:24:58Z,232,27.0,19.0,28.0,15.6,38.1,13.91,49.367,31.0
2026-04-25T04:29:58Z,232,26.0,19.0,28.0,15.6,38.0,13.918,49.032,31.0
2026-04-25T04:34:58Z,232,25.0,16.0,26.0,15.6,37.5,13.958,47.716,31.0
2026-04-25T04:39:58Z,232,27.0,17.0,27.0,15.6,37.6,13.817,48.629,31.0
2026-04-25T04:44:58Z,232,29.0,16.0,30.0,15.6,37.7,13.734,48.816,31.0
2026-04-25T04:49:58Z,232,26.0,17.0,27.0,15.6,37.8,13.627,49.674,31.0
2026-04-25T04:54:58Z,232,27.0,18.0,27.0,15.5,37.8,13.614,49.627,31.0
2026-04-25T04:59:58Z,232,27.0,18.0,27.0,15.5,37.7,13.635,49.417,31.0
2026-04-25T05:04:58Z,232,27.0,18.0,27.0,15.5,38.0,13.638,49.985,31.0
2026-04-25T05:09:58Z,232,27.0,18.0,27.0,15.5,38.4,13.576,50.682,31.0
2026-04-25T05:14:58Z,232,27.0,16.0,28.0,15.5,38.6,13.651,50.92,31.0
2026-04-25T05:19:58Z,232,28.0,18.0,28.0,15.5,38.7,13.55,51.723,31.0
2026-04-25T05:24:58Z,232,27.0,19.0,28.0,15.5,39.0,13.651,51.506,31.0
2026-04-25T05:29:58Z,232,29.0,19.0,30.0,15.5,39.1,13.504,52.215,31.0
2026-04-25T05:34:58Z,232,27.0,19.0,28.0,15.4,39.2,13.299,52.948,31.0
2026-04-25T05:39:58Z,232,29.0,20.0,30.0,15.4,39.6,13.491,52.743,31.0
2026-04-25T05:44:58Z,232,30.0,21.0,34.0,15.4,39.6,13.534,52.94,31.0
2026-04-25T05:49:58Z,232,28.0,20.0,30.0,15.4,39.7,13.347,53.546,31.0
2026-04-25T05:54:58Z,232,29.0,21.0,30.0,15.3,39.7,13.339,52.877,31.0
2026-04-25T05:59:58Z,232,26.0,19.0,28.0,15.3,39.7,13.309,52.713,31.0
2026-04-25T06:04:58Z,232,28.0,18.0,28.0,15.2,39.6,13.325,52.644,31.0
2026-04-25T06:09:58Z,232,30.0,20.0,35.0,15.3,39.8,13.352,53.636,31.0
2026-04-25T06:14:58Z,232,29.0,20.0,30.0,15.2,40.1,13.219,54.407,31.0
2026-04-25T06:19:58Z,232,28.0,19.0,30.0,15.2,40.3,13.018,54.878,31.0
2026-04-25T06:24:58Z,232,27.0,18.0,28.0,15.2,39.7,13.032,52.415,31.0
2026-04-25T06:29:58Z,232,26.0,18.0,28.0,15.1,39.4,13.085,51.607,31.0
2026-04-25T06:34:58Z,232,30.0,21.0,33.0,15.1,39.4,12.994,52.488,31.0
2026-04-25T06:39:58Z,232,28.0,20.0,29.0,15.1,39.7,12.978,53.117,31.0
2026-04-25T06:44:58Z,232,29.0,20.0,31.0,15.0,40.1,12.858,54.199,31.0
2026-04-25T06:49:58Z,232,29.0,20.0,30.0,15.0,40.3,12.914,53.962,31.0
2026-04-25T06:54:58Z,232,30.0,19.0,34.0,14.9,40.3,12.77,54.107,31.0
2026-04-25T06:59:58Z,232,28.0,20.0,29.0,14.9,39.9,12.839,53.613,31.0
2026-04-25T07:04:58Z,232,30.0,19.0,33.0,14.8,40.4,12.551,54.838,31.0
2026-04-25T07:09:58Z,232,29.0,19.0,30.0,14.8,40.0,12.287,54.145,31.0
2026-04-25T07:14:58Z,232,29.0,19.0,30.0,14.7,39.8,12.401,52.991,31.0
2026-04-25T07:19:58Z,232,27.0,17.0,27.0,14.7,39.9,12.535,52.961,31.0
2026-04-25T07:24:58Z,232,28.0,20.0,30.0,14.7,40.0,12.535,53.34,31.0
2026-04-25T07:29:58Z,232,26.0,20.0,27.0,14.6,39.7,12.487,52.824,31.0
2026-04-25T07:34:58Z,232,28.0,17.0,28.0,14.6,39.8,12.425,52.89,31.0
2026-04-25T07:39:58Z,232,27.0,17.0,27.0,14.6,39.7,12.303,53.419,31.0
2026-04-25T07:44:58Z,232,27.0,18.0,28.0,14.5,39.8,12.279,53.054,31.0
2026-04-25T07:49:58Z,232,28.0,17.0,29.0,14.5,39.4,12.481,52.179,31.0
2026-04-25T07:54:58Z,232,26.0,19.0,28.0,14.5,39.6,12.527,52.619,31.0
2026-04-25T07:59:58Z,232,29.0,19.0,29.0,14.5,39.8,12.433,52.639,31.0
2026-04-25T08:04:58Z,232,26.0,18.0,28.0,14.5,39.7,12.329,52.658,31.0
2026-04-25T08:09:59Z,232,28.0,19.0,28.0,14.5,39.5,12.252,52.875,31.0
2026-04-25T08:14:59Z,232,28.0,19.0,29.0,14.5,39.6,12.3,52.761,31.0
2026-04-25T08:19:59Z,232,27.0,19.0,29.0,14.4,39.9,11.961,54.445,31.0
2026-04-25T08:24:59Z,232,26.0,19.0,28.0,14.4,39.7,12.124,53.331,31.0
2026-04-25T08:29:59Z,232,27.0,18.0,28.0,14.4,39.6,12.206,52.587,31.0
2026-04-25T08:34:59Z,232,30.0,17.0,30.0,14.3,39.7,12.129,52.774,31.0
2026-04-25T08:39:59Z,232,26.0,17.0,28.0,14.4,39.7,12.201,52.976,31.0
2026-04-25T08:44:59Z,232,27.0,16.0,27.0,14.3,39.7,12.289,52.276,31.0
2026-04-25T08:49:59Z,232,26.0,15.0,26.0,14.3,39.1,12.23,50.409,31.0
2026-04-25T08:54:59Z,232,25.0,12.0,25.0,14.3,38.9,12.249,50.064,31.0
2026-04-25T08:59:59Z,232,24.0,13.0,26.0,14.3,38.8,11.947,51.195,31.0
2026-04-25T09:04:59Z,232,23.0,13.0,24.0,14.3,38.9,11.886,51.42,31.0
2026-04-25T09:09:59Z,232,25.0,12.0,26.0,14.2,38.9,11.686,51.918,31.0
2026-04-25T09:14:59Z,232,19.0,7.0,20.0,14.2,37.7,11.974,47.75,31.0
2026-04-25T09:19:58Z,232,22.0,9.0,22.0,14.2,37.5,11.881,48.149,31.0
2026-04-25T09:24:59Z,232,20.0,9.0,22.0,14.1,37.5,12.033,47.912,31.0
2026-04-25T09:29:58Z,232,19.0,8.0,20.0,14.2,37.5,11.918,48.103,31.0
2026-04-25T09:34:59Z,232,19.0,9.0,19.0,14.2,37.0,12.012,46.729,31.0
2026-04-25T09:39:59Z,232,17.0,7.0,19.0,14.2,36.9,12.102,47.103,31.0
2026-04-25T09:44:59Z,232,20.0,9.0,24.0,14.1,37.6,12.02,49.587,31.0
2026-04-25T09:49:59Z,232,20.0,11.0,23.0,14.2,38.4,11.947,51.435,31.0
2026-04-25T09:54:59Z,232,28.0,16.0,30.0,14.2,39.8,11.923,55.248,31.0
2026-04-25T09:59:59Z,232,28.0,20.0,28.0,14.1,40.1,11.825,55.109,31.0
2026-04-25T10:04:59Z,232,28.0,20.0,30.0,14.1,40.4,11.547,56.209,31.0
2026-04-25T10:09:58Z,232,32.0,20.0,35.0,14.0,40.7,11.619,56.461,31.0
2026-04-25T10:14:59Z,232,30.0,21.0,30.0,14.0,41.0,11.392,56.926,31.0
2026-04-25T10:19:59Z,232,27.0,16.0,27.0,13.9,40.4,11.25,55.236,31.0
2026-04-25T10:24:59Z,232,26.0,19.0,28.0,13.7,40.7,11.117,56.421,31.0
2026-04-25T10:29:59Z,232,31.0,20.0,31.0,13.6,41.0,10.874,57.138,31.0
2026-04-25T10:34:59Z,232,31.0,20.0,32.0,13.5,41.4,10.898,57.821,31.0
2026-04-25T10:39:59Z,232,26.0,20.0,28.0,13.5,40.8,11.058,55.839,31.0
2026-04-25T10:44:59Z,232,24.0,11.0,25.0,13.4,40.0,11.226,52.408,31.0
2026-04-25T10:49:59Z,232,25.0,15.0,26.0,13.4,40.0,11.296,52.776,31.0
2026-04-25T10:54:59Z,232,25.0,12.0,25.0,13.4,39.9,11.291,52.566,31.0
2026-04-25T10:59:59Z,232,25.0,12.0,27.0,13.5,39.8,11.117,53.081,31.0
2026-04-25T11:04:59Z,232,23.0,12.0,23.0,13.4,39.7,11.034,53.194,31.0
2026-04-25T11:09:58Z,232,23.0,12.0,23.0,13.4,39.7,10.791,53.503,31.0
2026-04-25T11:14:59Z,232,19.0,8.0,20.0,13.4,39.6,10.898,52.766,31.0
2026-04-25T11:19:59Z,232,24.0,9.0,26.0,13.3,40.0,10.855,53.892,31.0
2026-04-25T11:24:59Z,232,20.0,8.0,20.0,13.3,39.4,11.034,51.341,31.0
2026-04-25T11:29:58Z,232,20.0,9.0,22.0,13.4,38.8,11.24,50.004,31.0
2026-04-25T11:34:59Z,232,18.0,7.0,19.0,13.4,39.1,11.277,50.876,31.0
2026-04-25T11:39:59Z,232,22.0,9.0,22.0,13.4,38.9,11.349,50.115,31.0
2026-04-25T11:44:59Z,232,17.0,9.0,19.0,13.4,38.7,11.483,49.165,31.0
2026-04-25T11:49:59Z,232,20.0,9.0,22.0,13.5,38.5,11.526,49.421,31.0
2026-04-25T11:54:59Z,232,19.0,8.0,20.0,13.5,38.5,11.566,48.995,31.0
2026-04-25T11:59:59Z,232,20.0,8.0,22.0,13.5,38.2,11.627,48.532,31.0
2026-04-25T12:04:59Z,232,22.0,11.0,25.0,13.6,38.6,11.662,49.303,31.0
2026-04-25T12:09:59Z,232,25.0,17.0,25.0,13.7,39.2,11.766,52.227,31.0
2026-04-25T12:14:59Z,232,25.0,15.0,27.0,13.7,39.6,11.822,52.469,31.0
2026-04-25T12:19:59Z,232,25.0,16.0,27.0,13.8,39.4,11.913,51.237,31.0
2026-04-25T12:24:59Z,232,29.0,17.0,29.0,13.9,39.8,12.022,52.358,31.0
2026-04-25T12:29:59Z,232,26.0,16.0,26.0,14.0,40.1,12.249,52.305,31.0
2026-04-25T12:34:59Z,232,26.0,18.0,29.0,14.1,40.2,12.391,52.293,31.0
2026-04-25T12:39:59Z,232,30.0,21.0,30.0,14.2,40.7,12.473,53.428,31.0
2026-04-25T12:44:59Z,232,25.0,17.0,27.0,14.3,40.5,12.591,52.072,31.0
2026-04-25T12:49:59Z,232,29.0,17.0,30.0,14.4,40.2,12.775,51.65,31.0
2026-04-25T12:54:59Z,232,28.0,17.0,29.0,14.4,40.0,12.767,51.082,31.0
2026-04-25T12:59:59Z,232,27.0,17.0,29.0,14.5,39.6,12.959,50.17,31.0
2026-04-25T13:04:59Z,232,27.0,16.0,28.0,14.6,39.2,13.237,49.201,31.0
2026-04-25T13:09:59Z,232,26.0,17.0,27.0,14.8,39.6,14.249,47.063,31.0
2026-04-25T13:14:59Z,232,23.0,12.0,24.0,15.1,39.0,14.93,43.973,31.0
2026-04-25T13:19:59Z,232,23.0,12.0,24.0,15.7,38.7,16.14,41.742,31.0
2026-04-25T13:24:59Z,232,24.0,11.0,25.0,16.5,38.4,17.486,38.827,31.0
2026-04-25T13:29:59Z,232,26.0,12.0,26.0,17.4,37.7,18.239,36.762,31.0
2026-04-25T13:34:59Z,232,20.0,9.0,20.0,18.5,36.7,19.248,34.927,31.0
2026-04-25T13:39:59Z,232,23.0,10.0,24.0,19.5,35.8,19.494,33.971,31.0
2026-04-25T13:44:59Z,232,21.0,8.0,22.0,20.5,34.9,20.541,32.186,31.0
2026-04-25T13:49:59Z,232,20.0,8.0,20.0,21.5,33.8,21.312,30.671,31.0
2026-04-25T13:54:59Z,232,17.0,6.0,18.0,22.5,32.5,22.068,29.13,31.0
2026-04-25T13:59:59Z,232,21.0,10.0,23.0,23.3,31.9,22.453,29.754,31.0
2026-04-25T14:04:59Z,232,23.0,11.0,25.0,24.1,31.1,21.977,30.212,31.0
2026-04-25T14:09:59Z,232,35.0,19.0,43.0,24.8,30.6,22.712,29.508,31.0
2026-04-25T14:14:59Z,232,27.0,15.0,29.0,25.4,30.0,23.782,28.489,31.0
2026-04-25T14:20:00Z,232,47.0,23.0,63.0,26.0,29.9,23.804,29.571,31.0
2026-04-25T14:24:59Z,232,24.0,15.0,26.0,26.5,29.5,24.274,29.483,31.0
2026-04-25T14:29:59Z,232,26.0,14.0,28.0,26.9,28.9,24.322,28.798,31.0
2026-04-25T14:34:59Z,232,27.0,17.0,28.0,27.3,28.4,24.162,29.529,31.0
2026-04-25T14:39:59Z,232,26.0,14.0,27.0,27.7,28.1,24.883,28.751,31.0
2026-04-25T14:44:59Z,232,28.0,17.0,29.0,28.0,27.8,25.109,28.937,31.0
2026-04-25T14:49:59Z,232,27.0,17.0,29.0,28.2,27.8,25.652,28.674,31.0
2026-04-25T14:54:59Z,232,30.0,21.0,33.0,28.5,27.7,25.398,29.735,31.0
2026-04-25T14:59:59Z,232,32.0,21.0,35.0,28.8,27.4,25.064,30.08,31.0
2026-04-25T15:04:59Z,232,33.0,22.0,37.0,29.0,27.0,26.084,28.421,31.0
2026-04-25T15:09:59Z,232,33.0,23.0,38.0,29.2,26.8,25.021,29.96,31.0
2026-04-25T15:14:59Z,232,32.0,22.0,35.0,29.3,26.7,25.748,28.957,31.0
2026-04-25T15:19:59Z,232,35.0,23.0,39.0,29.4,26.3,25.272,30.08,31.0
2026-04-25T15:24:59Z,232,33.0,24.0,37.0,29.5,26.1,26.087,28.581,31.0
2026-04-25T15:29:59Z,232,34.0,23.0,39.0,29.6,26.0,25.79,29.298,31.0
2026-04-25T15:34:59Z,232,34.0,23.0,38.0,29.7,26.0,25.999,28.819,31.0
2026-04-25T15:39:59Z,232,34.0,22.0,39.0,29.9,25.6,26.266,28.432,31.0
2026-04-25T15:45:01Z,232,34.0,23.0,39.0,29.9,25.6,25.9,29.195,31.0
2026-04-25T15:49:59Z,232,34.0,23.0,39.0,30.0,25.4,26.252,28.764,31.0
2026-04-25T15:55:00Z,232,34.0,22.0,39.0,30.0,25.2,26.469,28.487,31.0
2026-04-25T16:00:00Z,232,34.0,22.0,38.0,30.1,25.4,26.479,28.607,31.0
2026-04-25T16:05:00Z,232,35.0,23.0,39.0,30.1,25.2,26.527,28.581,31.0
2026-04-25T16:10:00Z,232,33.0,22.0,37.0,30.2,25.1,26.405,28.352,31.0
2026-04-25T16:14:59Z,232,36.0,24.0,45.0,30.1,24.9,26.399,28.388,31.0
2026-04-25T16:20:00Z,232,34.0,24.0,38.0,30.0,24.8,26.519,27.932,31.0
2026-04-25T16:25:00Z,232,33.0,22.0,37.0,30.0,24.6,26.525,26.965,31.0
2026-04-25T16:30:00Z,232,34.0,22.0,38.0,29.9,24.4,26.114,27.637,31.0
2026-04-25T16:35:00Z,232,33.0,22.0,39.0,29.7,24.1,26.025,26.851,31.0
2026-04-25T16:40:00Z,232,32.0,22.0,35.0,29.6,24.2,26.22,27.072,31.0
2026-04-25T16:45:00Z,232,33.0,22.0,37.0,29.5,24.1,26.063,26.904,31.0
2026-04-25T16:50:00Z,232,35.0,24.0,40.0,29.3,24.2,25.449,28.031,31.0
2026-04-25T16:55:00Z,232,38.0,23.0,44.0,29.1,24.2,25.19,28.823,31.0
2026-04-25T16:59:59Z,232,37.0,24.0,42.0,28.9,24.1,25.342,27.335,31.0
2026-04-25T17:05:00Z,232,38.0,24.0,43.0,28.6,24.2,25.077,27.848,31.0
2026-04-25T17:09:59Z,232,40.0,25.0,47.0,28.3,24.2,24.658,28.663,31.0
2026-04-25T17:15:00Z,232,38.0,23.0,44.0,28.0,24.2,24.615,29.101,31.0
2026-04-25T17:19:59Z,232,37.0,24.0,42.0,27.6,24.1,24.271,28.894,31.0
2026-04-25T17:25:00Z,232,35.0,23.0,41.0,27.1,24.0,23.911,28.756,31.0
2026-04-25T17:29:59Z,232,36.0,24.0,42.0,26.7,24.4,23.705,29.75,31.0
2026-04-25T17:35:00Z,232,35.0,24.0,42.0,26.2,24.6,23.521,30.015,31.0
2026-04-25T17:40:00Z,232,36.0,25.0,43.0,25.8,24.5,23.35,29.62,31.0
2026-04-25T17:45:00Z,232,35.0,23.0,43.0,25.4,25.0,23.427,30.252,31.0
2026-04-25T17:49:59Z,232,35.0,22.0,41.0,25.1,24.9,23.163,29.275,31.0
2026-04-25T17:55:00Z,232,36.0,24.0,42.0,24.8,25.2,23.187,29.716,31.0
2026-04-25T18:00:00Z,232,36.0,24.0,45.0,24.4,25.5,22.853,30.62,31.0
2026-04-25T18:05:00Z,232,35.0,23.0,42.0,24.2,25.9,22.746,30.767,31.0
2026-04-25T18:10:00Z,232,39.0,24.0,46.0,23.9,25.9,22.519,31.263,31.0
2026-04-25T18:15:00Z,232,39.0,25.0,45.0,23.7,26.2,22.533,31.345,31.0
2026-04-25T18:20:00Z,232,40.0,25.0,47.0,23.5,26.3,22.364,31.287,31.0
2026-04-25T18:25:00Z,232,43.0,27.0,52.0,23.4,26.6,22.159,32.334,31.0
2026-04-25T18:30:00Z,232,42.0,28.0,51.0,23.2,27.1,22.14,33.042,31.0
2026-04-25T18:35:00Z,232,45.0,28.0,55.0,23.1,27.3,22.073,33.212,31.0
2026-04-25T18:40:00Z,232,45.0,30.0,55.0,22.9,27.4,21.878,33.422,31.0
2026-04-25T18:45:00Z,232,47.0,30.0,58.0,22.8,27.3,21.742,32.939,31.0
2026-04-25T18:50:00Z,232,42.0,29.0,51.0,22.6,27.0,21.764,32.128,31.0
2026-04-25T18:55:00Z,232,41.0,28.0,47.0,22.6,27.3,21.806,32.325,31.0
2026-04-25T19:00:00Z,232,34.0,23.0,39.0,22.4,27.0,21.614,31.366,31.0
2026-04-25T19:05:00Z,232,31.0,21.0,34.0,22.4,26.8,21.651,30.975,31.0
2026-04-25T19:10:00Z,232,35.0,23.0,39.0,22.2,26.6,21.31,30.646,31.0
2026-04-25T19:15:00Z,232,32.0,22.0,35.0,22.2,26.7,21.451,31.163,31.0
2026-04-25T19:20:00Z,232,29.0,20.0,33.0,22.1,26.8,21.518,30.982,31.0
2026-04-25T19:25:00Z,232,32.0,22.0,34.0,22.1,26.7,21.36,30.938,31.0
2026-04-25T19:30:00Z,232,32.0,22.0,33.0,22.0,26.7,21.379,30.908,31.0
2026-04-25T19:35:00Z,232,29.0,20.0,33.0,22.0,27.0,21.363,31.093,31.0
2026-04-25T19:40:00Z,232,30.0,19.0,31.0,21.9,26.8,21.446,31.121,31.0
2026-04-25T19:45:00Z,232,27.0,19.0,29.0,21.9,26.8,21.139,30.54,31.0
2026-04-25T19:50:00Z,232,29.0,20.0,29.0,21.8,26.9,21.286,31.118,31.0
2026-04-25T19:55:00Z,232,28.0,19.0,29.0,21.8,27.0,21.323,30.992,31.0
2026-04-25T20:00:00Z,232,26.0,19.0,26.0,21.7,26.8,21.283,30.519,31.0
2026-04-25T20:05:00Z,232,23.0,12.0,23.0,21.7,26.7,21.205,30.271,31.0
2026-04-25T20:10:00Z,232,21.0,11.0,21.0,21.7,26.8,21.267,30.66,31.0
2026-04-25T20:15:00Z,232,21.0,8.0,22.0,21.6,26.5,21.173,29.859,31.0
2026-04-25T20:20:00Z,232,21.0,11.0,21.0,21.6,26.5,21.061,30.067,31.0
2026-04-25T20:25:00Z,232,18.0,9.0,18.0,21.6,26.5,21.112,29.977,31.0
2026-04-25T20:30:00Z,232,15.0,7.0,17.0,21.6,26.6,21.147,29.952,31.0
2026-04-25T20:35:00Z,232,18.0,7.0,18.0,21.5,26.5,21.027,30.028,31.0
2026-04-25T20:40:00Z,232,16.0,8.0,16.0,21.5,26.5,21.04,30.444,31.0
2026-04-25T20:45:00Z,232,15.0,6.0,15.0,21.5,26.5,20.88,30.297,31.0
2026-04-25T20:50:00Z,232,13.0,7.0,15.0,21.4,26.6,20.914,30.398,31.0
2026-04-25T20:55:00Z,232,13.0,6.0,14.0,21.4,26.3,20.714,30.347,31.0
2026-04-25T21:00:01Z,232,15.0,7.0,16.0,21.3,26.6,20.61,30.584,31.0
2026-04-25T21:05:00Z,232,15.0,8.0,15.0,21.2,26.7,20.65,30.976,31.0
2026-04-25T21:10:00Z,232,13.0,6.0,16.0,21.2,26.7,20.543,31.272,31.0
2026-04-25T21:15:00Z,232,11.0,5.0,13.0,21.2,26.8,20.455,31.491,31.0
2026-04-25T21:20:00Z,232,14.0,8.0,15.0,21.1,26.8,20.447,31.446,31.0
2026-04-25T21:25:00Z,232,12.0,7.0,14.0,21.1,27.1,20.308,31.839,31.0
2026-04-25T21:30:00Z,232,12.0,6.0,12.0,21.0,27.1,20.161,32.19,31.0
2026-04-25T21:35:00Z,232,8.0,5.0,8.0,20.9,27.0,20.012,31.968,31.0
2026-04-25T21:40:00Z,232,8.0,5.0,8.0,20.8,27.0,19.83,31.56,31.0
2026-04-25T21:45:00Z,232,4.0,2.0,5.0,20.8,26.6,19.715,30.913,31.0
2026-04-25T21:50:00Z,232,5.0,3.0,5.0,20.7,26.6,19.675,31.028,31.0
2026-04-25T21:55:00Z,232,4.0,2.0,5.0,20.6,26.7,19.406,31.297,31.0
2026-04-25T22:00:00Z,232,4.0,2.0,5.0,20.5,26.7,19.221,31.352,31.0
2026-04-25T22:05:00Z,232,5.0,3.0,5.0,20.4,26.6,19.133,31.291,31.0
2026-04-25T22:10:00Z,232,6.0,3.0,6.0,20.2,26.7,18.957,31.642,31.0
2026-04-25T22:15:00Z,232,6.0,4.0,8.0,20.1,26.7,18.981,31.467,31.0
2026-04-25T22:20:00Z,232,5.0,2.0,5.0,20.0,26.8,18.861,31.964,31.0
2026-04-25T22:25:00Z,232,5.0,2.0,5.0,19.9,27.2,18.677,32.485,31.0
2026-04-25T22:30:00Z,232,6.0,3.0,7.0,19.7,27.7,18.498,33.963,31.0
2026-04-25T22:35:00Z,232,6.0,4.0,7.0,19.7,28.1,18.287,35.249,31.0
2026-04-25T22:40:00Z,232,5.0,4.0,5.0,19.5,28.5,18.028,35.701,31.0
2026-04-25T22:45:01Z,232,5.0,2.0,5.0,19.4,28.1,17.536,35.232,31.0
2026-04-25T22:50:00Z,232,5.0,2.0,5.0,19.2,28.1,17.657,34.518,31.0
2026-04-25T22:55:00Z,232,5.0,2.0,6.0,19.1,28.0,17.595,34.846,31.0
2026-04-25T23:00:00Z,232,5.0,2.0,5.0,19.0,28.2,17.363,35.371,31.0
2026-04-25T23:05:00Z,232,6.0,4.0,6.0,18.8,28.3,17.141,35.245,31.0
2026-04-25T23:10:00Z,232,4.0,1.0,4.0,18.7,28.4,17.125,35.163,31.0
2026-04-25T23:15:00Z,232,6.0,3.0,6.0,18.6,28.7,17.048,35.535,31.0
2026-04-25T23:20:00Z,232,5.0,3.0,5.0,18.5,28.7,16.922,36.145,31.0
2026-04-25T23:25:00Z,232,7.0,4.0,7.0,18.3,28.8,16.797,35.575,31.0
2026-04-25T23:30:00Z,232,4.0,3.0,4.0,18.3,28.9,16.914,35.764,31.0
2026-04-25T23:35:01Z,232,6.0,4.0,7.0,18.2,29.5,16.743,37.45,31.0
2026-04-25T23:40:01Z,232,6.0,4.0,6.0,18.1,29.4,16.439,36.967,31.0
2026-04-25T23:45:01Z,232,7.0,3.0,7.0,18.0,29.5,16.348,37.778,31.0
2026-04-25T23:50:01Z,232,7.0,4.0,7.0,17.9,29.6,16.228,37.565,31.0
2026-04-25T23:55:01Z,232,5.0,3.0,6.0,17.9,29.6,16.183,37.874,31.0
2026-04-26T00:00:01Z,232,9.0,4.0,9.0,17.8,29.7,16.145,37.515,31.0
2026-04-26T00:05:00Z,232,7.0,3.0,7.0,17.7,29.7,15.974,38.051,31.0
2026-04-26T00:10:01Z,232,7.0,4.0,7.0,17.7,29.8,16.038,37.732,31.0
2026-04-26T00:15:01Z,232,5.0,2.0,6.0,17.6,29.8,16.057,37.709,31.0
2026-04-26T00:20:01Z,232,7.0,4.0,7.0,17.6,29.9,15.867,38.131,31.0
2026-04-26T00:25:01Z,232,7.0,3.0,7.0,17.5,29.9,15.916,37.956,31.0
2026-04-26T00:30:00Z,232,7.0,4.0,7.0,17.5,30.1,15.894,38.455,31.0
2026-04-26T00:35:01Z,232,7.0,3.0,7.0,17.4,30.2,15.83,38.453,31.0
2026-04-26T00:40:00Z,232,6.0,4.0,7.0,17.4,30.5,15.723,39.441,31.0
2026-04-26T00:45:01Z,232,8.0,6.0,9.0,17.3,30.9,15.614,39.895,31.0
2026-04-26T00:50:01Z,232,7.0,4.0,8.0,17.2,30.8,15.355,40.571,31.0
2026-04-26T00:55:01Z,232,8.0,5.0,9.0,17.2,30.8,15.36,39.918,31.0
2026-04-26T01:00:01Z,232,9.0,5.0,9.0,17.1,31.2,15.224,41.553,31.0
2026-04-26T01:05:01Z,232,8.0,4.0,10.0,17.0,31.4,15.04,41.282,31.0
2026-04-26T01:10:01Z,232,7.0,4.0,7.0,16.9,31.4,15.058,40.754,31.0
2026-04-26T01:15:01Z,232,11.0,5.0,11.0,16.8,31.3,14.981,40.923,31.0
2026-04-26T01:20:01Z,232,7.0,5.0,8.0,16.8,31.2,14.893,39.75,31.0
2026-04-26T01:25:01Z,232,9.0,6.0,11.0,16.7,31.1,14.727,40.586,31.0
2026-04-26T01:30:01Z,232,17.0,7.0,19.0,16.7,31.1,14.564,40.723,31.0
2026-04-26T01:35:00Z,232,19.0,9.0,20.0,16.6,31.1,14.786,39.756,31.0
2026-04-26T01:40:01Z,232,20.0,8.0,20.0,16.5,31.0,14.698,39.718,31.0
2026-04-26T01:45:01Z,232,15.0,6.0,16.0,16.5,31.1,14.765,39.691,31.0
2026-04-26T01:50:01Z,232,17.0,8.0,17.0,16.4,30.9,14.813,39.127,31.0
2026-04-26T01:55:01Z,232,15.0,7.0,17.0,16.4,31.1,14.89,39.253,31.0
2026-04-26T02:00:01Z,232,11.0,7.0,12.0,16.4,31.3,14.663,40.794,31.0
2026-04-26T02:05:01Z,232,11.0,7.0,12.0,16.4,31.6,14.62,41.017,31.0
2026-04-26T02:10:00Z,232,8.0,4.0,8.0,16.3,31.8,14.618,41.351,31.0
2026-04-26T02:15:01Z,232,8.0,4.0,8.0,16.3,31.7,14.468,41.385,31.0
2026-04-26T02:20:01Z,232,9.0,6.0,11.0,16.3,31.6,14.596,40.511,31.0
2026-04-26T02:25:01Z,232,13.0,7.0,13.0,16.3,31.7,14.618,40.424,31.0
2026-04-26T02:30:01Z,232,11.0,6.0,11.0,16.3,31.5,14.693,39.686,31.0
2026-04-26T02:35:01Z,232,10.0,5.0,10.0,16.3,31.4,14.727,39.981,31.0
2026-04-26T02:40:01Z,232,8.0,6.0,11.0,16.3,31.4,14.612,40.054,31.0
2026-04-26T02:45:01Z,232,7.0,3.0,8.0,16.2,31.5,14.591,40.164,31.0
2026-04-26T02:50:01Z,232,11.0,5.0,11.0,16.2,31.6,14.54,40.466,31.0
2026-04-26T02:55:01Z,232,6.0,4.0,7.0,16.2,31.6,14.618,40.281,31.0
2026-04-26T03:00:01Z,232,8.0,5.0,9.0,16.2,31.6,14.69,40.078,31.0
2026-04-26T03:05:01Z,232,13.0,7.0,16.0,16.2,31.6,14.49,40.225,31.0
2026-04-26T03:10:01Z,232,15.0,6.0,15.0,16.2,31.4,14.468,39.945,31.0
2026-04-26T03:15:01Z,232,10.0,4.0,11.0,16.1,32.3,14.097,43.033,31.0
2026-04-26T03:20:01Z,232,11.0,6.0,11.0,16.0,32.7,14.009,43.981,31.0
2026-04-26T03:25:01Z,232,9.0,5.0,9.0,16.0,32.8,14.049,43.914,31.0
2026-04-26T03:30:01Z,232,11.0,6.0,11.0,15.9,33.1,13.977,44.498,31.0
2026-04-26T03:35:01Z,232,8.0,4.0,9.0,15.9,33.3,13.948,44.45,31.0
2026-04-26T03:40:01Z,232,12.0,6.0,12.0,15.8,33.2,13.961,44.046,31.0
2026-04-26T03:45:01Z,232,9.0,6.0,11.0,15.8,33.3,13.886,44.582,31.0
2026-04-26T03:50:01Z,232,11.0,5.0,11.0,15.8,33.3,13.889,44.231,31.0
2026-04-26T03:55:01Z,232,10.0,5.0,10.0,15.7,33.6,13.587,45.331,31.0
2026-04-26T04:00:01Z,232,9.0,4.0,9.0,15.6,33.5,13.515,44.956,31.0
2026-04-26T04:05:01Z,232,11.0,6.0,12.0,15.6,33.7,13.504,45.244,31.0
2026-04-26T04:10:01Z,232,9.0,6.0,13.0,15.5,33.6,13.592,44.01,31.0
2026-04-26T04:15:01Z,232,11.0,6.0,11.0,15.5,33.8,13.71,44.132,31.0
2026-04-26T04:20:01Z,232,8.0,5.0,9.0,15.5,33.6,13.771,43.849,31.0
2026-04-26T04:25:01Z,232,8.0,6.0,9.0,15.4,33.7,13.646,43.79,31.0
2026-04-26T04:30:01Z,232,9.0,5.0,9.0,15.4,33.5,13.528,43.821,31.0
2026-04-26T04:35:01Z,232,7.0,5.0,8.0,15.4,33.2,13.587,42.922,31.0
2026-04-26T04:40:01Z,232,7.0,3.0,10.0,15.4,33.1,13.381,42.716,31.0
2026-04-26T04:45:01Z,232,9.0,5.0,9.0,15.4,32.9,13.47,41.457,31.0
2026-04-26T04:50:01Z,232,8.0,4.0,8.0,15.3,32.5,13.558,41.166,31.0
2026-04-26T04:55:01Z,232,6.0,3.0,6.0,15.4,32.2,13.56,40.612,31.0
2026-04-26T05:00:01Z,232,6.0,3.0,6.0,15.3,32.3,13.472,41.774,31.0
2026-04-26T05:05:01Z,232,5.0,2.0,5.0,15.3,32.5,13.307,41.564,31.0
2026-04-26T05:10:01Z,232,9.0,5.0,9.0,15.2,32.7,13.24,42.924,31.0
2026-04-26T05:15:01Z,232,11.0,4.0,11.0,15.2,32.8,13.245,42.209,31.0
2026-04-26T05:20:01Z,232,9.0,6.0,11.0,15.2,32.9,13.141,42.817,31.0
2026-04-26T05:25:01Z,232,12.0,6.0,12.0,15.2,33.0,13.186,43.399,31.0
2026-04-26T05:30:01Z,232,6.0,3.0,6.0,15.1,33.2,13.144,42.884,31.0
2026-04-26T05:35:01Z,232,7.0,5.0,7.0,15.1,32.6,13.112,41.198,31.0
2026-04-26T05:40:01Z,232,4.0,2.0,6.0,15.1,32.5,13.037,41.393,31.0
2026-04-26T05:45:01Z,232,6.0,3.0,7.0,15.0,32.4,13.104,41.202,31.0
2026-04-26T05:50:01Z,232,7.0,2.0,8.0,15.0,32.3,12.882,41.126,31.0
2026-04-26T05:55:01Z,232,8.0,5.0,8.0,15.0,32.6,12.994,41.91,31.0
2026-04-26T06:00:01Z,232,6.0,3.0,6.0,14.9,32.6,12.871,41.435,31.0
2026-04-26T06:05:01Z,232,7.0,2.0,7.0,14.9,32.4,12.906,41.477,31.0
2026-04-26T06:10:01Z,232,6.0,2.0,6.0,14.9,32.6,12.775,42.312,31.0
2026-04-26T06:15:01Z,232,6.0,3.0,6.0,14.8,32.2,12.783,40.79,31.0
2026-04-26T06:20:01Z,232,5.0,4.0,5.0,14.8,32.3,12.658,41.154,31.0
2026-04-26T06:25:01Z,232,6.0,2.0,6.0,14.8,32.3,12.727,40.872,31.0
2026-04-26T06:30:01Z,232,5.0,2.0,5.0,14.7,32.5,12.506,41.805,31.0
2026-04-26T06:35:01Z,232,6.0,3.0,6.0,14.7,32.3,12.551,40.689,31.0
2026-04-26T06:40:01Z,232,4.0,0.0,4.0,14.7,32.1,12.602,40.288,31.0
2026-04-26T06:45:02Z,232,6.0,2.0,6.0,14.6,31.9,12.535,40.143,31.0
2026-04-26T06:50:01Z,232,7.0,3.0,7.0,14.6,31.7,12.663,38.965,31.0
2026-04-26T06:55:01Z,232,5.0,4.0,5.0,14.6,30.9,12.821,36.716,31.0
2026-04-26T07:00:01Z,232,5.0,3.0,5.0,14.6,31.3,12.839,38.373,31.0
2026-04-26T07:05:01Z,232,5.0,1.0,5.0,14.7,31.1,12.767,38.696,31.0
2026-04-26T07:10:02Z,232,6.0,4.0,7.0,14.7,31.3,12.829,38.518,31.0
2026-04-26T07:15:02Z,232,4.0,2.0,4.0,14.7,31.4,12.818,39.102,31.0
2026-04-26T07:20:02Z,232,6.0,3.0,6.0,14.7,31.9,12.543,41.026,31.0
2026-04-26T07:25:02Z,232,6.0,3.0,6.0,14.6,32.0,12.348,41.709,31.0
2026-04-26T07:30:01Z,232,5.0,3.0,5.0,14.6,32.1,12.468,40.538,31.0
2026-04-26T07:35:01Z,232,5.0,2.0,5.0,14.6,30.7,12.562,36.941,31.0
2026-04-26T07:40:02Z,232,4.0,3.0,4.0,14.6,31.1,12.618,38.989,31.0
2026-04-26T07:45:02Z,232,3.0,1.0,4.0,14.6,30.8,12.508,38.085,31.0
2026-04-26T07:50:01Z,232,5.0,2.0,5.0,14.6,31.6,12.332,40.431,31.0
2026-04-26T07:55:02Z,232,5.0,2.0,5.0,14.5,31.0,12.436,38.49,31.0
2026-04-26T08:00:02Z,232,4.0,1.0,5.0,14.5,31.2,12.129,39.613,31.0
2026-04-26T08:05:02Z,232,4.0,2.0,5.0,14.5,30.9,12.174,38.652,31.0
2026-04-26T08:10:02Z,232,4.0,1.0,4.0,14.4,30.9,12.217,39.144,31.0
2026-04-26T08:15:02Z,232,4.0,2.0,5.0,14.4,30.8,12.204,38.064,31.0
2026-04-26T08:20:02Z,232,4.0,1.0,4.0,14.4,30.6,12.329,37.687,31.0
2026-04-26T08:25:02Z,232,4.0,1.0,4.0,14.4,30.9,12.311,39.241,31.0
2026-04-26T08:30:01Z,232,5.0,1.0,6.0,14.4,31.1,12.255,39.863,31.0
2026-04-26T08:35:02Z,232,4.0,2.0,4.0,14.3,31.5,11.822,41.322,31.0
2026-04-26T08:40:02Z,232,4.0,1.0,4.0,14.3,31.5,12.124,40.035,31.0
2026-04-26T08:45:02Z,232,3.0,1.0,3.0,14.3,31.1,12.004,39.377,31.0
2026-04-26T08:50:02Z,232,3.0,1.0,3.0,14.2,31.5,11.654,41.251,31.0
2026-04-26T08:55:02Z,232,3.0,1.0,3.0,14.2,31.3,11.688,39.779,31.0
2026-04-26T09:00:02Z,232,3.0,1.0,3.0,14.1,30.9,11.758,38.644,31.0
2026-04-26T09:05:02Z,232,3.0,1.0,3.0,14.1,30.9,11.664,39.399,31.0
2026-04-26T09:10:02Z,232,3.0,1.0,3.0,14.0,31.1,11.528,39.989,31.0
2026-04-26T09:15:02Z,232,3.0,1.0,4.0,14.0,31.2,11.552,40.204,31.0
2026-04-26T09:20:02Z,232,5.0,1.0,5.0,13.9,31.4,11.566,40.487,31.0
2026-04-26T09:25:02Z,232,5.0,3.0,5.0,13.9,31.7,11.507,40.843,31.0
2026-04-26T09:30:02Z,232,6.0,3.0,6.0,13.9,31.5,11.675,39.827,31.0
2026-04-26T09:35:02Z,232,4.0,2.0,4.0,13.9,31.4,11.683,40.128,31.0
2026-04-26T09:40:02Z,232,3.0,1.0,3.0,13.9,30.9,11.616,37.736,31.0
2026-04-26T09:45:02Z,232,3.0,1.0,4.0,13.9,30.8,11.582,38.278,31.0
2026-04-26T09:50:02Z,232,3.0,1.0,3.0,13.8,30.9,11.539,39.01,31.0
2026-04-26T09:55:02Z,232,4.0,2.0,5.0,13.8,30.9,11.52,39.43,31.0
2026-04-26T10:00:02Z,232,4.0,3.0,5.0,13.8,31.1,11.672,39.045,31.0
2026-04-26T10:05:02Z,232,5.0,2.0,6.0,13.8,31.4,11.445,40.273,31.0
2026-04-26T10:10:02Z,232,5.0,3.0,6.0,13.8,31.5,11.528,40.304,31.0
2026-04-26T10:15:01Z,232,5.0,3.0,6.0,13.7,31.8,11.429,41.219,31.0
2026-04-26T10:20:02Z,232,5.0,2.0,5.0,13.7,31.9,11.44,41.524,31.0
2026-04-26T10:25:02Z,232,4.0,2.0,5.0,13.7,32.0,11.419,41.848,31.0
2026-04-26T10:30:02Z,232,7.0,3.0,7.0,13.6,32.4,11.253,42.714,31.0
2026-04-26T10:35:01Z,232,5.0,3.0,5.0,13.6,32.2,11.24,42.041,31.0
2026-04-26T10:40:02Z,232,5.0,2.0,5.0,13.6,32.2,11.152,42.285,31.0
2026-04-26T10:45:02Z,232,4.0,2.0,4.0,13.5,32.2,11.168,42.335,31.0
2026-04-26T10:50:02Z,232,5.0,2.0,5.0,13.5,32.3,11.339,41.616,31.0
2026-04-26T10:55:02Z,232,5.0,3.0,5.0,13.5,32.5,11.253,42.575,31.0
2026-04-26T11:00:02Z,232,5.0,2.0,6.0,13.5,32.3,11.277,41.311,31.0
2026-04-26T11:05:02Z,232,6.0,3.0,6.0,13.5,32.2,11.248,41.831,31.0
2026-04-26T11:10:02Z,232,4.0,2.0,4.0,13.5,32.2,11.128,42.018,31.0
2026-04-26T11:15:01Z,232,6.0,2.0,6.0,13.5,32.4,11.072,42.369,31.0
2026-04-26T11:20:02Z,232,5.0,2.0,5.0,13.5,32.6,11.2,41.921,31.0
2026-04-26T11:25:02Z,232,3.0,2.0,3.0,13.4,32.7,11.018,43.468,31.0
2026-04-26T11:30:02Z,232,5.0,2.0,6.0,13.4,32.6,11.165,42.194,31.0
2026-04-26T11:35:02Z,232,5.0,2.0,5.0,13.4,32.5,11.2,42.501,31.0
2026-04-26T11:40:02Z,232,5.0,3.0,5.0,13.4,32.7,11.178,42.596,31.0
2026-04-26T11:45:02Z,232,7.0,2.0,7.0,13.4,33.1,11.21,43.64,31.0
2026-04-26T11:50:02Z,232,4.0,1.0,4.0,13.4,33.2,11.226,43.371,31.0
2026-04-26T11:55:02Z,232,4.0,2.0,4.0,13.4,32.9,11.21,42.789,31.0
2026-04-26T12:00:02Z,232,2.0,1.0,3.0,13.4,32.6,11.128,41.267,31.0
2026-04-26T12:05:02Z,232,4.0,1.0,4.0,13.3,32.3,11.178,41.2,31.0
2026-04-26T12:10:02Z,232,3.0,1.0,4.0,13.4,32.7,11.141,42.373,31.0
2026-04-26T12:15:02Z,232,3.0,0.0,4.0,13.4,32.7,11.173,42.299,31.0
2026-04-26T12:20:02Z,232,2.0,1.0,4.0,13.4,33.0,11.357,43.512,31.0
2026-04-26T12:25:02Z,232,3.0,1.0,3.0,13.4,32.8,11.547,42.146,31.0
2026-04-26T12:30:02Z,232,2.0,1.0,4.0,13.5,33.1,11.619,42.407,31.0
2026-04-26T12:35:02Z,232,4.0,1.0,4.0,13.6,33.1,11.803,42.777,31.0
2026-04-26T12:40:02Z,232,5.0,2.0,5.0,13.6,33.0,11.977,40.605,31.0
2026-04-26T12:45:02Z,232,4.0,1.0,5.0,13.8,32.2,12.129,38.608,31.0
2026-04-26T12:50:02Z,232,3.0,2.0,3.0,13.9,31.4,12.369,36.901,31.0
2026-04-26T12:55:02Z,232,4.0,0.0,4.0,14.0,31.2,12.519,37.162,31.0
2026-04-26T13:00:02Z,232,3.0,1.0,3.0,14.2,31.4,12.813,37.662,31.0
2026-04-26T13:05:02Z,232,4.0,1.0,4.0,14.3,31.1,13.154,36.05,31.0
2026-04-26T13:10:02Z,232,4.0,1.0,4.0,14.5,30.7,14.377,33.109,31.0
2026-04-26T13:15:02Z,232,2.0,0.0,3.0,15.0,30.9,15.731,31.308,31.0
2026-04-26T13:20:02Z,232,3.0,0.0,3.0,15.7,30.4,16.968,28.947,31.0
2026-04-26T13:25:03Z,232,3.0,0.0,3.0,16.7,29.8,18.057,26.118,31.0
2026-04-26T13:30:02Z,232,3.0,1.0,3.0,17.7,29.2,18.917,24.047,31.0
2026-04-26T13:35:02Z,232,4.0,0.0,4.0,18.9,28.3,19.988,22.412,31.0
2026-04-26T13:40:02Z,232,2.0,0.0,2.0,20.0,27.6,20.885,21.544,31.0
2026-04-26T13:45:02Z,232,3.0,0.0,4.0,21.2,27.2,21.683,22.052,31.0
2026-04-26T13:50:02Z,232,2.0,0.0,2.0,22.3,27.0,21.537,23.421,31.0
2026-04-26T13:55:02Z,232,4.0,1.0,4.0,23.2,26.8,22.036,24.419,31.0
2026-04-26T14:00:02Z,232,5.0,2.0,5.0,24.1,26.5,22.53,24.385,31.0
2026-04-26T14:05:02Z,232,6.0,3.0,6.0,24.9,25.9,22.869,24.579,31.0
2026-04-26T14:10:02Z,232,7.0,5.0,8.0,25.6,25.8,23.363,24.833,31.0
2026-04-26T14:15:02Z,232,8.0,4.0,10.0,26.2,25.7,23.569,24.497,31.0
2026-04-26T14:20:02Z,232,11.0,5.0,12.0,26.6,25.3,23.494,25.426,31.0
2026-04-26T14:25:02Z,232,12.0,6.0,12.0,27.0,25.1,23.633,25.76,31.0
2026-04-26T14:30:02Z,232,12.0,6.0,13.0,27.4,24.8,24.218,25.373,31.0
2026-04-26T14:35:02Z,232,12.0,6.0,15.0,27.6,24.5,24.407,25.401,31.0
2026-04-26T14:40:02Z,232,14.0,5.0,15.0,27.9,24.2,24.447,25.065,31.0
2026-04-26T14:45:02Z,232,11.0,6.0,12.0,28.2,24.1,24.872,24.661,31.0
2026-04-26T14:50:02Z,232,18.0,6.0,18.0,28.4,23.9,25.478,24.108,31.0
2026-04-26T14:55:02Z,232,11.0,6.0,12.0,28.7,23.5,25.526,23.728,31.0
2026-04-26T15:00:02Z,232,15.0,7.0,18.0,28.9,23.4,25.705,24.219,31.0
2026-04-26T15:05:02Z,232,19.0,7.0,19.0,29.2,23.3,25.756,24.463,31.0
2026-04-26T15:10:02Z,232,16.0,7.0,19.0,29.4,23.0,26.1,23.7,31.0
2026-04-26T15:15:02Z,232,17.0,7.0,18.0,29.6,22.7,26.346,23.303,31.0
2026-04-26T15:20:02Z,232,17.0,6.0,19.0,29.9,22.7,26.276,23.9,31.0
2026-04-26T15:25:02Z,232,20.0,11.0,20.0,30.1,22.7,26.399,24.236,31.0
2026-04-26T15:30:03Z,232,22.0,9.0,22.0,30.3,22.8,26.383,24.945,31.0
2026-04-26T15:35:02Z,232,22.0,11.0,23.0,30.4,22.5,26.666,24.337,31.0
2026-04-26T15:40:02Z,232,19.0,9.0,22.0,30.5,22.5,26.597,24.722,31.0
2026-04-26T15:45:02Z,232,23.0,11.0,24.0,30.5,22.4,26.674,24.6,31.0
2026-04-26T15:50:02Z,232,23.0,12.0,24.0,30.5,22.2,26.816,24.133,31.0
2026-04-26T15:55:02Z,232,23.0,11.0,24.0,30.6,22.2,26.434,24.758,31.0
2026-04-26T16:00:02Z,232,22.0,12.0,23.0,30.6,22.1,27.016,24.066,31.0
2026-04-26T16:05:02Z,232,24.0,12.0,25.0,30.6,22.0,26.648,24.2,31.0
2026-04-26T16:10:03Z,232,19.0,10.0,23.0,30.5,21.8,26.378,24.234,31.0
2026-04-26T16:15:02Z,232,22.0,11.0,22.0,30.4,21.5,26.511,23.582,31.0
2026-04-26T16:20:02Z,232,23.0,11.0,24.0,30.4,21.5,26.447,23.793,31.0
2026-04-26T16:25:02Z,232,23.0,10.0,23.0,30.3,21.7,26.375,24.339,31.0
2026-04-26T16:30:02Z,232,21.0,8.0,22.0,30.1,21.4,26.418,23.192,31.0
2026-04-26T16:35:03Z,232,19.0,8.0,19.0,30.0,21.1,26.079,23.833,31.0
2026-04-26T16:40:02Z,232,18.0,8.0,19.0,29.9,21.2,25.82,23.244,31.0
2026-04-26T16:45:03Z,232,22.0,11.0,23.0,29.6,21.5,26.207,23.623,31.0
2026-04-26T16:50:04Z,232,19.0,7.0,19.0,29.4,21.0,25.734,23.17,31.0
2026-04-26T16:55:02Z,232,19.0,8.0,21.0,29.2,21.2,25.371,24.51,31.0
2026-04-26T17:00:03Z,232,24.0,11.0,24.0,28.9,21.2,25.219,23.927,31.0
2026-04-26T17:05:03Z,232,21.0,8.0,21.0,28.6,21.4,24.706,24.602,31.0
2026-04-26T17:10:03Z,232,23.0,10.0,23.0,28.3,21.3,24.69,24.568,31.0
2026-04-26T17:15:03Z,232,23.0,13.0,24.0,27.9,21.9,24.896,25.546,31.0
2026-04-26T17:20:02Z,232,25.0,12.0,26.0,27.5,21.7,24.37,25.859,31.0
2026-04-26T17:25:03Z,232,27.0,15.0,27.0,27.1,22.1,24.33,25.767,31.0
2026-04-26T17:30:03Z,232,27.0,15.0,27.0,26.7,21.9,24.338,25.514,31.0
2026-04-26T17:35:03Z,232,26.0,17.0,29.0,26.3,22.3,24.178,26.471,31.0
2026-04-26T17:40:03Z,232,28.0,17.0,29.0,25.9,22.4,23.774,26.622,31.0
2026-04-26T17:45:03Z,232,28.0,18.0,29.0,25.5,22.6,23.686,26.597,31.0
2026-04-26T17:50:03Z,232,28.0,20.0,29.0,25.2,22.6,23.454,26.876,31.0
2026-04-26T17:55:03Z,232,29.0,18.0,30.0,24.9,22.6,23.141,25.729,31.0
2026-04-26T18:00:03Z,232,28.0,18.0,28.0,24.5,22.7,23.064,26.685,31.0
2026-04-26T18:05:03Z,232,30.0,21.0,33.0,24.2,23.0,22.821,26.683,31.0
2026-04-26T18:10:03Z,232,28.0,20.0,31.0,24.0,22.9,22.858,26.351,31.0
2026-04-26T18:15:02Z,232,29.0,19.0,34.0,23.8,23.0,22.607,26.349,31.0
2026-04-26T18:20:03Z,232,30.0,20.0,31.0,23.5,22.8,22.469,26.137,31.0
2026-04-26T18:25:03Z,232,29.0,20.0,30.0,23.4,22.8,22.477,26.021,31.0
2026-04-26T18:30:02Z,232,30.0,22.0,31.0,23.3,23.0,22.442,26.322,31.0
2026-04-26T18:35:03Z,232,29.0,20.0,32.0,23.1,23.0,22.236,26.399,31.0
2026-04-26T18:40:03Z,232,34.0,22.0,40.0,23.0,23.3,22.167,26.982,31.0
2026-04-26T18:45:03Z,232,36.0,23.0,42.0,22.9,23.4,22.017,26.691,31.0
2026-04-26T18:50:03Z,232,36.0,23.0,42.0,22.7,23.9,22.068,27.944,31.0
2026-04-26T18:55:03Z,232,36.0,24.0,43.0,22.7,24.0,22.007,27.894,31.0
2026-04-26T19:00:03Z,232,36.0,22.0,44.0,22.6,24.0,21.86,28.19,31.0
2026-04-26T19:05:03Z,232,37.0,23.0,44.0,22.5,24.3,21.838,28.941,31.0
2026-04-26T19:10:02Z,232,39.0,24.0,46.0,22.4,24.8,21.918,29.395,31.0
2026-04-26T19:15:03Z,232,39.0,25.0,48.0,22.4,24.9,21.918,29.496,31.0
2026-04-26T19:20:02Z,232,42.0,27.0,50.0,22.3,24.8,21.804,29.355,31.0
2026-04-26T19:25:03Z,232,40.0,26.0,49.0,22.3,25.2,21.87,29.92,31.0
2026-04-26T19:30:03Z,232,41.0,25.0,50.0,22.2,25.1,21.804,29.708,31.0
2026-04-26T19:35:03Z,232,42.0,27.0,51.0,22.2,25.3,21.721,30.315,31.0
2026-04-26T19:40:03Z,232,41.0,27.0,48.0,22.2,25.4,21.665,29.687,31.0
2026-04-26T19:45:03Z,232,42.0,27.0,50.0,22.1,25.4,21.561,30.234,31.0
2026-04-26T19:50:03Z,232,43.0,26.0,51.0,22.1,25.3,21.523,29.775,31.0
2026-04-26T19:55:03Z,232,42.0,28.0,52.0,22.1,25.2,21.51,29.698,31.0
2026-04-26T20:00:03Z,232,42.0,27.0,50.0,22.0,25.3,21.497,29.691,31.0
2026-04-26T20:05:03Z,232,41.0,26.0,49.0,22.0,25.3,21.497,29.428,31.0
2026-04-26T20:10:03Z,232,40.0,25.0,48.0,22.0,25.5,21.51,29.464,31.0
2026-04-26T20:15:03Z,232,41.0,26.0,48.0,21.9,25.1,21.521,29.388,31.0
2026-04-26T20:20:03Z,232,41.0,26.0,49.0,21.9,24.8,21.283,28.813,31.0
2026-04-26T20:25:03Z,232,40.0,26.0,49.0,21.8,25.0,21.243,29.05,31.0
2026-04-26T20:30:03Z,232,38.0,23.0,45.0,21.8,25.2,21.24,29.369,31.0
2026-04-26T20:35:03Z,232,38.0,23.0,45.0,21.7,25.4,21.278,29.578,31.0
2026-04-26T20:40:03Z,232,37.0,23.0,42.0,21.7,25.0,21.208,28.291,31.0
2026-04-26T20:45:03Z,232,33.0,22.0,37.0,21.7,24.9,21.24,28.522,31.0
2026-04-26T20:50:03Z,232,30.0,21.0,33.0,21.6,24.8,21.155,28.422,31.0
2026-04-26T20:55:03Z,232,29.0,19.0,30.0,21.6,24.8,21.083,28.1,31.0
2026-04-26T21:00:03Z,232,25.0,17.0,27.0,21.6,25.0,21.08,28.699,31.0
2026-04-26T21:05:03Z,232,19.0,8.0,22.0,21.5,24.7,21.011,28.071,31.0
2026-04-26T21:10:03Z,232,18.0,6.0,19.0,21.5,24.7,20.989,28.289,31.0
2026-04-26T21:15:03Z,232,14.0,6.0,16.0,21.4,24.9,20.941,28.562,31.0
2026-04-26T21:20:03Z,232,11.0,6.0,13.0,21.4,24.5,20.874,28.388,31.0
2026-04-26T21:25:03Z,232,9.0,6.0,9.0,21.3,24.7,20.776,28.554,31.0
2026-04-26T21:30:03Z,232,5.0,3.0,5.0,21.3,24.5,20.615,28.487,31.0
2026-04-26T21:35:03Z,232,5.0,3.0,5.0,21.2,24.8,20.476,28.598,31.0
2026-04-26T21:40:03Z,232,5.0,2.0,5.0,21.2,24.4,20.29,28.228,31.0
2026-04-26T21:45:03Z,232,3.0,1.0,4.0,21.1,24.4,20.164,28.234,31.0
2026-04-26T21:50:03Z,232,3.0,1.0,3.0,21.0,24.4,19.916,28.358,31.0
2026-04-26T21:55:03Z,232,3.0,1.0,3.0,20.9,24.2,19.729,28.281,31.0
2026-04-26T22:00:03Z,232,2.0,0.0,2.0,20.8,24.3,19.553,28.274,31.0
2026-04-26T22:05:03Z,232,1.0,0.0,1.0,20.7,24.4,19.318,28.247,31.0
2026-04-26T22:10:03Z,232,2.0,0.0,2.0,20.5,24.4,19.123,28.363,31.0
2026-04-26T22:15:03Z,232,1.0,0.0,1.0,20.4,24.5,19.018,29.269,31.0
2026-04-26T22:20:03Z,232,3.0,1.0,3.0,20.2,24.6,18.735,29.517,31.0
2026-04-26T22:25:03Z,232,0.0,0.0,0.0,20.1,24.6,18.548,29.43,31.0
2026-04-26T22:30:03Z,232,1.0,0.0,1.0,19.9,24.9,18.532,30.114,31.0
2026-04-26T22:35:03Z,232,4.0,0.0,4.0,19.8,25.2,18.434,30.603,31.0
2026-04-26T22:40:03Z,232,2.0,0.0,2.0,19.7,25.4,18.26,31.066,31.0
2026-04-26T22:45:03Z,232,4.0,2.0,4.0,19.5,25.5,17.972,30.931,31.0
2026-04-26T22:50:03Z,232,0.0,0.0,0.0,19.4,25.2,17.747,30.471,31.0
2026-04-26T22:55:03Z,232,6.0,2.0,7.0,19.2,25.5,17.651,30.782,31.0
2026-04-26T23:00:03Z,232,29.0,19.0,33.0,19.1,25.5,17.44,31.907,31.0
2026-04-26T23:05:03Z,232,32.0,21.0,33.0,19.0,26.1,17.395,32.987,31.0
2026-04-26T23:10:03Z,232,19.0,9.0,20.0,18.9,26.3,17.208,32.907,31.0
2026-04-26T23:15:03Z,232,5.0,3.0,5.0,18.8,26.3,17.112,32.392,31.0
2026-04-26T23:20:03Z,232,5.0,2.0,6.0,18.6,26.4,17.048,32.674,31.0
2026-04-26T23:25:03Z,232,4.0,0.0,4.0,18.5,26.4,16.709,33.347,31.0
2026-04-26T23:30:03Z,232,4.0,0.0,4.0,18.4,26.7,16.749,33.664,31.0
2026-04-26T23:35:03Z,232,4.0,2.0,4.0,18.4,26.9,16.717,33.696,31.0
2026-04-26T23:40:03Z,232,4.0,2.0,5.0,18.3,26.9,16.653,33.384,31.0
2026-04-26T23:45:03Z,232,4.0,1.0,4.0,18.2,26.7,16.647,32.739,31.0
2026-04-26T23:50:03Z,232,2.0,0.0,2.0,18.1,26.5,16.596,32.012,31.0
2026-04-26T23:55:04Z,232,4.0,0.0,4.0,18.1,26.4,16.626,31.976,31.0
2026-04-27T00:00:03Z,232,2.0,0.0,3.0,18.0,26.8,16.524,32.689,31.0
2026-04-27T00:05:04Z,232,0.0,0.0,0.0,17.9,26.6,16.471,32.254,31.0
2026-04-27T00:10:03Z,232,3.0,0.0,3.0,17.9,26.7,16.359,33.01,31.0
2026-04-27T00:15:04Z,232,3.0,0.0,3.0,17.8,27.1,16.153,34.343,31.0
2026-04-27T00:20:03Z,232,3.0,0.0,3.0,17.7,27.3,16.07,34.259,31.0
2026-04-27T00:25:04Z,232,2.0,0.0,2.0,17.6,27.0,15.825,33.651,31.0
2026-04-27T00:30:04Z,232,3.0,1.0,3.0,17.5,27.1,15.878,33.624,31.0
2026-04-27T00:35:04Z,232,4.0,3.0,5.0,17.5,27.0,15.702,33.796,31.0
2026-04-27T00:40:03Z,232,7.0,4.0,7.0,17.4,27.1,15.662,33.292,31.0
2026-04-27T00:45:04Z,232,7.0,3.0,8.0,17.4,26.9,15.675,32.996,31.0
2026-04-27T00:50:04Z,232,7.0,3.0,7.0,17.3,27.0,15.75,33.172,31.0
2026-04-27T00:55:04Z,232,6.0,4.0,7.0,17.2,27.2,15.67,33.466,31.0
2026-04-27T01:00:03Z,232,7.0,2.0,8.0,17.2,27.2,15.515,33.471,31.0
2026-04-27T01:05:04Z,232,6.0,3.0,7.0,17.2,27.1,15.427,33.29,31.0
2026-04-27T01:10:04Z,232,5.0,3.0,6.0,17.1,27.0,15.411,32.75,31.0
2026-04-27T01:15:04Z,232,6.0,3.0,8.0,17.0,27.0,15.51,32.439,31.0
2026-04-27T01:20:04Z,232,7.0,3.0,7.0,17.0,27.0,15.52,32.546,31.0
2026-04-27T01:25:04Z,232,11.0,5.0,11.0,17.0,26.8,15.534,32.081,31.0
2026-04-27T01:30:04Z,232,9.0,5.0,11.0,17.0,27.1,15.51,32.88,31.0
2026-04-27T01:35:04Z,232,7.0,3.0,7.0,17.0,27.1,15.357,32.931,31.0
2026-04-27T01:40:04Z,232,7.0,3.0,7.0,17.0,27.1,15.414,32.495,31.0
2026-04-27T01:45:04Z,232,9.0,5.0,11.0,17.0,27.4,15.269,34.158,31.0
2026-04-27T01:50:04Z,232,11.0,4.0,11.0,16.9,27.4,15.277,34.003,31.0
2026-04-27T01:55:04Z,232,12.0,5.0,14.0,16.9,27.4,15.216,34.244,31.0
2026-04-27T02:00:04Z,232,9.0,5.0,11.0,16.8,27.5,15.208,33.864,31.0
2026-04-27T02:05:04Z,232,8.0,6.0,9.0,16.8,27.5,15.152,33.94,31.0
2026-04-27T02:10:04Z,232,8.0,5.0,9.0,16.7,27.4,14.952,34.28,31.0
2026-04-27T02:15:04Z,232,6.0,2.0,6.0,16.7,27.6,15.01,34.589,31.0
2026-04-27T02:20:04Z,232,8.0,6.0,11.0,16.6,27.4,14.901,33.696,31.0
2026-04-27T02:25:03Z,232,8.0,3.0,8.0,16.6,27.4,14.791,33.939,31.0
2026-04-27T02:30:04Z,232,9.0,6.0,11.0,16.5,27.6,14.647,34.291,31.0
2026-04-27T02:35:04Z,232,8.0,5.0,9.0,16.4,27.5,14.685,34.013,31.0
2026-04-27T02:40:04Z,232,9.0,6.0,13.0,16.3,27.5,14.634,33.792,31.0
2026-04-27T02:45:04Z,232,9.0,4.0,12.0,16.3,27.5,14.527,34.242,31.0
2026-04-27T02:50:04Z,232,10.0,4.0,10.0,16.2,27.9,14.626,35.073,31.0
2026-04-27T02:55:04Z,232,11.0,4.0,12.0,16.2,28.0,14.644,34.37,31.0
2026-04-27T03:00:03Z,232,8.0,5.0,8.0,16.2,28.2,14.572,35.461,31.0
2026-04-27T03:05:04Z,232,7.0,3.0,8.0,16.2,28.2,14.415,35.27,31.0
2026-04-27T03:10:04Z,232,6.0,4.0,6.0,16.1,27.7,14.353,33.74,31.0
2026-04-27T03:15:04Z,232,8.0,4.0,8.0,16.1,27.1,14.348,32.001,31.0
2026-04-27T03:20:04Z,232,6.0,3.0,6.0,16.1,26.8,14.303,32.455,31.0
2026-04-27T03:25:04Z,232,7.0,4.0,7.0,16.1,27.0,14.369,32.327,31.0
2026-04-27T03:30:04Z,232,5.0,2.0,6.0,16.0,27.4,14.452,34.116,31.0
2026-04-27T03:35:04Z,232,7.0,3.0,9.0,16.0,27.4,14.369,33.366,31.0
2026-04-27T03:40:04Z,232,7.0,5.0,7.0,16.0,27.5,14.257,33.937,31.0
2026-04-27T03:45:04Z,232,7.0,3.0,8.0,16.0,27.3,14.313,32.899,31.0
2026-04-27T03:50:04Z,232,7.0,3.0,7.0,16.0,27.0,14.407,32.073,31.0
2026-04-27T03:55:04Z,232,6.0,3.0,6.0,16.0,27.2,14.458,32.663,31.0
2026-04-27T04:00:04Z,232,6.0,2.0,6.0,16.0,26.8,14.546,31.619,31.0
2026-04-27T04:05:04Z,232,7.0,3.0,7.0,16.0,27.2,14.343,33.387,31.0
2026-04-27T04:10:04Z,232,6.0,4.0,7.0,16.0,27.5,14.132,34.208,31.0
2026-04-27T04:15:04Z,232,7.0,4.0,8.0,16.0,27.4,14.097,33.485,31.0
2026-04-27T04:20:04Z,232,5.0,3.0,6.0,15.9,27.2,14.207,32.779,31.0
2026-04-27T04:25:04Z,232,4.0,2.0,4.0,15.9,26.6,14.001,31.346,31.0
2026-04-27T04:30:04Z,232,3.0,0.0,3.0,15.8,26.4,13.83,30.475,31.0
2026-04-27T04:35:04Z,232,3.0,2.0,3.0,15.8,25.7,13.87,28.979,31.0
2026-04-27T04:40:04Z,232,3.0,1.0,3.0,15.8,25.8,13.974,29.721,31.0
2026-04-27T04:45:04Z,232,4.0,1.0,4.0,15.7,25.1,14.025,27.808,31.0
2026-04-27T04:50:04Z,232,3.0,0.0,4.0,15.7,24.5,14.177,26.061,31.0
2026-04-27T04:55:04Z,232,1.0,0.0,1.0,15.8,24.3,14.343,25.68,31.0
2026-04-27T05:00:04Z,232,2.0,0.0,2.0,15.8,24.3,14.308,26.063,31.0
2026-04-27T05:05:04Z,232,3.0,1.0,3.0,15.8,24.4,14.241,27.701,31.0
2026-04-27T05:10:04Z,232,3.0,1.0,3.0,15.8,25.4,14.204,30.336,31.0
2026-04-27T05:15:04Z,232,2.0,0.0,2.0,15.8,25.8,14.052,31.016,31.0
2026-04-27T05:20:04Z,232,4.0,0.0,4.0,15.8,26.4,13.923,32.802,31.0
2026-04-27T05:25:04Z,232,5.0,2.0,5.0,15.8,26.2,13.843,31.682,31.0
2026-04-27T05:30:04Z,232,4.0,2.0,4.0,15.7,26.0,13.769,31.221,31.0
2026-04-27T05:35:04Z,232,4.0,2.0,4.0,15.7,26.2,13.718,31.467,31.0
2026-04-27T05:40:04Z,232,5.0,0.0,5.0,15.6,26.2,13.619,31.806,31.0
2026-04-27T05:45:04Z,232,3.0,1.0,3.0,15.5,26.5,13.48,32.466,31.0
2026-04-27T05:50:04Z,232,5.0,1.0,5.0,15.5,26.7,13.117,33.437,31.0
2026-04-27T05:55:04Z,232,5.0,1.0,5.0,15.4,26.2,13.603,30.841,31.0
2026-04-27T06:00:04Z,232,4.0,1.0,4.0,15.4,26.7,13.526,32.767,31.0
2026-04-27T06:05:04Z,232,4.0,0.0,4.0,15.4,27.0,13.363,34.253,31.0
2026-04-27T06:10:04Z,232,5.0,2.0,6.0,15.3,27.0,13.443,33.208,31.0
2026-04-27T06:15:04Z,232,5.0,2.0,5.0,15.3,27.0,13.555,32.695,31.0
2026-04-27T06:20:04Z,232,5.0,3.0,5.0,15.3,26.8,13.421,31.922,31.0
2026-04-27T06:25:04Z,232,5.0,2.0,6.0,15.3,26.8,13.504,32.367,31.0
2026-04-27T06:30:05Z,232,6.0,2.0,6.0,15.3,27.2,13.251,34.476,31.0
2026-04-27T06:35:04Z,232,4.0,3.0,4.0,15.3,27.6,13.165,34.776,31.0
2026-04-27T06:40:04Z,232,4.0,2.0,4.0,15.2,27.3,13.17,34.002,31.0
2026-04-27T06:45:04Z,232,5.0,2.0,5.0,15.1,27.6,13.09,34.925,31.0
2026-04-27T06:50:04Z,232,5.0,2.0,7.0,15.1,27.8,13.04,35.081,31.0
2026-04-27T06:55:04Z,232,6.0,3.0,7.0,15.1,27.6,13.096,34.124,31.0
2026-04-27T07:00:04Z,232,6.0,4.0,7.0,15.1,27.4,13.117,32.573,31.0
2026-04-27T07:05:05Z,232,4.0,0.0,5.0,15.0,27.1,13.08,33.042,31.0
2026-04-27T07:10:04Z,232,6.0,3.0,6.0,15.0,27.3,12.922,33.862,31.0
2026-04-27T07:15:04Z,232,5.0,3.0,7.0,15.0,27.4,12.797,34.095,31.0
2026-04-27T07:20:05Z,232,7.0,3.0,7.0,14.9,27.3,12.858,33.469,31.0
2026-04-27T07:25:04Z,232,6.0,2.0,6.0,14.9,27.6,12.866,34.213,31.0
2026-04-27T07:30:05Z,232,7.0,3.0,8.0,14.9,27.5,12.724,34.225,31.0
2026-04-27T07:35:05Z,232,8.0,3.0,8.0,14.8,27.6,12.791,34.312,31.0
2026-04-27T07:40:05Z,232,5.0,3.0,6.0,14.8,27.7,12.647,34.618,31.0
2026-04-27T07:45:04Z,232,6.0,4.0,8.0,14.8,27.7,12.794,33.96,31.0
2026-04-27T07:50:05Z,232,6.0,4.0,6.0,14.8,26.9,12.861,31.247,31.0
2026-04-27T07:55:05Z,232,3.0,3.0,4.0,14.8,26.3,12.943,29.807,31.0
2026-04-27T08:00:05Z,232,4.0,0.0,4.0,14.7,26.6,12.903,31.858,31.0
2026-04-27T08:05:04Z,232,4.0,1.0,5.0,14.7,26.7,12.781,32.01,31.0
2026-04-27T08:10:05Z,232,3.0,0.0,4.0,14.8,26.5,12.762,30.456,31.0
2026-04-27T08:15:05Z,232,1.0,0.0,2.0,14.7,25.6,12.823,27.852,31.0
2026-04-27T08:20:05Z,232,2.0,1.0,3.0,14.7,25.6,12.703,29.447,31.0
2026-04-27T08:25:05Z,232,2.0,1.0,3.0,14.7,25.2,12.81,28.07,31.0
2026-04-27T08:30:05Z,232,3.0,0.0,3.0,14.7,25.0,12.855,27.713,31.0
2026-04-27T08:35:05Z,232,1.0,0.0,1.0,14.7,24.8,12.815,27.217,31.0
2026-04-27T08:40:05Z,232,1.0,0.0,1.0,14.7,24.7,12.674,27.499,31.0
2026-04-27T08:45:05Z,232,0.0,0.0,2.0,14.7,24.5,12.778,26.555,31.0
2026-04-27T08:50:05Z,232,0.0,0.0,0.0,14.7,24.6,12.65,28.474,31.0
2026-04-27T08:55:05Z,232,2.0,0.0,2.0,14.7,24.9,12.535,29.554,31.0
2026-04-27T09:00:05Z,232,1.0,0.0,1.0,14.7,25.2,12.548,29.513,31.0
2026-04-27T09:05:04Z,232,1.0,0.0,2.0,14.6,25.2,12.62,29.597,31.0
2026-04-27T09:10:05Z,232,1.0,0.0,1.0,14.6,25.3,12.628,30.624,31.0
2026-04-27T09:15:05Z,232,3.0,0.0,3.0,14.6,25.8,12.655,30.666,31.0
2026-04-27T09:20:04Z,232,2.0,0.0,3.0,14.6,26.0,12.588,31.73,31.0
2026-04-27T09:25:05Z,232,4.0,1.0,4.0,14.6,26.4,12.455,33.107,31.0
2026-04-27T09:30:05Z,232,4.0,1.0,5.0,14.6,27.0,12.335,34.246,31.0
2026-04-27T09:35:05Z,232,5.0,1.0,6.0,14.5,27.2,12.425,34.896,31.0
2026-04-27T09:40:05Z,232,3.0,1.0,4.0,14.5,27.0,12.391,33.721,31.0
2026-04-27T09:45:05Z,232,3.0,1.0,3.0,14.5,27.0,12.367,33.326,31.0
2026-04-27T09:50:05Z,232,4.0,2.0,5.0,14.5,26.8,12.396,32.308,31.0
2026-04-27T09:55:04Z,232,4.0,2.0,4.0,14.5,26.6,12.332,32.891,31.0
2026-04-27T10:00:05Z,232,2.0,0.0,3.0,14.5,26.6,12.185,32.35,31.0
2026-04-27T10:05:05Z,232,3.0,0.0,3.0,14.4,26.7,12.255,32.947,31.0
2026-04-27T10:10:04Z,232,2.0,1.0,2.0,14.4,27.5,12.193,35.003,31.0
2026-04-27T10:15:05Z,232,2.0,0.0,3.0,14.4,27.1,12.268,33.305,31.0
2026-04-27T10:20:05Z,232,4.0,0.0,4.0,14.4,26.8,12.193,32.838,31.0
2026-04-27T10:25:05Z,232,2.0,0.0,3.0,14.4,27.0,12.217,33.387,31.0
2026-04-27T10:30:05Z,232,2.0,0.0,2.0,14.3,27.0,12.209,33.118,31.0
2026-04-27T10:35:05Z,232,1.0,0.0,2.0,14.3,26.3,12.233,29.983,31.0
2026-04-27T10:40:05Z,232,0.0,0.0,1.0,14.3,25.1,12.263,28.552,31.0
2026-04-27T10:45:05Z,232,0.0,0.0,0.0,14.3,25.3,12.268,28.812,31.0
2026-04-27T10:50:05Z,232,0.0,0.0,0.0,14.3,25.3,12.214,28.487,31.0
2026-04-27T10:55:05Z,232,0.0,0.0,0.0,14.3,24.8,12.249,27.026,31.0
2026-04-27T11:00:05Z,232,0.0,0.0,0.0,14.3,24.6,12.273,27.227,31.0
2026-04-27T11:05:05Z,232,0.0,0.0,1.0,14.3,25.0,12.06,29.42,31.0
2026-04-27T11:10:05Z,232,0.0,0.0,0.0,14.3,25.0,12.052,29.26,31.0
2026-04-27T11:15:05Z,232,0.0,0.0,0.0,14.3,25.4,12.049,30.412,31.0
2026-04-27T11:20:05Z,232,0.0,0.0,1.0,14.3,25.7,12.078,30.652,31.0
2026-04-27T11:25:05Z,232,0.0,0.0,0.0,14.3,25.3,12.025,29.422,31.0
2026-04-27T11:30:05Z,232,0.0,0.0,1.0,14.3,25.3,12.068,29.235,31.0
2026-04-27T11:35:05Z,232,0.0,0.0,0.0,14.2,25.1,12.054,29.061,31.0
2026-04-27T11:40:05Z,232,0.0,0.0,1.0,14.2,24.9,11.955,28.302,31.0
2026-04-27T11:45:05Z,232,0.0,0.0,0.0,14.2,24.6,12.113,27.743,31.0
2026-04-27T11:50:05Z,232,1.0,0.0,1.0,14.2,24.3,12.22,26.868,31.0
2026-04-27T11:55:05Z,232,1.0,0.0,1.0,14.2,24.7,12.102,28.771,31.0
2026-04-27T12:00:05Z,232,0.0,0.0,1.0,14.2,24.9,11.969,29.901,31.0
2026-04-27T12:05:05Z,232,0.0,0.0,1.0,14.2,25.7,11.819,31.184,31.0
2026-04-27T12:10:05Z,232,1.0,0.0,1.0,14.2,25.4,11.953,30.29,31.0
2026-04-27T12:15:05Z,232,2.0,1.0,2.0,14.2,25.4,12.182,30.332,31.0
2026-04-27T12:20:05Z,232,4.0,2.0,5.0,14.2,25.9,12.225,31.123,31.0
2026-04-27T12:25:05Z,232,0.0,0.0,1.0,14.3,25.2,12.548,28.18,31.0
2026-04-27T12:30:05Z,232,14.0,6.0,17.0,14.3,25.7,12.679,30.009,31.0
2026-04-27T12:35:05Z,232,4.0,0.0,4.0,14.4,26.0,12.866,30.742,31.0
2026-04-27T12:40:05Z,232,2.0,0.0,2.0,14.5,26.0,13.026,29.58,31.0
2026-04-27T12:45:06Z,232,1.0,0.0,1.0,14.6,25.0,13.277,27.639,31.0
2026-04-27T12:50:05Z,232,0.0,0.0,0.0,14.7,23.9,13.432,24.632,31.0
2026-04-27T12:55:05Z,232,0.0,0.0,1.0,14.8,23.9,13.603,24.728,31.0
2026-04-27T13:00:05Z,232,0.0,0.0,0.0,14.9,23.8,13.843,24.663,31.0
2026-04-27T13:05:05Z,232,2.0,0.0,2.0,15.1,24.4,14.244,25.952,31.0
2026-04-27T13:10:05Z,232,0.0,0.0,0.0,15.3,24.8,15.705,25.657,31.0
2026-04-27T13:15:05Z,232,0.0,0.0,0.0,15.9,25.3,17.123,24.577,31.0
2026-04-27T13:20:05Z,232,0.0,0.0,0.0,16.7,25.4,18.399,24.051,31.0
2026-04-27T13:25:05Z,232,0.0,0.0,0.0,17.6,24.9,19.515,21.186,31.0
2026-04-27T13:30:05Z,232,0.0,0.0,0.0,18.8,25.1,20.533,22.01,31.0
2026-04-27T13:35:05Z,232,2.0,0.0,2.0,19.9,24.9,21.462,20.417,31.0
2026-04-27T13:40:05Z,232,1.0,0.0,1.0,21.1,23.4,22.255,17.997,31.0
2026-04-27T13:45:05Z,232,0.0,0.0,0.0,22.3,23.0,23.171,16.808,31.0
2026-04-27T13:50:05Z,232,0.0,0.0,0.0,23.4,22.1,23.911,16.004,31.0
2026-04-27T13:55:05Z,232,0.0,0.0,0.0,24.4,21.3,24.714,14.748,31.0
2026-04-27T14:00:05Z,232,0.0,0.0,0.0,25.4,20.9,25.056,15.727,31.0
2026-04-27T14:05:05Z,232,0.0,0.0,0.0,26.3,20.5,25.147,15.551,31.0
2026-04-27T14:10:05Z,232,0.0,0.0,0.0,27.0,19.9,25.769,14.594,31.0
2026-04-27T14:15:06Z,232,2.0,0.0,2.0,27.7,20.0,25.959,17.037,31.0
2026-04-27T14:20:05Z,232,3.0,0.0,3.0,28.2,20.6,26.073,18.716,31.0
2026-04-27T14:25:05Z,232,4.0,0.0,5.0,28.7,20.2,26.445,18.205,31.0
2026-04-27T14:30:05Z,232,3.0,1.0,3.0,29.2,19.8,26.875,17.194,31.0
2026-04-27T14:35:05Z,232,2.0,0.0,2.0,29.5,19.4,26.81,17.152,31.0
2026-04-27T14:40:06Z,232,2.0,1.0,2.0,30.0,19.4,27.123,17.066,31.0
2026-04-27T14:45:06Z,232,3.0,1.0,3.0,30.4,19.3,27.537,18.023,31.0
2026-04-27T14:50:06Z,232,4.0,1.0,5.0,30.7,19.1,27.855,17.066,31.0
2026-04-27T14:55:06Z,232,4.0,2.0,4.0,30.9,18.8,27.518,17.297,31.0
2026-04-27T15:00:06Z,232,7.0,3.0,8.0,31.1,18.6,28.047,16.965,31.0
2026-04-27T15:05:05Z,232,4.0,1.0,4.0,31.3,18.5,29.0,16.435,31.0
2026-04-27T15:10:05Z,232,4.0,0.0,4.0,31.6,18.0,28.88,15.305,31.0
2026-04-27T15:15:06Z,232,1.0,0.0,1.0,31.8,17.8,28.439,15.832,31.0
2026-04-27T15:20:06Z,232,2.0,0.0,3.0,32.0,17.6,29.0,15.765,31.0
2026-04-27T15:25:06Z,232,3.0,0.0,3.0,32.1,17.5,29.411,15.132,31.0
2026-04-28T17:19:12Z,232,2.0,2.0,2.0,21.9,33.6,26.752,28.291,30.0
2026-04-28T17:23:45Z,232,1.0,0.0,2.0,24.9,29.4,26.973,28.344,30.0
2026-04-28T17:28:45Z,232,0.0,0.0,0.0,26.0,28.1,26.116,29.678,30.0
2026-04-28T17:33:45Z,232,0.0,0.0,2.0,26.7,26.9,25.825,30.015,30.0
2026-04-28T17:38:45Z,232,0.0,0.0,0.0,27.2,26.3,25.753,29.994,30.0
2026-04-28T17:43:45Z,232,0.0,0.0,1.0,27.7,26.1,26.495,29.023,30.0
2026-04-28T17:48:45Z,232,0.0,0.0,2.0,28.0,25.5,27.745,26.95,30.0
2026-04-28T17:53:45Z,232,1.0,0.0,1.0,28.4,25.4,28.098,27.08,30.0
2026-04-28T17:58:45Z,232,2.0,0.0,3.0,28.7,25.1,27.769,27.803,30.0
2026-04-28T18:03:45Z,232,1.0,0.0,1.0,28.8,24.8,26.917,28.562,30.0
2026-04-28T18:08:46Z,232,1.0,0.0,1.0,28.9,24.7,26.907,28.997,30.0
2026-04-28T18:13:46Z,232,0.0,0.0,0.0,28.8,24.7,26.698,29.458,30.0
2026-04-28T18:18:46Z,232,1.0,0.0,1.0,28.8,24.5,26.781,29.565,30.0
2026-04-28T18:23:46Z,232,0.0,0.0,0.0,28.9,24.6,26.995,29.492,30.0
2026-04-28T18:28:46Z,232,0.0,0.0,0.0,29.1,24.6,26.602,30.526,30.0
2026-04-28T18:33:46Z,232,0.0,0.0,0.0,29.2,24.6,27.16,29.573,30.0
2026-04-28T18:38:46Z,232,0.0,0.0,0.0,29.2,24.8,27.745,28.438,30.0
2026-04-28T18:43:46Z,232,2.0,0.0,2.0,29.4,24.2,27.475,28.607,30.0
2026-04-28T18:48:46Z,232,0.0,0.0,0.0,29.7,24.0,26.933,28.962,30.0
2026-04-28T18:53:46Z,232,0.0,0.0,0.0,29.9,23.9,27.393,28.195,30.0
2026-04-28T18:58:46Z,232,0.0,0.0,0.0,30.0,24.1,28.05,29.073,30.0
2026-04-28T19:03:45Z,232,0.0,0.0,0.0,30.2,24.2,27.238,29.655,30.0
2026-04-28T19:08:45Z,232,0.0,0.0,0.0,30.3,24.2,26.92,30.772,30.0
2026-04-28T19:13:45Z,232,0.0,0.0,0.0,30.2,24.0,26.907,29.784,30.0
2026-04-28T19:18:45Z,232,0.0,0.0,0.0,30.3,24.0,27.839,29.168,30.0
2026-04-28T19:23:55Z,232,0.0,0.0,0.0,30.3,24.0,26.933,30.49,30.0
2026-04-28T19:28:46Z,232,1.0,0.0,1.0,30.3,24.1,26.266,31.53,30.0
2026-04-28T19:33:46Z,232,0.0,0.0,0.0,30.1,24.2,27.166,30.803,30.0
2026-04-28T19:38:46Z,232,0.0,0.0,0.0,29.9,24.4,27.158,30.711,30.0
2026-04-28T19:43:46Z,232,1.0,0.0,1.0,29.8,24.5,26.49,31.963,30.0
2026-04-28T19:48:46Z,232,1.0,0.0,1.0,29.6,24.8,26.039,33.027,30.0
2026-04-28T19:53:46Z,232,0.0,0.0,0.0,29.4,25.0,26.148,32.968,30.0
2026-04-28T19:58:46Z,232,1.0,0.0,2.0,29.1,25.3,25.692,34.188,30.0
2026-04-28T20:03:46Z,232,0.0,0.0,0.0,28.9,25.5,25.956,33.727,30.0
2026-04-28T20:08:46Z,232,0.0,0.0,1.0,28.7,25.7,25.507,34.873,30.0
2026-04-28T20:13:46Z,232,0.0,0.0,0.0,28.5,25.9,25.526,34.808,30.0
2026-04-28T20:18:46Z,232,0.0,0.0,0.0,28.3,26.3,25.037,36.0,30.0
2026-04-28T20:23:46Z,232,0.0,0.0,0.0,28.0,26.6,25.473,35.606,30.0
2026-04-28T20:28:46Z,232,1.0,0.0,1.0,27.9,26.7,25.708,35.342,30.0
2026-04-28T20:33:46Z,232,1.0,0.0,1.0,27.8,26.9,25.278,36.132,30.0
2026-04-28T20:38:46Z,232,6.0,1.0,6.0,27.6,27.2,24.864,37.566,30.0
2026-04-28T20:43:46Z,232,3.0,1.0,3.0,27.4,27.7,24.525,38.945,30.0
2026-04-28T20:48:46Z,232,4.0,1.0,4.0,27.2,28.0,24.041,40.038,30.0
2026-04-28T20:53:46Z,232,1.0,1.0,2.0,26.9,28.4,24.148,39.804,30.0
2026-04-28T20:58:46Z,232,3.0,0.0,3.0,26.8,28.6,24.538,39.6,30.0
2026-04-28T21:03:46Z,232,1.0,0.0,1.0,26.7,29.0,24.359,40.023,30.0
2026-04-28T21:08:46Z,232,3.0,1.0,3.0,26.4,29.5,24.167,41.251,30.0
2026-04-28T21:13:46Z,232,3.0,2.0,3.0,26.2,29.9,23.534,42.919,30.0
2026-04-28T21:18:46Z,232,1.0,0.0,2.0,25.9,30.2,23.141,44.202,30.0
2026-04-28T21:23:46Z,232,2.0,1.0,3.0,25.5,30.7,22.343,45.385,30.0
2026-04-28T21:28:46Z,232,2.0,1.0,2.0,25.0,31.0,22.453,45.627,30.0
2026-04-28T21:33:46Z,232,1.0,0.0,2.0,24.5,31.5,21.785,47.479,30.0
2026-04-28T21:38:46Z,232,0.0,0.0,0.0,23.9,32.1,21.171,49.035,30.0
2026-04-28T21:43:46Z,232,1.0,0.0,1.0,23.3,32.7,21.459,48.454,30.0
2026-04-28T21:48:46Z,232,1.0,0.0,1.0,22.9,33.8,21.147,49.449,30.0
2026-04-28T21:53:55Z,232,1.0,0.0,1.0,22.5,34.0,20.973,49.478,30.0
2026-04-28T21:58:46Z,232,0.0,0.0,1.0,22.2,34.7,20.765,50.359,30.0
2026-04-28T22:03:46Z,232,3.0,0.0,3.0,21.9,35.2,20.46,50.836,30.0
2026-04-28T22:08:46Z,232,2.0,0.0,2.0,21.5,36.1,20.228,51.538,30.0
2026-04-28T22:13:46Z,232,6.0,0.0,7.0,21.3,35.7,19.804,52.877,30.0
2026-04-28T22:18:46Z,232,3.0,0.0,4.0,21.0,36.7,19.841,53.293,30.0
2026-04-28T22:23:47Z,232,2.0,1.0,2.0,20.8,37.2,19.563,54.473,30.0
2026-04-28T22:28:46Z,232,0.0,0.0,1.0,20.5,38.1,19.371,55.419,30.0
2026-04-28T22:33:53Z,232,2.0,0.0,2.0,20.4,38.6,19.235,55.803,30.0
2026-04-28T22:38:46Z,232,2.0,1.0,3.0,20.1,38.5,18.933,56.753,30.0
2026-04-28T22:43:46Z,232,0.0,0.0,0.0,20.0,39.6,18.93,56.633,30.0
2026-04-28T22:48:46Z,232,3.0,0.0,3.0,19.8,40.0,18.826,57.001,30.0
2026-04-28T22:53:46Z,232,1.0,0.0,2.0,19.6,40.1,18.674,57.441,30.0
2026-04-28T22:58:53Z,232,0.0,0.0,0.0,19.5,40.0,18.762,56.619,30.0
2026-04-28T23:03:46Z,232,0.0,0.0,0.0,19.4,40.1,18.725,56.264,30.0
2026-04-28T23:08:46Z,232,0.0,0.0,0.0,19.3,40.5,18.439,57.172,30.0
2026-04-28T23:13:47Z,232,1.0,0.0,1.0,19.3,41.4,18.281,57.918,30.0
2026-04-28T23:18:46Z,232,0.0,0.0,0.0,19.2,41.1,18.554,56.741,30.0
2026-04-28T23:23:46Z,232,14.0,6.0,16.0,19.1,40.8,18.022,58.172,30.0
2026-04-28T23:29:04Z,232,1.0,0.0,1.0,19.0,41.0,17.753,58.588,30.0
2026-04-28T23:33:46Z,232,3.0,0.0,3.0,18.9,41.5,17.507,60.464,30.0
2026-04-28T23:38:47Z,232,4.0,1.0,5.0,18.8,41.8,17.483,60.283,30.0
2026-04-28T23:43:46Z,232,33.0,22.0,38.0,18.6,42.5,17.0,62.074,30.0
2026-04-28T23:48:47Z,232,45.0,28.0,55.0,18.4,42.8,16.896,62.326,30.0
2026-04-28T23:53:47Z,232,0.0,0.0,0.0,18.2,43.1,17.133,61.819,30.0
2026-04-28T23:58:47Z,232,3.0,1.0,4.0,18.2,43.5,17.48,61.409,30.0
2026-04-29T00:03:47Z,232,2.0,0.0,2.0,18.2,43.9,17.638,61.201,30.0
2026-04-29T00:08:47Z,232,3.0,1.0,3.0,18.1,44.0,17.203,62.421,30.0
2026-04-29T00:13:47Z,232,2.0,1.0,2.0,18.0,44.1,16.532,64.172,30.0
2026-04-29T00:18:46Z,232,1.0,0.0,2.0,17.9,44.3,16.14,65.996,30.0
2026-04-29T00:23:46Z,232,0.0,0.0,0.0,17.7,44.6,15.622,67.638,30.0
2026-04-29T00:28:47Z,232,0.0,0.0,0.0,17.4,45.4,15.689,67.764,30.0
2026-04-29T00:33:47Z,232,1.0,0.0,2.0,17.2,46.1,15.114,69.959,30.0
2026-04-29T00:38:47Z,232,1.0,0.0,1.0,17.0,46.8,14.968,70.188,30.0
2026-04-29T00:43:47Z,232,0.0,0.0,0.0,16.8,47.2,15.13,69.645,30.0
2026-04-29T00:48:47Z,232,1.0,0.0,2.0,16.7,47.0,15.098,69.044,30.0
2026-04-29T00:53:47Z,232,0.0,0.0,2.0,16.5,47.6,14.989,69.832,30.0
2026-04-29T00:58:47Z,232,2.0,0.0,2.0,16.4,47.8,14.869,70.762,30.0
2026-04-29T01:03:47Z,232,1.0,0.0,1.0,16.3,47.7,14.663,70.432,30.0
2026-04-29T01:08:47Z,232,1.0,0.0,1.0,16.2,48.2,14.607,70.848,30.0
2026-04-29T01:13:47Z,232,2.0,0.0,3.0,16.0,48.7,14.217,72.491,30.0
2026-04-29T01:18:47Z,232,3.0,0.0,3.0,15.9,49.3,14.092,73.366,30.0
2026-04-29T01:23:47Z,232,2.0,1.0,4.0,15.7,49.6,13.945,74.432,30.0
2026-04-29T01:28:47Z,232,3.0,1.0,3.0,15.6,50.2,14.06,73.965,30.0
2026-04-29T01:33:47Z,232,4.0,0.0,4.0,15.5,50.6,13.576,75.628,30.0
2026-04-29T01:38:47Z,232,2.0,0.0,2.0,15.4,51.0,13.742,75.807,30.0
2026-04-29T01:43:47Z,232,3.0,1.0,3.0,15.4,51.4,13.654,75.823,30.0
2026-04-29T01:48:46Z,232,2.0,0.0,2.0,15.3,51.7,13.646,76.233,30.0
2026-04-29T01:53:47Z,232,4.0,1.0,4.0,15.2,51.9,13.59,76.198,30.0
2026-04-29T01:58:47Z,232,4.0,1.0,4.0,15.2,51.9,13.715,75.676,30.0
2026-04-29T02:03:47Z,232,1.0,0.0,1.0,15.2,52.1,13.875,75.21,30.0
2026-04-29T02:08:47Z,232,3.0,0.0,3.0,15.2,52.3,13.734,75.571,30.0
2026-04-29T02:13:52Z,232,3.0,0.0,3.0,15.2,52.5,13.651,76.326,30.0
2026-04-29T02:18:46Z,232,2.0,1.0,2.0,15.1,52.9,13.801,76.767,30.0
2026-04-29T02:23:47Z,232,0.0,0.0,0.0,15.2,53.0,15.032,72.304,30.0
2026-04-29T02:28:47Z,232,1.0,0.0,2.0,15.3,52.6,14.516,73.561,30.0
2026-04-29T02:33:47Z,232,0.0,0.0,1.0,15.4,53.2,14.679,73.818,30.0
2026-04-29T02:38:47Z,232,0.0,0.0,0.0,15.5,52.7,14.519,74.064,30.0
2026-04-29T02:43:47Z,232,0.0,0.0,1.0,15.6,53.1,14.538,74.68,30.0
2026-04-29T02:48:47Z,232,2.0,0.0,2.0,15.6,52.8,14.468,74.507,30.0
2026-04-29T02:53:47Z,232,1.0,0.0,1.0,15.6,52.9,14.367,75.603,30.0
2026-04-29T02:58:54Z,232,3.0,0.0,3.0,15.7,52.9,14.305,75.931,30.0
2026-04-29T03:03:47Z,232,2.0,0.0,2.0,15.7,53.1,14.431,75.743,30.0
2026-04-29T03:08:47Z,232,1.0,0.0,1.0,15.7,52.7,13.934,76.713,30.0
2026-04-29T03:13:47Z,232,3.0,0.0,4.0,15.5,53.0,13.779,76.939,30.0
2026-04-29T03:18:47Z,232,4.0,2.0,4.0,15.4,53.2,13.547,77.89,30.0
2026-04-29T03:23:47Z,232,5.0,0.0,5.0,15.3,53.6,13.606,77.492,30.0
2026-04-29T03:28:47Z,232,2.0,0.0,2.0,15.2,53.7,13.475,77.398,30.0
2026-04-29T03:33:47Z,232,1.0,0.0,2.0,15.1,53.9,13.467,78.468,30.0
2026-04-29T03:38:47Z,232,3.0,0.0,4.0,15.1,54.2,13.317,78.911,30.0
2026-04-29T03:43:47Z,232,3.0,0.0,3.0,15.0,54.3,13.133,79.151,30.0
2026-04-29T03:48:47Z,232,6.0,3.0,8.0,14.9,54.6,12.922,80.503,30.0
2026-04-29T03:53:47Z,232,6.0,3.0,7.0,14.8,54.9,12.914,80.16,30.0
2026-04-29T03:58:47Z,232,8.0,4.0,8.0,14.7,55.4,12.895,80.086,30.0
2026-04-29T04:03:47Z,232,6.0,4.0,7.0,14.6,55.7,12.906,80.65,30.0
2026-04-29T04:08:47Z,232,6.0,4.0,6.0,14.6,55.5,12.684,81.852,30.0
2026-04-29T04:13:47Z,232,12.0,5.0,13.0,14.5,55.7,12.628,81.345,30.0
2026-04-29T04:18:47Z,232,6.0,4.0,6.0,14.4,56.1,12.551,82.262,30.0
2026-04-29T04:23:47Z,232,5.0,2.0,5.0,14.4,56.7,12.714,82.247,30.0
2026-04-29T04:28:47Z,232,4.0,1.0,4.0,14.4,56.6,12.666,82.201,30.0
2026-04-29T04:33:47Z,232,4.0,2.0,4.0,14.4,56.5,12.599,81.552,30.0
2026-04-29T04:38:47Z,232,3.0,2.0,3.0,14.3,56.5,12.332,82.97,30.0
2026-04-29T04:43:47Z,232,3.0,2.0,3.0,14.3,57.1,12.425,83.269,30.0
2026-04-29T04:48:47Z,232,3.0,2.0,3.0,14.2,57.0,12.281,82.876,30.0
2026-04-29T04:53:47Z,232,4.0,2.0,4.0,14.2,56.9,12.14,83.694,30.0
2026-04-29T04:58:47Z,232,4.0,2.0,5.0,14.1,57.2,12.228,82.481,30.0
2026-04-29T05:03:47Z,232,4.0,2.0,4.0,14.0,57.5,12.129,83.906,30.0
2026-04-29T05:08:47Z,232,3.0,2.0,3.0,14.0,57.8,12.001,84.917,30.0
2026-04-29T05:13:47Z,232,4.0,2.0,4.0,13.9,58.1,12.03,84.482,30.0
2026-04-29T05:18:47Z,232,3.0,2.0,3.0,13.9,58.3,12.044,85.266,30.0
2026-04-29T05:23:47Z,232,3.0,1.0,4.0,13.9,58.6,12.463,83.708,30.0
2026-04-29T05:28:47Z,232,4.0,1.0,4.0,13.9,58.1,12.23,83.141,30.0
2026-04-29T05:33:47Z,232,3.0,1.0,4.0,13.9,57.8,12.094,83.115,30.0
2026-04-29T05:38:47Z,232,3.0,1.0,3.0,13.9,58.3,11.99,85.238,30.0
2026-04-29T05:43:47Z,232,3.0,2.0,3.0,13.8,58.4,11.985,84.133,30.0
2026-04-29T05:48:47Z,232,4.0,1.0,4.0,13.7,58.5,11.875,84.602,30.0
2026-04-29T05:53:47Z,232,3.0,1.0,4.0,13.7,58.8,11.793,85.566,30.0
2026-04-29T05:58:47Z,232,4.0,2.0,4.0,13.6,58.8,11.897,84.64,30.0
2026-04-29T06:03:47Z,232,4.0,2.0,4.0,13.6,58.7,11.873,84.736,30.0
2026-04-29T06:08:47Z,232,4.0,2.0,4.0,13.6,58.7,11.811,85.169,30.0
2026-04-29T06:13:47Z,232,4.0,2.0,4.0,13.6,59.1,11.963,85.15,30.0
2026-04-29T06:18:47Z,232,4.0,2.0,4.0,13.6,58.4,11.702,83.736,30.0
2026-04-29T06:23:47Z,232,5.0,2.0,5.0,13.5,58.1,11.283,84.707,30.0
2026-04-29T06:28:47Z,232,5.0,3.0,5.0,13.5,58.2,11.552,84.011,30.0
2026-04-29T06:33:47Z,232,5.0,4.0,5.0,13.4,58.1,11.349,83.99,30.0
2026-04-29T06:38:47Z,232,6.0,3.0,6.0,13.4,58.1,11.323,84.501,30.0
2026-04-29T06:43:48Z,232,6.0,3.0,6.0,13.4,58.7,11.24,87.055,30.0
2026-04-29T06:48:47Z,232,5.0,4.0,7.0,13.3,59.2,11.59,85.524,30.0
2026-04-29T06:53:47Z,232,5.0,5.0,5.0,13.3,58.6,11.424,83.91,30.0
2026-04-29T06:58:47Z,232,5.0,3.0,6.0,13.3,58.4,11.218,84.328,30.0
2026-04-29T07:03:47Z,232,6.0,3.0,6.0,13.3,58.7,11.2,84.951,30.0
2026-04-29T07:08:53Z,232,6.0,4.0,6.0,13.2,58.7,11.186,84.995,30.0
2026-04-29T07:13:47Z,232,6.0,3.0,6.0,13.2,59.3,11.061,87.082,30.0
2026-04-29T07:18:48Z,232,7.0,5.0,7.0,13.2,59.3,11.007,85.69,30.0
2026-04-29T07:23:48Z,232,8.0,4.0,9.0,13.1,58.8,10.957,85.201,30.0
2026-04-29T07:28:47Z,232,6.0,3.0,6.0,13.0,59.3,10.783,87.549,30.0
2026-04-29T07:33:56Z,232,7.0,5.0,8.0,13.0,59.5,10.826,87.748,30.0
2026-04-29T07:38:48Z,232,6.0,3.0,7.0,13.0,59.8,10.877,88.295,30.0
2026-04-29T07:43:47Z,232,7.0,4.0,7.0,12.9,60.0,10.917,87.042,30.0
2026-04-29T07:48:47Z,232,6.0,3.0,6.0,12.9,60.5,10.933,87.32,30.0
2026-04-29T07:53:48Z,232,4.0,1.0,4.0,12.9,60.2,10.855,87.433,30.0
2026-04-29T07:58:48Z,232,6.0,2.0,6.0,12.9,59.8,10.74,86.05,30.0
2026-04-29T08:03:48Z,232,5.0,4.0,7.0,12.9,59.9,10.583,88.261,30.0
2026-04-29T08:08:48Z,232,4.0,2.0,4.0,12.8,59.9,10.489,87.929,30.0
2026-04-29T08:13:48Z,232,4.0,3.0,5.0,12.8,60.3,10.262,89.031,30.0
2026-04-29T08:18:48Z,232,5.0,3.0,8.0,12.7,60.8,10.415,89.661,30.0
2026-04-29T08:23:48Z,232,5.0,3.0,5.0,12.6,60.8,10.399,89.741,30.0
2026-04-29T08:28:48Z,232,4.0,2.0,4.0,12.6,61.1,10.546,88.135,30.0
2026-04-29T08:33:48Z,232,4.0,2.0,4.0,12.6,60.9,10.505,87.088,30.0
2026-04-29T08:38:48Z,232,7.0,6.0,8.0,12.6,60.7,10.439,86.945,30.0
2026-04-29T08:43:47Z,232,3.0,2.0,4.0,12.6,60.2,10.351,86.87,30.0
2026-04-29T08:48:48Z,232,3.0,2.0,3.0,12.5,60.2,10.297,87.162,30.0
2026-04-29T08:53:48Z,232,6.0,4.0,6.0,12.5,60.1,10.204,86.607,30.0
2026-04-29T08:58:48Z,232,6.0,4.0,6.0,12.4,59.7,10.041,87.246,30.0
2026-04-29T09:03:48Z,232,6.0,5.0,6.0,12.4,59.8,9.942,87.864,30.0
2026-04-29T09:08:48Z,232,5.0,3.0,6.0,12.3,59.7,9.758,88.989,30.0
2026-04-29T09:13:48Z,232,5.0,3.0,5.0,12.2,60.2,9.937,87.784,30.0
2026-04-29T09:18:48Z,232,5.0,3.0,6.0,12.2,59.8,9.929,87.055,30.0
2026-04-29T09:23:48Z,232,5.0,2.0,5.0,12.1,59.9,9.694,87.719,30.0
2026-04-29T09:28:47Z,232,4.0,2.0,4.0,12.1,60.2,9.552,88.738,30.0
2026-04-29T09:33:48Z,232,5.0,3.0,5.0,12.0,60.6,9.517,88.713,30.0
2026-04-29T09:38:48Z,232,6.0,3.0,6.0,11.9,60.4,9.536,89.237,30.0
2026-04-29T09:43:48Z,232,4.0,2.0,5.0,11.9,61.4,9.539,90.45,30.0
2026-04-29T09:48:48Z,232,4.0,1.0,4.0,11.9,60.8,9.427,88.383,30.0
2026-04-29T09:53:57Z,232,5.0,2.0,5.0,11.8,61.2,9.568,88.728,30.0
2026-04-29T09:58:54Z,232,4.0,2.0,4.0,11.8,61.3,9.517,88.997,30.0
2026-04-29T10:03:58Z,232,2.0,1.0,4.0,11.8,61.2,9.576,88.718,30.0
2026-04-29T10:08:48Z,232,5.0,1.0,5.0,11.8,61.4,9.704,88.596,30.0
2026-04-29T10:13:48Z,232,4.0,2.0,5.0,11.8,61.6,9.678,88.766,30.0
2026-04-29T10:19:03Z,232,4.0,2.0,4.0,11.9,61.3,9.739,87.933,30.0
2026-04-29T10:23:48Z,232,4.0,3.0,4.0,11.9,61.2,9.747,87.992,30.0
2026-04-29T10:28:48Z,232,3.0,2.0,3.0,11.9,61.5,9.632,89.045,30.0
2026-04-29T10:33:48Z,232,8.0,4.0,9.0,11.9,61.8,9.624,89.602,30.0
2026-04-29T10:38:48Z,232,7.0,5.0,7.0,11.9,61.8,9.712,89.468,30.0
2026-04-29T10:43:48Z,232,8.0,5.0,8.0,11.9,61.5,9.678,89.281,30.0
2026-04-29T10:48:48Z,232,8.0,4.0,9.0,11.9,61.1,9.491,89.682,30.0
2026-04-29T10:53:48Z,232,6.0,3.0,7.0,11.9,61.6,9.501,89.541,30.0
2026-04-29T10:58:48Z,232,5.0,3.0,5.0,11.9,61.5,9.63,89.251,30.0
2026-04-29T11:03:48Z,232,7.0,5.0,7.0,11.8,61.7,9.654,88.892,30.0
2026-04-29T11:08:48Z,232,7.0,4.0,7.0,11.8,61.4,9.453,89.113,30.0
2026-04-29T11:13:48Z,232,7.0,4.0,7.0,11.9,61.5,9.678,88.411,30.0
2026-04-29T11:18:48Z,232,4.0,3.0,4.0,11.9,61.5,9.955,87.324,30.0
2026-04-29T11:23:48Z,232,3.0,2.0,3.0,11.9,61.4,9.843,87.446,30.0
2026-04-29T11:28:48Z,232,30.0,18.0,30.0,11.9,61.3,9.83,86.994,30.0
2026-04-29T11:33:48Z,232,4.0,3.0,4.0,11.9,61.1,9.71,87.555,30.0
2026-04-29T11:38:48Z,232,5.0,3.0,5.0,12.0,61.3,9.771,88.812,30.0
2026-04-29T11:43:48Z,232,5.0,3.0,5.0,12.0,61.0,9.688,88.005,30.0
2026-04-29T11:48:48Z,232,8.0,4.0,8.0,12.0,61.0,9.878,86.506,30.0
2026-04-29T11:53:48Z,232,6.0,4.0,6.0,12.0,60.8,9.814,86.906,30.0
2026-04-29T11:58:48Z,232,8.0,4.0,8.0,12.0,60.8,9.768,87.509,30.0
2026-04-29T12:03:48Z,232,19.0,8.0,19.0,12.1,61.1,9.947,87.099,30.0
2026-04-29T12:08:48Z,232,31.0,21.0,32.0,12.1,61.3,10.014,87.379,30.0
2026-04-29T12:13:48Z,232,23.0,9.0,23.0,12.1,61.2,10.113,87.238,30.0
2026-04-29T12:18:48Z,232,12.0,6.0,17.0,12.2,61.1,9.803,88.678,30.0
2026-04-29T12:23:48Z,232,8.0,4.0,8.0,12.2,61.1,10.11,86.666,30.0
2026-04-29T12:28:48Z,232,16.0,5.0,18.0,12.2,60.8,10.246,86.094,30.0
2026-04-29T12:33:48Z,232,15.0,7.0,18.0,12.3,61.0,12.572,77.158,30.0
2026-04-29T12:38:54Z,232,7.0,5.0,8.0,12.7,60.5,14.444,69.898,30.0
2026-04-29T12:43:48Z,232,23.0,14.0,26.0,13.3,59.8,15.381,67.795,30.0
2026-04-29T12:48:48Z,232,25.0,17.0,25.0,14.1,58.4,16.773,62.584,30.0
2026-04-29T12:53:48Z,232,22.0,13.0,22.0,14.9,56.3,16.994,59.116,30.0
2026-04-29T12:58:48Z,232,26.0,20.0,26.0,15.5,54.2,16.85,59.269,30.0
2026-04-29T13:03:48Z,232,25.0,17.0,27.0,16.0,52.8,18.503,55.13,30.0
2026-04-29T13:08:48Z,232,22.0,12.0,24.0,16.6,52.0,18.751,55.097,30.0
2026-04-29T13:13:48Z,232,19.0,12.0,20.0,17.1,51.2,19.44,53.405,30.0
2026-04-29T13:18:48Z,232,11.0,5.0,12.0,17.5,50.8,19.846,53.197,30.0
2026-04-29T13:23:48Z,232,10.0,5.0,12.0,17.9,49.9,19.94,52.949,30.0
2026-04-29T13:28:48Z,232,8.0,6.0,8.0,18.4,48.7,19.673,52.856,30.0
2026-04-29T13:33:49Z,232,13.0,7.0,15.0,18.8,47.2,17.95,56.045,30.0
2026-04-29T13:38:49Z,232,14.0,7.0,15.0,19.3,46.6,18.466,55.681,30.0
2026-04-29T13:43:48Z,232,8.0,5.0,11.0,19.8,45.4,18.933,55.208,30.0
2026-04-29T13:48:48Z,232,8.0,5.0,8.0,20.3,44.4,18.725,56.463,30.0
2026-04-29T13:53:49Z,232,10.0,4.0,11.0,20.7,44.0,19.36,53.911,30.0
2026-04-29T13:58:49Z,232,6.0,4.0,8.0,21.1,42.9,19.742,51.12,30.0
2026-04-29T14:03:48Z,232,6.0,4.0,6.0,21.4,42.2,20.407,50.243,30.0
2026-04-29T14:08:49Z,232,5.0,2.0,6.0,21.7,41.9,20.719,51.074,30.0
2026-04-29T14:13:48Z,232,7.0,3.0,8.0,22.0,41.2,21.165,49.072,30.0
2026-04-29T14:18:48Z,232,7.0,4.0,7.0,22.1,40.2,19.958,51.761,30.0
2026-04-29T14:23:49Z,232,6.0,2.0,7.0,22.2,40.1,21.71,47.222,30.0
2026-04-29T14:28:49Z,232,7.0,4.0,8.0,22.2,39.0,20.484,47.758,30.0
2026-04-29T14:33:49Z,232,7.0,5.0,8.0,22.3,38.7,21.542,45.619,30.0
2026-04-29T14:38:58Z,232,7.0,6.0,7.0,22.4,38.5,22.378,44.53,30.0
2026-04-29T14:43:49Z,232,4.0,2.0,5.0,22.6,38.0,22.519,43.506,30.0
2026-04-29T14:48:49Z,232,5.0,3.0,5.0,22.8,37.2,21.774,44.025,30.0
2026-04-29T14:53:49Z,232,6.0,2.0,7.0,22.9,37.8,23.053,43.958,30.0
2026-04-29T14:58:49Z,232,5.0,3.0,5.0,23.1,37.3,22.885,43.386,30.0
2026-04-29T15:03:49Z,232,4.0,3.0,5.0,23.2,37.6,23.425,43.422,30.0
2026-04-29T15:08:49Z,232,3.0,3.0,5.0,23.4,36.9,23.334,42.438,30.0
2026-04-29T15:13:49Z,232,4.0,2.0,5.0,23.5,37.8,23.617,45.507,30.0
2026-04-29T15:18:49Z,232,3.0,2.0,4.0,23.7,37.6,23.36,44.849,30.0
2026-04-29T15:23:49Z,232,4.0,1.0,5.0,23.8,37.1,23.323,43.939,30.0
2026-04-29T15:28:57Z,232,6.0,3.0,6.0,24.0,37.0,23.539,42.844,30.0
2026-04-29T15:33:49Z,232,5.0,2.0,6.0,24.2,36.6,23.513,43.348,30.0
2026-04-29T15:38:49Z,232,5.0,3.0,6.0,24.5,37.0,24.599,42.272,30.0
2026-04-29T15:43:49Z,232,8.0,5.0,8.0,24.8,36.2,24.362,41.377,30.0
2026-04-29T15:48:49Z,232,4.0,3.0,5.0,25.1,36.2,25.582,40.41,30.0
2026-04-29T15:53:48Z,232,11.0,4.0,12.0,25.4,35.6,25.644,40.046,30.0
2026-04-29T15:58:49Z,232,6.0,3.0,6.0,25.8,35.0,26.373,37.683,30.0
2026-04-29T16:03:49Z,232,6.0,2.0,6.0,26.0,33.7,25.099,38.23,30.0
2026-04-29T16:08:49Z,232,8.0,5.0,9.0,26.3,33.9,27.596,35.047,30.0
2026-04-29T16:13:49Z,232,7.0,4.0,7.0,26.7,33.5,27.158,35.596,30.0
2026-04-29T16:18:49Z,232,5.0,2.0,5.0,27.0,32.6,26.928,35.508,30.0
2026-04-29T16:23:49Z,232,6.0,4.0,7.0,27.3,32.6,27.379,36.359,30.0
2026-04-29T16:28:49Z,232,5.0,4.0,6.0,27.6,31.9,27.518,33.736,30.0
2026-04-29T16:33:49Z,232,5.0,3.0,6.0,27.9,31.3,27.168,34.587,30.0
2026-04-29T16:38:49Z,232,6.0,3.0,6.0,28.1,30.3,27.774,31.581,30.0
2026-04-29T16:43:49Z,232,6.0,3.0,7.0,28.4,29.5,28.295,29.136,30.0
2026-04-29T16:48:48Z,232,7.0,2.0,7.0,28.7,29.4,28.981,28.115,30.0
2026-04-29T16:53:49Z,232,6.0,3.0,6.0,29.0,28.8,27.809,30.437,30.0
2026-04-29T16:58:48Z,232,6.0,3.0,6.0,29.3,28.5,28.485,30.151,30.0
2026-04-29T17:03:49Z,232,6.0,3.0,6.0,29.7,28.3,28.835,29.258,30.0
2026-04-29T17:08:49Z,232,7.0,5.0,7.0,30.2,28.4,28.851,31.398,30.0
2026-04-29T17:13:49Z,232,6.0,2.0,7.0,30.5,28.3,29.537,30.696,30.0
2026-04-29T17:18:56Z,232,7.0,3.0,7.0,30.8,27.6,29.027,30.297,30.0
2026-04-29T17:23:49Z,232,7.0,5.0,8.0,30.9,26.8,29.08,28.817,30.0
2026-04-29T17:28:49Z,232,6.0,3.0,6.0,31.1,26.9,29.815,27.867,30.0
2026-04-29T17:33:49Z,232,6.0,3.0,6.0,31.4,27.4,29.876,31.118,30.0
2026-04-29T17:38:49Z,232,5.0,3.0,5.0,31.6,27.0,30.391,28.621,30.0
2026-04-29T17:43:59Z,232,6.0,4.0,6.0,31.9,26.3,29.222,29.122,30.0
2026-04-29T17:48:49Z,232,6.0,3.0,6.0,32.0,26.0,29.305,28.415,30.0
2026-04-29T17:53:49Z,232,8.0,4.0,8.0,32.0,26.1,29.585,30.074,30.0
2026-04-29T17:58:49Z,232,4.0,2.0,4.0,32.0,25.2,29.516,27.057,30.0
2026-04-29T18:03:49Z,232,5.0,4.0,5.0,31.9,25.5,30.218,27.934,30.0
2026-04-29T18:08:49Z,232,3.0,1.0,4.0,31.8,25.4,29.323,29.506,30.0
2026-04-29T18:13:49Z,232,5.0,3.0,5.0,31.7,25.0,29.257,27.062,30.0
2026-04-29T18:18:49Z,232,4.0,2.0,4.0,31.6,24.9,29.216,28.161,30.0
2026-04-29T18:23:50Z,232,2.0,0.0,3.0,31.6,25.4,30.274,27.864,30.0
2026-04-29T18:28:49Z,232,3.0,0.0,3.0,31.8,25.5,31.011,25.622,30.0
2026-04-29T18:33:49Z,232,2.0,0.0,2.0,32.1,24.8,31.804,24.797,30.0
2026-04-29T18:38:49Z,232,1.0,1.0,2.0,32.5,25.1,32.554,25.422,30.0
2026-04-29T18:43:49Z,232,1.0,0.0,1.0,33.0,24.4,31.756,24.575,30.0
2026-04-29T18:48:49Z,232,2.0,0.0,3.0,33.2,24.3,31.932,25.462,30.0
2026-04-29T18:53:49Z,232,0.0,0.0,1.0,33.4,24.4,31.649,26.801,30.0
2026-04-29T18:58:49Z,232,1.0,0.0,1.0,33.6,24.9,32.178,27.421,30.0
2026-04-29T19:03:49Z,232,0.0,0.0,0.0,33.8,24.1,31.855,24.722,30.0
2026-04-29T19:08:49Z,232,2.0,1.0,2.0,34.0,24.2,32.295,25.382,30.0
2026-04-29T19:13:49Z,232,2.0,0.0,3.0,34.2,24.3,33.08,25.668,30.0
2026-04-29T19:18:49Z,232,2.0,0.0,2.0,34.3,24.6,32.156,28.35,30.0
2026-04-29T19:23:49Z,232,2.0,0.0,2.0,34.3,24.4,31.046,29.294,30.0
2026-04-29T19:28:49Z,232,0.0,0.0,1.0,34.2,24.1,30.672,27.301,30.0
2026-04-29T19:33:49Z,232,1.0,0.0,1.0,34.2,24.7,31.075,30.393,30.0
2026-04-29T19:38:49Z,232,2.0,1.0,2.0,34.1,23.6,31.713,26.53,30.0
2026-04-29T19:43:49Z,232,2.0,0.0,3.0,34.0,23.8,31.435,27.167,30.0
2026-04-29T19:48:49Z,232,4.0,1.0,4.0,33.9,23.2,31.184,25.662,30.0
2026-04-29T19:53:49Z,232,0.0,0.0,1.0,33.9,23.3,31.345,26.24,30.0
2026-04-29T19:58:49Z,232,3.0,0.0,4.0,33.9,23.4,31.678,25.811,30.0
2026-04-29T20:03:49Z,232,2.0,0.0,2.0,33.8,23.2,30.132,27.944,30.0
2026-04-29T20:08:49Z,232,3.0,0.0,3.0,33.7,23.8,30.891,28.194,30.0
2026-04-29T20:13:49Z,232,2.0,0.0,2.0,33.5,23.9,29.454,31.118,30.0
2026-04-29T20:18:49Z,232,2.0,0.0,2.0,33.3,24.3,29.155,31.516,30.0
2026-04-29T20:23:49Z,232,3.0,2.0,3.0,33.0,24.8,30.237,31.831,30.0
2026-04-29T20:28:49Z,232,3.0,2.0,3.0,32.8,25.1,29.86,31.995,30.0
2026-04-29T20:33:49Z,232,0.0,0.0,0.0,32.5,25.4,28.963,34.32,30.0
2026-04-29T20:38:49Z,232,1.0,0.0,1.0,32.2,25.7,28.156,34.999,30.0
2026-04-29T20:43:49Z,232,3.0,1.0,3.0,32.0,26.1,29.083,33.387,30.0
2026-04-29T20:48:49Z,232,2.0,0.0,2.0,31.7,26.3,28.498,34.265,30.0
2026-04-29T20:53:49Z,232,1.0,0.0,1.0,31.4,26.4,28.554,35.047,30.0
2026-04-29T20:58:49Z,232,4.0,3.0,4.0,31.2,27.6,29.134,36.199,30.0
2026-04-29T21:03:49Z,232,7.0,5.0,7.0,30.9,27.8,28.616,37.231,30.0
2026-04-29T21:08:49Z,232,6.0,3.0,6.0,30.6,28.3,27.478,40.086,30.0
2026-04-29T21:13:49Z,232,5.0,2.0,5.0,29.9,28.6,25.993,41.208,30.0
2026-04-29T21:18:49Z,232,2.0,2.0,2.0,29.1,28.5,25.558,39.924,30.0
2026-04-29T21:23:49Z,232,4.0,1.0,4.0,28.3,29.1,25.037,41.986,30.0
2026-04-29T21:28:49Z,232,4.0,2.0,5.0,27.6,30.0,24.874,43.912,30.0
2026-04-29T21:33:49Z,232,3.0,1.0,3.0,26.9,30.6,23.846,45.9,30.0
2026-04-29T21:38:49Z,232,3.0,0.0,4.0,26.2,31.6,23.328,47.775,30.0
2026-04-29T21:43:49Z,232,4.0,2.0,4.0,25.5,32.0,22.749,48.0,30.0
2026-04-29T21:48:49Z,232,4.0,2.0,5.0,24.8,32.7,22.271,49.533,30.0
2026-04-29T21:53:49Z,232,4.0,3.0,4.0,24.1,33.4,21.991,49.407,30.0
2026-04-29T21:58:49Z,232,3.0,1.0,3.0,23.6,33.9,21.521,50.636,30.0
2026-04-29T22:03:49Z,232,2.0,0.0,2.0,23.0,34.7,20.872,52.719,30.0
2026-04-29T22:08:49Z,232,6.0,3.0,6.0,22.6,34.9,20.981,51.477,30.0
2026-04-29T22:13:56Z,232,6.0,4.0,6.0,22.1,36.0,20.396,53.516,30.0
2026-04-29T22:18:49Z,232,6.0,3.0,7.0,21.7,37.0,19.953,55.481,30.0
2026-04-29T22:23:49Z,232,4.0,3.0,5.0,21.3,37.4,19.718,56.263,30.0
2026-04-29T22:28:49Z,232,5.0,3.0,5.0,21.0,37.8,19.545,55.131,30.0
2026-04-29T22:33:49Z,232,7.0,3.0,7.0,20.7,38.2,19.403,55.931,30.0
2026-04-29T22:38:49Z,232,7.0,4.0,8.0,20.5,38.8,19.147,56.417,30.0
2026-04-29T22:43:49Z,232,7.0,4.0,8.0,20.2,39.1,19.104,56.367,30.0
2026-04-29T22:48:49Z,232,5.0,4.0,6.0,20.0,39.7,18.906,57.172,30.0
2026-04-29T22:53:49Z,232,8.0,3.0,8.0,19.9,39.5,19.24,55.374,30.0
2026-04-29T22:58:49Z,232,6.0,4.0,7.0,19.8,40.0,19.163,55.763,30.0
2026-04-29T23:03:49Z,232,9.0,6.0,9.0,19.7,40.5,18.848,57.617,30.0
2026-04-29T23:08:49Z,232,8.0,5.0,9.0,19.6,40.9,18.575,58.086,30.0
2026-04-29T23:13:58Z,232,6.0,4.0,7.0,19.5,41.3,18.522,58.578,30.0
2026-04-29T23:18:50Z,232,6.0,4.0,6.0,19.4,41.6,18.394,59.07,30.0
2026-04-29T23:23:49Z,232,6.0,4.0,7.0,19.2,41.8,18.484,58.643,30.0
2026-04-29T23:28:49Z,232,7.0,5.0,8.0,19.2,42.1,18.121,59.841,30.0
2026-04-29T23:33:49Z,232,7.0,4.0,7.0,19.1,42.0,18.044,59.97,30.0
2026-04-29T23:38:49Z,232,10.0,5.0,12.0,18.9,42.3,17.795,60.428,30.0
2026-04-29T23:43:49Z,232,6.0,4.0,8.0,18.8,42.6,17.918,60.537,30.0
2026-04-29T23:48:49Z,232,8.0,4.0,9.0,18.8,43.3,17.47,62.894,30.0
2026-04-29T23:53:50Z,232,5.0,4.0,6.0,18.6,43.5,17.587,62.034,30.0
2026-04-29T23:58:49Z,232,6.0,4.0,6.0,18.5,43.8,17.531,62.271,30.0
2026-04-30T00:03:50Z,232,5.0,2.0,6.0,18.5,44.1,17.619,62.517,30.0
2026-04-30T00:08:49Z,232,5.0,4.0,6.0,18.5,44.3,17.849,62.334,30.0
2026-04-30T00:13:50Z,232,15.0,8.0,16.0,18.5,44.6,17.827,63.295,30.0
2026-04-30T00:18:49Z,232,4.0,2.0,6.0,18.4,44.4,17.972,61.889,30.0
2026-04-30T00:23:50Z,232,7.0,4.0,7.0,18.5,44.3,18.038,61.084,30.0
2026-04-30T00:28:50Z,232,5.0,2.0,6.0,18.5,44.3,17.806,61.554,30.0
2026-04-30T00:33:50Z,232,5.0,3.0,6.0,18.5,43.7,17.972,59.564,30.0
2026-04-30T00:38:50Z,232,6.0,3.0,6.0,18.5,44.3,17.502,62.517,30.0
2026-04-30T00:43:50Z,232,4.0,3.0,5.0,18.5,44.3,17.48,62.467,30.0
2026-04-30T00:48:50Z,232,3.0,1.0,3.0,18.4,44.4,17.472,62.187,30.0
2026-04-30T00:53:50Z,232,3.0,1.0,3.0,18.3,44.4,17.187,63.091,30.0
2026-04-30T00:58:50Z,232,5.0,2.0,5.0,18.3,44.6,17.09,63.381,30.0
2026-04-30T01:03:50Z,232,2.0,0.0,2.0,18.1,44.6,17.101,62.977,30.0
2026-04-30T01:08:50Z,232,3.0,1.0,4.0,18.1,44.8,16.717,63.846,30.0
2026-04-30T01:13:50Z,232,2.0,0.0,2.0,18.0,44.6,17.002,62.116,30.0
2026-04-30T01:18:50Z,232,2.0,0.0,2.0,17.9,45.2,16.492,64.506,30.0
2026-04-30T01:23:50Z,232,2.0,1.0,2.0,17.7,45.9,16.199,66.683,30.0
2026-04-30T01:28:50Z,232,4.0,2.0,4.0,17.6,45.9,16.167,65.889,30.0
2026-04-30T01:33:50Z,232,2.0,1.0,3.0,17.5,46.0,16.204,65.771,30.0
2026-04-30T01:38:50Z,232,6.0,3.0,6.0,17.4,46.4,15.918,67.116,30.0
2026-04-30T01:43:50Z,232,3.0,2.0,3.0,17.3,47.2,15.627,68.613,30.0
2026-04-30T01:48:50Z,232,4.0,0.0,4.0,17.1,47.7,15.43,69.601,30.0
2026-04-30T01:53:50Z,232,4.0,1.0,4.0,17.0,48.2,15.462,69.566,30.0
2026-04-30T01:58:50Z,232,4.0,1.0,4.0,16.9,48.4,15.243,70.341,30.0
2026-04-30T02:03:50Z,232,4.0,2.0,4.0,16.7,49.1,15.112,72.208,30.0
2026-04-30T02:08:50Z,232,4.0,1.0,4.0,16.6,48.9,14.986,71.121,30.0
2026-04-30T02:13:50Z,232,4.0,2.0,4.0,16.5,49.3,14.901,71.546,30.0
2026-04-30T02:18:59Z,232,4.0,2.0,4.0,16.3,49.7,14.783,72.374,30.0
2026-04-30T02:23:50Z,232,2.0,0.0,2.0,16.2,50.2,14.73,72.635,30.0
2026-04-30T02:28:50Z,232,5.0,0.0,5.0,16.1,50.5,14.618,73.328,30.0
2026-04-30T02:33:50Z,232,4.0,1.0,4.0,16.0,50.7,14.794,72.922,30.0
2026-04-30T02:38:50Z,232,3.0,0.0,3.0,16.0,50.8,14.81,72.735,30.0
2026-04-30T02:43:50Z,232,4.0,1.0,4.0,16.0,51.2,14.791,72.773,30.0
2026-04-30T02:48:50Z,232,3.0,2.0,4.0,16.0,51.4,14.789,72.851,30.0
2026-04-30T02:53:50Z,232,6.0,3.0,6.0,16.0,51.3,14.703,72.958,30.0
2026-04-30T02:58:50Z,232,5.0,3.0,5.0,16.0,51.6,14.554,73.681,30.0
2026-04-30T03:03:50Z,232,6.0,4.0,7.0,15.9,51.9,14.399,74.694,30.0
2026-04-30T03:08:50Z,232,11.0,6.0,11.0,15.9,52.2,14.38,74.812,30.0
2026-04-30T03:13:50Z,232,8.0,5.0,8.0,15.8,51.9,14.42,74.354,30.0
2026-04-30T03:18:50Z,232,7.0,5.0,7.0,15.7,52.3,14.207,74.88,30.0
2026-04-30T03:23:59Z,232,8.0,5.0,8.0,15.7,52.3,13.961,75.535,30.0
2026-04-30T03:28:50Z,232,11.0,4.0,11.0,15.6,52.8,13.753,76.63,30.0
2026-04-30T03:33:50Z,232,8.0,5.0,10.0,15.5,52.9,13.79,76.616,30.0
2026-04-30T03:38:57Z,232,12.0,6.0,12.0,15.4,52.9,13.758,76.01,30.0
2026-04-30T03:43:50Z,232,12.0,7.0,13.0,15.3,53.1,13.739,76.563,30.0
2026-04-30T03:48:50Z,232,13.0,6.0,15.0,15.3,53.6,13.614,77.072,30.0
2026-04-30T03:53:50Z,232,15.0,9.0,16.0,15.2,54.0,13.448,77.648,30.0
2026-04-30T03:58:50Z,232,19.0,9.0,22.0,15.1,53.9,13.301,78.26,30.0
2026-04-30T04:03:50Z,232,19.0,9.0,20.0,15.0,54.4,13.154,79.212,30.0
2026-04-30T04:08:50Z,232,23.0,13.0,23.0,14.9,54.6,13.136,79.479,30.0
2026-04-30T04:13:50Z,232,18.0,8.0,19.0,14.8,55.0,13.08,79.355,30.0
2026-04-30T04:18:50Z,232,22.0,13.0,23.0,14.8,55.0,12.869,78.766,30.0
2026-04-30T04:23:50Z,232,25.0,15.0,26.0,14.7,53.3,12.668,75.796,30.0
2026-04-30T04:28:50Z,232,23.0,11.0,24.0,14.6,54.1,12.535,79.058,30.0
2026-04-30T04:33:50Z,232,22.0,11.0,22.0,14.5,54.2,12.479,78.821,30.0
2026-04-30T04:38:50Z,232,18.0,11.0,20.0,14.4,54.7,12.364,79.904,30.0
2026-04-30T04:43:50Z,232,19.0,11.0,20.0,14.4,55.1,12.244,80.759,30.0
2026-04-30T04:48:50Z,232,22.0,12.0,22.0,14.2,55.7,12.052,82.144,30.0
2026-04-30T04:53:50Z,232,22.0,12.0,23.0,14.1,56.5,12.049,83.248,30.0
2026-04-30T04:58:50Z,232,22.0,11.0,22.0,14.0,56.9,12.11,83.422,30.0
2026-04-30T05:03:50Z,232,19.0,9.0,22.0,13.9,57.2,12.022,82.802,30.0
2026-04-30T05:08:50Z,232,22.0,11.0,23.0,13.9,57.0,11.95,83.307,30.0
2026-04-30T05:13:50Z,232,20.0,9.0,22.0,13.8,57.3,11.977,83.771,30.0
2026-04-30T05:18:50Z,232,16.0,7.0,18.0,13.8,57.2,12.012,82.199,30.0
2026-04-30T05:23:50Z,232,11.0,6.0,11.0,13.8,57.2,11.929,82.01,30.0
2026-04-30T05:28:50Z,232,20.0,9.0,23.0,13.6,56.8,11.44,81.942,30.0
2026-04-30T05:34:00Z,232,15.0,8.0,16.0,13.6,56.6,11.266,83.065,30.0
2026-04-30T05:38:50Z,232,19.0,9.0,20.0,13.5,57.2,11.309,83.954,30.0
2026-04-30T05:43:50Z,232,18.0,8.0,18.0,13.4,57.3,11.312,84.881,30.0
2026-04-30T05:48:50Z,232,24.0,12.0,24.0,13.3,58.1,11.341,85.281,30.0
2026-04-30T05:53:50Z,232,17.0,8.0,19.0,13.3,58.4,11.552,84.917,30.0
2026-04-30T05:58:50Z,232,18.0,9.0,19.0,13.3,58.5,11.568,82.996,30.0
2026-04-30T06:03:50Z,232,19.0,9.0,20.0,13.3,58.1,11.379,82.916,30.0
2026-04-30T06:08:50Z,232,19.0,9.0,19.0,13.3,57.7,11.237,84.484,30.0
2026-04-30T06:13:50Z,232,19.0,9.0,19.0,13.2,58.2,11.261,83.958,30.0
2026-04-30T06:18:50Z,232,17.0,8.0,18.0,13.2,58.0,11.264,83.939,30.0
2026-04-30T06:23:50Z,232,17.0,9.0,17.0,13.2,57.4,11.205,81.915,30.0
2026-04-30T06:28:51Z,232,21.0,9.0,21.0,13.2,57.3,11.17,82.861,30.0
2026-04-30T06:33:50Z,232,18.0,11.0,19.0,13.1,58.0,10.922,84.682,30.0
2026-04-30T06:38:50Z,232,23.0,12.0,24.0,13.1,58.2,11.277,84.053,30.0
2026-04-30T06:43:50Z,232,14.0,8.0,16.0,13.1,58.3,10.847,86.033,30.0
2026-04-30T06:48:50Z,232,14.0,8.0,16.0,13.0,58.7,11.077,85.005,30.0
2026-04-30T06:53:50Z,232,19.0,9.0,19.0,13.0,57.9,10.989,81.572,30.0
2026-04-30T06:58:50Z,232,20.0,9.0,21.0,13.0,57.0,10.703,81.957,30.0
2026-04-30T07:03:50Z,232,18.0,9.0,19.0,12.9,57.1,10.631,82.613,30.0
2026-04-30T07:08:50Z,232,19.0,9.0,20.0,12.9,57.2,10.628,83.111,30.0
2026-04-30T07:13:51Z,232,19.0,9.0,19.0,12.8,57.8,10.58,84.253,30.0
2026-04-30T07:18:50Z,232,21.0,9.0,21.0,12.7,58.2,10.417,85.054,30.0
2026-04-30T07:23:50Z,232,15.0,8.0,19.0,12.7,58.3,10.393,85.636,30.0
2026-04-30T07:28:59Z,232,15.0,7.0,17.0,12.6,58.5,10.369,84.99,30.0
2026-04-30T07:33:50Z,232,19.0,9.0,23.0,12.6,58.7,10.3,86.224,30.0
2026-04-30T07:38:50Z,232,19.0,9.0,20.0,12.5,58.9,10.335,85.171,30.0
2026-04-30T07:43:51Z,232,21.0,9.0,23.0,12.5,58.9,10.273,85.314,30.0
2026-04-30T07:48:51Z,232,21.0,9.0,23.0,12.5,58.9,10.19,85.68,30.0
2026-04-30T07:53:51Z,232,23.0,12.0,23.0,12.4,58.8,10.185,85.154,30.0
2026-04-30T07:58:51Z,232,21.0,9.0,21.0,12.4,58.8,10.204,84.404,30.0
2026-04-30T08:03:51Z,232,20.0,9.0,21.0,12.4,58.6,10.094,85.444,30.0
2026-04-30T08:08:51Z,232,18.0,8.0,18.0,12.3,58.9,10.124,85.3,30.0
2026-04-30T08:13:58Z,232,19.0,9.0,20.0,12.3,59.0,10.276,85.413,30.0
2026-04-30T08:18:51Z,232,21.0,8.0,21.0,12.3,59.1,10.276,85.016,30.0
2026-04-30T08:23:50Z,232,21.0,12.0,21.0,12.3,59.1,10.278,84.747,30.0
2026-04-30T08:28:51Z,232,20.0,9.0,20.0,12.3,58.5,9.998,85.016,30.0
2026-04-30T08:33:51Z,232,20.0,9.0,23.0,12.3,58.5,10.11,84.095,30.0
2026-04-30T08:38:51Z,232,20.0,9.0,20.0,12.3,58.4,9.931,85.35,30.0
2026-04-30T08:43:51Z,232,20.0,9.0,23.0,12.3,58.4,9.827,84.898,30.0
2026-04-30T08:48:51Z,232,12.0,7.0,13.0,12.2,58.7,9.75,85.409,30.0
2026-04-30T08:53:59Z,232,16.0,7.0,18.0,12.1,58.5,9.736,84.507,30.0
2026-04-30T08:58:50Z,232,15.0,7.0,17.0,12.0,58.3,9.592,84.892,30.0
2026-04-30T09:03:51Z,232,17.0,8.0,19.0,12.0,58.6,9.574,85.699,30.0
2026-04-30T09:09:10Z,232,15.0,8.0,17.0,11.9,58.6,9.549,85.899,30.0
2026-04-30T09:13:50Z,232,19.0,8.0,19.0,11.9,58.6,9.429,86.34,30.0
2026-04-30T09:18:51Z,232,16.0,8.0,17.0,11.9,59.0,9.331,86.407,30.0
2026-04-30T09:23:51Z,232,17.0,7.0,17.0,11.8,59.1,9.365,86.504,30.0
2026-04-30T09:28:51Z,232,17.0,8.0,19.0,11.8,59.4,9.298,86.912,30.0
2026-04-30T09:33:51Z,232,15.0,8.0,15.0,11.7,59.7,9.264,87.591,30.0
2026-04-30T09:38:51Z,232,13.0,6.0,15.0,11.7,60.0,9.365,87.694,30.0
2026-04-30T09:43:51Z,232,14.0,5.0,14.0,11.7,60.0,9.272,87.151,30.0
2026-04-30T09:48:51Z,232,12.0,8.0,12.0,11.6,60.0,9.088,87.896,30.0
2026-04-30T09:53:51Z,232,8.0,6.0,8.0,11.6,60.3,9.224,87.267,30.0
2026-04-30T09:58:51Z,232,11.0,7.0,13.0,11.6,59.5,9.058,86.407,30.0
2026-04-30T10:03:51Z,232,12.0,6.0,14.0,11.5,59.6,9.085,86.174,30.0
2026-04-30T10:08:51Z,232,15.0,8.0,15.0,11.5,59.7,8.922,86.988,30.0
2026-04-30T10:13:51Z,232,9.0,6.0,11.0,11.5,59.8,8.783,89.718,30.0
2026-04-30T10:18:51Z,232,18.0,7.0,18.0,11.5,60.4,8.748,89.247,30.0
2026-04-30T10:23:51Z,232,15.0,7.0,15.0,11.4,60.3,8.772,88.724,30.0
2026-04-30T10:28:51Z,232,15.0,7.0,16.0,11.4,61.0,8.791,90.098,30.0
2026-04-30T10:33:51Z,232,13.0,6.0,14.0,11.3,61.2,8.943,89.035,30.0
2026-04-30T10:38:51Z,232,20.0,13.0,20.0,11.4,61.5,8.978,88.429,30.0
2026-04-30T10:43:51Z,232,16.0,8.0,18.0,11.3,60.3,8.842,86.821,30.0
2026-04-30T10:48:51Z,232,12.0,6.0,13.0,11.3,60.7,8.754,88.373,30.0
2026-04-30T10:53:51Z,232,14.0,7.0,16.0,11.3,60.4,8.754,87.595,30.0
2026-04-30T10:58:51Z,232,15.0,6.0,17.0,11.2,60.3,8.31,90.775,30.0
2026-04-30T11:03:51Z,232,22.0,8.0,22.0,11.2,61.1,8.487,90.288,30.0
2026-04-30T11:08:51Z,232,21.0,9.0,21.0,11.2,61.0,8.631,90.468,30.0
2026-04-30T11:13:51Z,232,27.0,14.0,28.0,11.1,62.1,8.855,89.968,30.0
2026-04-30T11:18:51Z,232,27.0,14.0,28.0,11.2,62.1,8.882,89.38,30.0
2026-04-30T11:23:51Z,232,28.0,17.0,30.0,11.2,61.9,8.818,89.89,30.0
2026-04-30T11:28:51Z,232,29.0,19.0,29.0,11.2,61.8,8.847,88.303,30.0
2026-04-30T11:34:00Z,232,25.0,13.0,25.0,11.2,61.6,8.861,88.314,30.0
2026-04-30T11:38:51Z,232,26.0,13.0,28.0,11.3,61.4,8.845,88.337,30.0
2026-04-30T11:43:51Z,232,28.0,18.0,30.0,11.3,61.6,8.831,88.97,30.0
2026-04-30T11:48:51Z,232,27.0,15.0,27.0,11.3,61.2,8.882,86.813,30.0
2026-04-30T11:53:51Z,232,25.0,18.0,25.0,11.3,61.4,8.794,89.073,30.0
2026-04-30T11:58:51Z,232,26.0,15.0,28.0,11.3,62.0,9.074,89.464,30.0
2026-04-30T12:04:00Z,232,25.0,14.0,25.0,11.4,62.3,9.224,88.619,30.0
2026-04-30T12:08:51Z,232,28.0,16.0,28.0,11.5,61.5,9.25,86.912,30.0
2026-04-30T12:13:51Z,232,37.0,26.0,40.0,11.5,61.7,9.365,87.957,30.0
2026-04-30T12:18:51Z,232,26.0,18.0,27.0,11.6,61.8,9.429,87.65,30.0
2026-04-30T12:23:51Z,232,43.0,28.0,50.0,11.6,61.3,9.549,86.247,30.0
2026-04-30T12:28:51Z,232,32.0,22.0,32.0,11.7,61.4,9.678,86.702,30.0
2026-04-30T12:33:51Z,232,28.0,20.0,30.0,11.8,61.5,11.555,80.131,30.0
2026-04-30T12:38:51Z,232,29.0,22.0,29.0,12.1,61.4,13.747,72.119,30.0
2026-04-30T12:43:52Z,232,33.0,24.0,37.0,12.8,60.3,14.53,68.8,30.0
2026-04-30T12:48:51Z,232,34.0,22.0,37.0,13.5,58.9,15.745,64.642,30.0
2026-04-30T12:53:51Z,232,34.0,24.0,39.0,14.3,57.2,16.436,61.964,30.0
2026-04-30T12:58:51Z,232,39.0,26.0,45.0,14.9,56.0,17.16,59.793,30.0
2026-04-30T13:03:52Z,232,35.0,24.0,41.0,15.5,55.0,17.849,58.445,30.0
2026-04-30T13:08:51Z,232,32.0,22.0,33.0,16.0,53.5,17.462,58.349,30.0
2026-04-30T13:13:52Z,232,30.0,21.0,31.0,16.5,52.4,18.41,56.192,30.0
2026-04-30T13:18:51Z,232,31.0,21.0,35.0,17.0,51.7,19.075,54.559,30.0
2026-04-30T13:23:51Z,232,32.0,22.0,35.0,17.5,50.9,19.042,55.696,30.0
2026-04-30T13:28:51Z,232,33.0,23.0,35.0,18.0,50.1,19.334,55.402,30.0
2026-04-30T13:33:51Z,232,32.0,22.0,37.0,18.4,49.6,17.213,62.757,30.0
2026-04-30T13:38:51Z,232,32.0,22.0,35.0,18.9,49.1,17.785,61.815,30.0
2026-04-30T13:43:51Z,232,28.0,19.0,30.0,19.3,47.5,18.791,55.858,30.0
2026-04-30T13:48:51Z,232,28.0,19.0,30.0,19.8,45.4,19.392,51.719,30.0
2026-04-30T13:53:58Z,232,28.0,21.0,29.0,20.3,44.3,18.567,54.33,30.0
2026-04-30T13:58:51Z,232,28.0,21.0,28.0,20.6,43.9,19.12,55.536,30.0
2026-04-30T14:03:52Z,232,26.0,21.0,27.0,20.9,43.3,19.133,55.458,30.0
2026-04-30T14:08:52Z,232,26.0,20.0,27.0,21.1,42.2,20.183,50.731,30.0
2026-04-30T14:13:52Z,232,23.0,12.0,25.0,21.3,41.8,20.431,50.529,30.0
2026-04-30T14:18:51Z,232,22.0,12.0,23.0,21.4,41.8,20.749,49.93,30.0
2026-04-30T14:23:52Z,232,22.0,12.0,22.0,21.5,41.8,19.705,54.052,30.0
2026-04-30T14:28:58Z,232,25.0,16.0,25.0,21.5,42.0,20.613,52.171,30.0
2026-04-30T14:33:58Z,232,21.0,12.0,22.0,21.5,42.4,20.017,56.058,30.0
2026-04-30T14:38:52Z,232,24.0,16.0,24.0,21.4,42.9,20.276,56.022,30.0
2026-04-30T14:43:52Z,232,22.0,15.0,23.0,21.4,43.0,20.503,56.03,30.0
2026-04-30T14:48:52Z,232,25.0,16.0,25.0,21.3,42.8,19.937,57.233,30.0
2026-04-30T14:53:52Z,232,24.0,17.0,25.0,21.3,43.2,20.808,55.471,30.0
2026-04-30T14:58:51Z,232,24.0,15.0,25.0,21.4,43.1,20.338,56.125,30.0
2026-04-30T15:03:52Z,232,25.0,19.0,26.0,21.5,43.3,20.722,54.885,30.0
2026-04-30T15:08:52Z,232,19.0,9.0,20.0,21.6,43.2,21.037,54.252,30.0
2026-04-30T15:13:52Z,232,19.0,9.0,19.0,21.7,43.5,21.379,54.689,30.0
2026-04-30T15:18:52Z,232,19.0,9.0,20.0,21.9,43.2,21.251,53.831,30.0
2026-04-30T15:23:52Z,232,23.0,12.0,23.0,22.0,43.2,21.852,52.944,30.0
2026-04-30T15:28:52Z,232,19.0,8.0,19.0,22.2,43.0,21.844,52.799,30.0
2026-04-30T15:33:52Z,232,16.0,7.0,17.0,22.5,42.8,22.469,51.58,30.0
2026-04-30T15:38:52Z,232,18.0,7.0,18.0,22.7,42.7,22.586,51.193,30.0
2026-04-30T15:43:53Z,232,18.0,8.0,18.0,23.1,41.8,22.135,51.059,30.0
2026-04-30T15:48:52Z,232,19.0,8.0,19.0,23.3,41.5,22.93,50.107,30.0
2026-04-30T15:53:52Z,232,19.0,8.0,19.0,23.6,41.0,23.248,49.785,30.0
2026-04-30T15:58:52Z,232,15.0,8.0,17.0,23.9,40.8,23.107,49.943,30.0
2026-04-30T16:03:52Z,232,16.0,6.0,16.0,24.1,40.3,23.36,48.709,30.0
2026-04-30T16:08:52Z,232,19.0,11.0,21.0,24.3,40.1,23.251,49.659,30.0
2026-04-30T16:13:52Z,232,17.0,9.0,19.0,24.5,39.4,23.344,48.986,30.0
2026-04-30T16:18:52Z,232,19.0,7.0,21.0,24.8,39.4,24.063,48.358,30.0
2026-04-30T16:24:02Z,232,19.0,8.0,19.0,25.0,38.7,22.698,50.638,30.0
2026-04-30T16:28:52Z,232,19.0,8.0,19.0,25.1,38.5,22.511,50.756,30.0
2026-04-30T16:33:52Z,232,18.0,7.0,18.0,25.1,38.3,22.861,51.235,30.0
2026-04-30T16:38:52Z,232,17.0,8.0,19.0,25.1,38.1,24.178,47.75,30.0
2026-04-30T16:43:59Z,232,22.0,11.0,22.0,25.2,37.8,22.856,49.818,30.0
2026-04-30T16:48:52Z,232,20.0,9.0,20.0,25.4,37.9,24.154,47.468,30.0
2026-04-30T16:53:52Z,232,18.0,7.0,18.0,25.6,37.7,24.151,47.258,30.0
2026-04-30T16:58:52Z,232,8.0,6.0,12.0,25.9,37.3,24.976,45.308,30.0
2026-04-30T17:03:57Z,232,19.0,8.0,20.0,26.1,37.0,23.825,48.381,30.0
2026-04-30T17:08:52Z,232,20.0,11.0,20.0,26.3,36.9,23.836,48.789,30.0
2026-04-30T17:13:52Z,232,13.0,6.0,15.0,26.5,36.6,24.068,47.956,30.0
2026-04-30T17:18:52Z,232,11.0,6.0,12.0,26.6,36.6,24.757,47.418,30.0
2026-04-30T17:23:52Z,232,14.0,6.0,15.0,26.7,36.3,24.167,48.41,30.0
2026-04-30T17:28:52Z,232,11.0,5.0,11.0,26.9,35.8,25.403,44.795,30.0
2026-04-30T17:33:52Z,232,10.0,6.0,11.0,27.2,35.7,25.459,44.345,30.0
2026-04-30T17:38:52Z,232,15.0,6.0,18.0,27.5,35.6,25.547,45.499,30.0
2026-04-30T17:43:52Z,232,11.0,6.0,11.0,27.7,34.7,25.339,43.825,30.0
2026-04-30T17:48:52Z,232,12.0,7.0,12.0,27.8,34.4,25.598,43.58,30.0
2026-04-30T17:53:52Z,232,18.0,6.0,18.0,27.9,34.7,25.259,46.287,30.0
2026-04-30T17:58:52Z,232,15.0,10.0,15.0,28.0,34.4,26.084,44.893,30.0
2026-04-30T18:03:52Z,232,21.0,10.0,21.0,27.9,33.9,24.33,47.88,30.0
2026-04-30T18:09:01Z,232,20.0,11.0,23.0,27.8,34.4,25.772,46.232,30.0
2026-04-30T18:13:52Z,232,19.0,7.0,19.0,27.8,34.1,25.47,44.982,30.0
2026-04-30T18:18:52Z,232,19.0,8.0,19.0,27.7,33.8,24.845,45.736,30.0
2026-04-30T18:23:52Z,232,22.0,12.0,23.0,27.6,33.7,24.215,47.893,30.0
2026-04-30T18:28:52Z,232,17.0,8.0,18.0,27.6,34.3,25.053,46.621,30.0
2026-04-30T18:33:52Z,232,13.0,6.0,14.0,27.6,34.0,24.017,47.618,30.0
2026-04-30T18:38:52Z,232,14.0,7.0,16.0,27.6,34.4,25.911,44.591,30.0
2026-04-30T18:43:52Z,232,12.0,6.0,13.0,27.9,34.1,25.78,43.304,30.0
2026-04-30T18:48:52Z,232,11.0,6.0,11.0,28.2,34.1,26.709,42.188,30.0
2026-04-30T18:53:52Z,232,13.0,7.0,13.0,28.4,33.7,26.586,41.761,30.0
2026-04-30T18:58:52Z,232,8.0,4.0,10.0,28.7,33.2,25.999,42.325,30.0
2026-04-30T19:03:52Z,232,8.0,6.0,8.0,29.0,32.8,26.738,40.447,30.0
2026-04-30T19:08:52Z,232,11.0,6.0,11.0,29.3,32.5,26.608,41.578,30.0
2026-04-30T19:13:52Z,232,11.0,6.0,14.0,29.4,32.2,25.36,44.914,30.0
2026-04-30T19:18:52Z,232,9.0,6.0,11.0,29.3,32.4,25.732,43.609,30.0
2026-04-30T19:23:52Z,232,8.0,5.0,8.0,29.3,32.8,26.092,43.027,30.0
2026-04-30T19:28:52Z,232,13.0,8.0,13.0,29.2,32.6,25.684,44.532,30.0
2026-04-30T19:33:52Z,232,17.0,7.0,18.0,28.9,32.6,22.591,51.849,30.0
2026-04-30T19:38:52Z,232,16.0,6.0,18.0,28.4,33.3,23.347,50.079,30.0
2026-04-30T19:43:52Z,232,19.0,7.0,21.0,28.0,33.4,23.35,49.909,30.0
2026-04-30T19:48:52Z,232,19.0,8.0,19.0,27.7,33.8,23.684,49.592,30.0
2026-04-30T19:53:52Z,232,12.0,6.0,14.0,27.3,34.3,23.403,50.363,30.0
2026-04-30T19:58:52Z,232,17.0,7.0,19.0,27.0,34.8,23.045,50.714,30.0
2026-04-30T20:03:52Z,232,20.0,8.0,20.0,26.7,34.7,22.514,51.826,30.0
2026-04-30T20:08:52Z,232,22.0,12.0,22.0,26.4,35.3,22.324,52.644,30.0
2026-04-30T20:13:52Z,232,16.0,8.0,18.0,26.1,35.7,22.813,50.649,30.0
2026-04-30T20:18:52Z,232,19.0,7.0,19.0,25.8,35.9,22.479,52.32,30.0
2026-04-30T20:23:52Z,232,14.0,6.0,16.0,25.7,36.4,22.8,52.724,30.0
2026-04-30T20:28:54Z,232,15.0,7.0,16.0,25.6,36.7,22.722,51.998,30.0
2026-04-30T20:33:52Z,232,12.0,6.0,13.0,25.5,36.7,22.992,51.174,30.0
2026-04-30T20:38:52Z,232,9.0,6.0,11.0,25.4,36.8,22.482,52.492,30.0
2026-04-30T20:43:52Z,232,9.0,6.0,12.0,25.3,37.0,22.995,51.09,30.0
2026-04-30T20:49:00Z,232,13.0,6.0,15.0,25.2,37.3,22.127,53.102,30.0
2026-04-30T20:53:53Z,232,12.0,4.0,12.0,25.1,37.1,20.933,56.831,30.0
2026-04-30T20:59:00Z,232,19.0,9.0,19.0,24.8,37.3,21.165,56.093,30.0
2026-04-30T21:03:53Z,232,12.0,6.0,14.0,24.5,38.1,22.073,54.481,30.0
2026-04-30T21:08:53Z,232,14.0,5.0,14.0,24.1,38.3,20.661,57.68,30.0
2026-04-30T21:13:53Z,232,12.0,6.0,14.0,23.6,38.7,19.259,61.798,30.0
2026-04-30T21:18:52Z,232,14.0,6.0,16.0,23.0,39.6,19.221,62.156,30.0
2026-04-30T21:23:53Z,232,13.0,6.0,15.0,22.4,40.4,18.346,64.756,30.0
2026-04-30T21:28:53Z,232,18.0,8.0,19.0,21.7,41.5,18.853,63.631,30.0
2026-04-30T21:33:53Z,232,16.0,7.0,17.0,21.2,41.9,18.348,64.71,30.0
2026-04-30T21:38:53Z,232,15.0,7.0,16.0,20.7,43.0,18.265,65.359,30.0
2026-04-30T21:43:53Z,232,14.0,8.0,15.0,20.2,43.4,17.408,67.915,30.0
2026-04-30T21:48:53Z,232,19.0,8.0,19.0,19.8,44.7,17.614,67.566,30.0
2026-04-30T21:53:53Z,232,12.0,6.0,14.0,19.4,45.2,17.171,69.202,30.0
2026-04-30T21:58:53Z,232,19.0,7.0,21.0,19.1,45.8,17.264,68.676,30.0
2026-04-30T22:03:53Z,232,18.0,7.0,18.0,18.8,46.8,16.946,69.778,30.0
2026-04-30T22:09:11Z,232,26.0,17.0,27.0,18.6,47.6,16.869,70.066,30.0
2026-04-30T22:13:53Z,232,20.0,8.0,20.0,18.4,48.1,16.629,71.07,30.0
2026-04-30T22:18:53Z,232,20.0,9.0,23.0,18.2,48.7,16.527,71.285,30.0
2026-04-30T22:23:53Z,232,18.0,8.0,18.0,18.0,48.7,16.54,71.31,30.0
2026-04-30T22:28:53Z,232,19.0,8.0,19.0,17.9,49.2,16.185,72.698,30.0
2026-04-30T22:33:53Z,232,22.0,11.0,22.0,17.7,49.7,16.209,72.475,30.0
2026-04-30T22:38:53Z,232,20.0,11.0,25.0,17.5,50.2,15.993,73.328,30.0
2026-04-30T22:43:53Z,232,28.0,21.0,30.0,17.4,50.6,15.678,74.369,30.0
2026-04-30T22:48:53Z,232,22.0,13.0,24.0,17.2,51.0,15.707,74.251,30.0
2026-04-30T22:53:53Z,232,21.0,7.0,21.0,17.1,51.3,15.48,75.151,30.0
2026-04-30T22:58:53Z,232,22.0,9.0,22.0,16.9,52.0,15.179,76.061,30.0
2026-04-30T23:03:53Z,232,19.0,11.0,22.0,16.8,52.1,14.813,77.37,30.0
2026-04-30T23:09:02Z,232,20.0,8.0,22.0,16.6,52.3,14.818,77.215,30.0
2026-04-30T23:13:53Z,232,25.0,15.0,27.0,16.5,52.7,14.506,78.478,30.0
2026-04-30T23:18:53Z,232,23.0,11.0,23.0,16.3,53.1,14.268,79.266,30.0
2026-04-30T23:23:53Z,232,22.0,10.0,22.0,16.1,53.7,14.247,79.698,30.0
2026-04-30T23:28:53Z,232,26.0,19.0,26.0,16.0,54.3,14.522,78.737,30.0
2026-04-30T23:33:53Z,232,23.0,15.0,23.0,15.9,54.1,14.279,78.943,30.0
2026-04-30T23:38:53Z,232,27.0,20.0,28.0,15.8,54.7,14.164,79.67,30.0
2026-04-30T23:43:53Z,232,25.0,19.0,26.0,15.7,54.9,14.231,79.548,30.0
2026-04-30T23:48:53Z,232,31.0,21.0,34.0,15.7,55.4,13.985,80.357,30.0
2026-04-30T23:53:53Z,232,36.0,25.0,41.0,15.6,55.2,13.672,80.744,30.0
2026-04-30T23:58:53Z,232,32.0,20.0,34.0,15.5,55.3,13.638,80.755,30.0
2026-05-01T00:03:53Z,232,29.0,21.0,32.0,15.4,55.7,13.4,81.783,30.0
2026-05-01T00:08:53Z,232,29.0,20.0,29.0,15.2,56.1,13.403,81.858,30.0
2026-05-01T00:13:53Z,232,29.0,20.0,29.0,15.1,56.6,13.237,82.407,30.0
2026-05-01T00:18:53Z,232,26.0,20.0,26.0,15.0,56.7,13.026,83.078,30.0
2026-05-01T00:23:53Z,232,32.0,20.0,35.0,14.9,57.2,13.034,83.25,30.0
2026-05-01T00:28:53Z,232,33.0,22.0,36.0,14.8,57.5,13.064,82.865,30.0
2026-05-01T00:33:53Z,232,34.0,23.0,38.0,14.7,57.4,12.81,84.11,30.0
2026-05-01T00:38:53Z,232,37.0,24.0,43.0,14.7,57.9,12.906,84.537,30.0
2026-05-01T00:43:53Z,232,39.0,27.0,45.0,14.6,57.8,12.749,84.875,30.0
2026-05-01T00:48:53Z,232,36.0,24.0,41.0,14.6,58.4,12.992,84.66,30.0
2026-05-01T00:53:53Z,232,33.0,23.0,38.0,14.6,58.6,12.818,84.913,30.0
2026-05-01T00:58:53Z,232,33.0,22.0,36.0,14.6,58.8,12.783,85.848,30.0
2026-05-01T01:03:53Z,232,36.0,23.0,44.0,14.5,59.3,12.949,85.623,30.0
2026-05-01T01:08:53Z,232,36.0,24.0,45.0,14.5,59.2,12.866,85.762,30.0
2026-05-01T01:13:53Z,232,35.0,23.0,41.0,14.5,59.2,12.799,85.649,30.0
2026-05-01T01:18:53Z,232,35.0,23.0,43.0,14.5,59.4,12.743,85.678,30.0
2026-05-01T01:23:53Z,232,39.0,23.0,45.0,14.5,59.3,12.869,85.312,30.0
2026-05-01T01:28:53Z,232,45.0,28.0,54.0,14.5,60.1,12.831,86.386,30.0
2026-05-01T01:33:53Z,232,38.0,23.0,46.0,14.5,59.9,12.973,85.762,30.0
2026-05-01T01:38:53Z,232,36.0,24.0,42.0,14.5,60.1,13.072,85.373,30.0
2026-05-01T01:43:53Z,232,45.0,28.0,55.0,14.6,60.1,13.021,85.367,30.0
2026-05-01T01:48:53Z,232,40.0,24.0,47.0,14.6,60.2,12.879,86.424,30.0
2026-05-01T01:53:53Z,232,105.0,69.0,107.0,14.6,60.2,13.077,85.897,30.0
2026-05-01T01:58:53Z,232,41.0,26.0,49.0,14.6,60.3,13.144,85.997,30.0
2026-05-01T02:03:53Z,232,41.0,26.0,49.0,14.7,60.6,13.221,85.379,30.0
2026-05-01T02:08:53Z,232,38.0,26.0,45.0,14.7,60.4,13.288,85.115,30.0
2026-05-01T02:13:53Z,232,41.0,25.0,49.0,14.8,60.4,13.237,84.919,30.0
2026-05-01T02:18:53Z,232,35.0,23.0,39.0,14.8,60.3,13.21,85.201,30.0
2026-05-01T02:23:53Z,232,38.0,23.0,45.0,14.8,60.4,13.352,84.753,30.0
2026-05-01T02:28:53Z,232,34.0,21.0,39.0,14.9,60.1,13.173,85.012,30.0
2026-05-01T02:33:53Z,232,33.0,20.0,36.0,14.8,60.0,12.941,86.163,30.0
2026-05-01T02:38:53Z,232,35.0,22.0,38.0,14.8,60.2,13.018,85.821,30.0
2026-05-01T02:43:53Z,232,32.0,20.0,35.0,14.8,60.3,12.57,87.746,30.0
2026-05-01T02:48:53Z,232,32.0,18.0,36.0,14.7,60.6,12.636,87.523,30.0
2026-05-01T02:54:02Z,232,32.0,18.0,34.0,14.6,60.3,12.767,86.939,30.0
2026-05-01T02:58:53Z,232,32.0,19.0,36.0,14.6,61.1,12.551,87.509,30.0
2026-05-01T03:03:53Z,232,30.0,15.0,33.0,14.5,61.4,12.284,89.006,30.0
2026-05-01T03:08:54Z,232,30.0,18.0,31.0,14.5,61.4,12.719,87.212,30.0
2026-05-01T03:13:54Z,232,30.0,18.0,33.0,14.5,61.2,12.813,86.771,30.0
2026-05-01T03:18:54Z,232,32.0,19.0,33.0,14.5,61.3,12.762,86.634,30.0
2026-05-01T03:23:54Z,232,30.0,19.0,33.0,14.5,61.3,12.733,87.236,30.0
2026-05-01T03:28:54Z,232,35.0,20.0,40.0,14.4,61.4,12.345,88.652,30.0
2026-05-01T03:33:54Z,232,29.0,18.0,29.0,14.5,61.2,12.724,86.916,30.0
2026-05-01T03:38:54Z,232,32.0,20.0,35.0,14.5,61.4,12.855,86.407,30.0
2026-05-01T03:44:09Z,232,30.0,19.0,35.0,14.4,61.5,12.425,88.27,30.0
2026-05-01T03:48:53Z,232,47.0,30.0,60.0,14.4,61.7,12.503,87.994,30.0
2026-05-01T03:53:53Z,232,30.0,16.0,31.0,14.4,62.3,12.062,89.573,30.0
2026-05-01T03:58:53Z,232,24.0,9.0,25.0,14.3,61.5,12.295,88.543,30.0
2026-05-01T04:03:54Z,232,34.0,23.0,40.0,14.3,61.9,12.658,87.482,30.0
2026-05-01T04:08:54Z,232,27.0,17.0,29.0,14.3,61.8,12.61,87.357,30.0
2026-05-01T04:13:54Z,232,30.0,19.0,37.0,14.3,61.7,12.754,86.756,30.0
2026-05-01T04:18:54Z,232,24.0,9.0,26.0,14.4,61.7,12.345,88.448,30.0
2026-05-01T04:23:54Z,232,28.0,12.0,30.0,14.4,61.7,12.62,87.168,30.0
2026-05-01T04:28:54Z,232,27.0,13.0,30.0,14.3,62.0,12.588,87.13,30.0
2026-05-01T04:33:54Z,232,20.0,9.0,25.0,14.3,61.8,12.327,88.251,30.0
2026-05-01T04:38:54Z,232,20.0,6.0,20.0,14.3,61.7,12.193,88.797,30.0
2026-05-01T04:43:54Z,232,35.0,24.0,39.0,14.3,61.9,12.158,89.071,30.0
2026-05-01T04:48:54Z,232,45.0,29.0,55.0,14.2,62.2,12.049,89.651,30.0
2026-05-01T04:53:54Z,232,25.0,12.0,25.0,14.2,62.2,12.204,88.816,30.0
2026-05-01T04:58:54Z,232,23.0,9.0,27.0,14.2,62.5,12.311,88.558,30.0
2026-05-01T05:03:54Z,232,26.0,11.0,28.0,14.2,62.6,11.91,90.239,30.0
2026-05-01T05:08:54Z,232,28.0,18.0,30.0,14.2,62.6,12.217,89.18,30.0
2026-05-01T05:13:54Z,232,30.0,17.0,31.0,14.1,62.6,12.343,88.491,30.0
2026-05-01T05:18:54Z,232,30.0,18.0,34.0,14.1,62.7,12.562,87.286,30.0
2026-05-01T05:23:54Z,232,27.0,19.0,29.0,14.2,62.3,12.273,88.442,30.0
2026-05-01T05:28:54Z,232,30.0,17.0,30.0,14.2,62.4,12.198,88.734,30.0
2026-05-01T05:33:54Z,232,30.0,18.0,30.0,14.1,62.5,12.425,87.862,30.0
2026-05-01T05:38:54Z,232,32.0,20.0,33.0,14.2,62.6,12.407,87.906,30.0
2026-05-01T05:43:53Z,232,31.0,20.0,34.0,14.2,62.5,12.583,87.162,30.0
2026-05-01T05:48:54Z,232,32.0,19.0,34.0,14.2,62.5,12.658,86.771,30.0
2026-05-01T05:54:01Z,232,30.0,19.0,33.0,14.3,62.6,12.591,87.046,30.0
2026-05-01T05:58:54Z,232,27.0,15.0,31.0,14.3,62.5,12.514,87.435,30.0
2026-05-01T06:03:54Z,232,26.0,14.0,28.0,14.3,62.4,12.626,86.962,30.0
2026-05-01T06:08:54Z,232,25.0,14.0,28.0,14.3,62.1,12.61,86.967,30.0
2026-05-01T06:13:54Z,232,26.0,13.0,33.0,14.3,62.2,12.578,87.206,30.0
2026-05-01T06:18:59Z,232,24.0,7.0,25.0,14.3,62.4,12.5,87.919,30.0
2026-05-01T06:23:54Z,232,23.0,9.0,24.0,14.3,62.4,12.372,87.881,30.0
2026-05-01T06:28:54Z,232,23.0,8.0,25.0,14.3,62.7,12.017,89.647,30.0
2026-05-01T06:33:54Z,232,22.0,8.0,23.0,14.3,62.7,12.255,88.867,30.0
2026-05-01T06:38:53Z,232,24.0,8.0,24.0,14.3,62.5,12.407,87.977,30.0
2026-05-01T06:43:53Z,232,23.0,9.0,24.0,14.2,62.6,12.281,88.593,30.0
2026-05-01T06:48:53Z,232,22.0,11.0,23.0,14.3,62.6,12.436,88.152,30.0
2026-05-01T06:53:53Z,232,25.0,9.0,26.0,14.2,62.8,12.519,87.746,30.0
2026-05-01T06:58:54Z,232,24.0,13.0,26.0,14.3,62.7,12.473,87.853,30.0
2026-05-01T07:03:54Z,232,24.0,9.0,25.0,14.2,62.8,12.14,89.106,30.0
2026-05-01T07:08:54Z,232,28.0,11.0,28.0,14.2,62.9,12.361,88.144,30.0
2026-05-01T07:13:54Z,232,23.0,9.0,25.0,14.2,63.0,12.332,88.388,30.0
2026-05-01T07:18:54Z,232,28.0,15.0,31.0,14.2,63.0,12.423,88.085,30.0
2026-05-01T07:23:54Z,232,26.0,12.0,29.0,14.2,62.9,12.329,88.219,30.0
2026-05-01T07:28:54Z,232,27.0,12.0,28.0,14.2,62.9,12.481,87.759,30.0
2026-05-01T07:33:54Z,232,25.0,11.0,30.0,14.2,62.9,12.58,87.236,30.0
2026-05-01T07:38:54Z,232,28.0,11.0,29.0,14.3,63.0,12.583,87.313,30.0
2026-05-01T07:44:04Z,232,25.0,11.0,26.0,14.3,62.8,12.305,88.6,30.0
2026-05-01T07:48:54Z,232,30.0,18.0,31.0,14.3,62.9,12.343,88.371,30.0
2026-05-01T07:53:54Z,232,30.0,19.0,34.0,14.3,63.0,12.399,88.226,30.0
2026-05-01T07:58:54Z,232,32.0,19.0,37.0,14.3,62.9,12.407,88.07,30.0
2026-05-01T08:03:54Z,232,28.0,14.0,30.0,14.2,62.9,12.228,88.755,30.0
2026-05-01T08:08:54Z,232,25.0,13.0,27.0,14.2,63.1,12.546,87.797,30.0
2026-05-01T08:13:54Z,232,29.0,16.0,30.0,14.3,63.2,12.492,87.576,30.0
2026-05-01T08:18:54Z,232,30.0,18.0,33.0,14.3,63.0,12.049,89.645,30.0
2026-05-01T08:23:54Z,232,32.0,18.0,37.0,14.2,63.1,12.289,88.665,30.0
2026-05-01T08:28:54Z,232,32.0,20.0,34.0,14.2,63.1,12.506,87.614,30.0
2026-05-01T08:33:54Z,232,29.0,19.0,31.0,14.2,63.1,12.364,88.244,30.0
2026-05-01T08:38:54Z,232,25.0,13.0,27.0,14.2,63.0,12.348,87.978,30.0
2026-05-01T08:43:54Z,232,26.0,13.0,29.0,14.2,63.0,12.391,88.013,30.0
2026-05-01T08:48:54Z,232,27.0,13.0,29.0,14.2,63.0,12.137,89.037,30.0
2026-05-01T08:53:54Z,232,27.0,11.0,29.0,14.2,63.2,12.102,89.106,30.0
2026-05-01T08:58:54Z,232,26.0,9.0,28.0,14.2,63.0,12.26,88.49,30.0
2026-05-01T09:03:54Z,232,27.0,13.0,31.0,14.1,63.3,12.065,89.405,30.0
2026-05-01T09:08:54Z,232,28.0,9.0,28.0,14.1,63.4,11.937,90.485,30.0
2026-05-01T09:13:54Z,232,28.0,12.0,29.0,14.1,63.8,11.723,91.225,30.0
2026-05-01T09:18:54Z,232,26.0,11.0,29.0,14.0,63.7,11.809,90.96,30.0
2026-05-01T09:23:54Z,232,27.0,9.0,28.0,13.9,64.0,11.891,90.649,30.0
2026-05-01T09:28:54Z,232,30.0,12.0,31.0,13.9,64.0,11.846,91.028,30.0
2026-05-01T09:33:54Z,232,29.0,16.0,31.0,13.9,64.3,11.891,91.147,30.0
2026-05-01T09:38:54Z,232,32.0,19.0,35.0,13.8,64.3,11.929,91.03,30.0
2026-05-01T09:43:54Z,232,32.0,18.0,35.0,13.9,64.3,11.977,90.506,30.0
2026-05-01T09:48:54Z,232,33.0,18.0,37.0,13.9,64.4,12.14,89.846,30.0
2026-05-01T09:53:54Z,232,33.0,18.0,37.0,14.0,64.1,12.132,89.832,30.0
2026-05-01T09:58:54Z,232,33.0,21.0,37.0,14.0,64.2,12.209,89.163,30.0
2026-05-01T10:03:54Z,232,34.0,20.0,38.0,14.0,64.3,12.305,88.905,30.0
2026-05-01T10:08:54Z,232,33.0,21.0,39.0,14.0,64.1,12.271,89.075,30.0
2026-05-01T10:13:54Z,232,33.0,22.0,39.0,14.0,64.0,12.268,89.064,30.0
2026-05-01T10:18:54Z,232,33.0,20.0,40.0,14.1,63.8,12.233,88.865,30.0
2026-05-01T10:23:54Z,232,34.0,20.0,39.0,14.1,63.9,12.305,88.564,30.0
2026-05-01T10:28:54Z,232,34.0,20.0,37.0,14.1,64.0,12.377,88.39,30.0
2026-05-01T10:33:54Z,232,33.0,19.0,37.0,14.1,63.9,12.385,88.347,30.0
2026-05-01T10:38:54Z,232,33.0,19.0,37.0,14.1,63.6,12.313,88.245,30.0
2026-05-01T10:43:54Z,232,33.0,20.0,38.0,14.1,63.7,12.359,88.415,30.0
2026-05-01T10:48:54Z,232,33.0,21.0,38.0,14.2,63.7,12.361,88.224,30.0
2026-05-01T10:53:54Z,232,35.0,19.0,39.0,14.2,63.4,12.399,87.933,30.0
2026-05-01T10:58:54Z,232,34.0,21.0,40.0,14.2,63.4,12.46,87.593,30.0
2026-05-01T11:03:54Z,232,33.0,21.0,41.0,14.2,63.4,12.511,87.168,30.0
2026-05-01T11:08:54Z,232,33.0,21.0,41.0,14.2,63.3,12.417,87.36,30.0
2026-05-01T11:13:54Z,232,33.0,20.0,39.0,14.2,63.3,12.42,87.383,30.0
2026-05-01T11:18:54Z,232,34.0,20.0,39.0,14.3,63.1,12.335,87.786,30.0
2026-05-01T11:23:54Z,232,35.0,21.0,40.0,14.2,63.1,12.465,87.421,30.0
2026-05-01T11:28:54Z,232,36.0,22.0,42.0,14.2,63.1,12.511,87.196,30.0
2026-05-01T11:33:54Z,232,35.0,22.0,41.0,14.3,63.2,12.54,86.945,30.0
2026-05-01T11:38:54Z,232,35.0,21.0,41.0,14.3,63.0,12.457,87.42,30.0
2026-05-01T11:43:54Z,232,38.0,22.0,47.0,14.3,63.2,12.361,87.833,30.0
2026-05-01T11:48:54Z,232,40.0,23.0,51.0,14.2,63.3,12.086,88.953,30.0
2026-05-01T11:53:54Z,232,38.0,22.0,47.0,14.2,63.5,12.196,88.591,30.0
2026-05-01T11:58:54Z,232,41.0,24.0,50.0,14.2,63.4,12.412,87.912,30.0
2026-05-01T12:04:01Z,232,42.0,24.0,51.0,14.2,63.4,12.404,87.938,30.0
2026-05-01T12:08:55Z,232,36.0,22.0,46.0,14.2,63.4,12.503,87.65,30.0
2026-05-01T12:13:55Z,232,41.0,23.0,50.0,14.3,63.2,12.26,88.347,30.0
2026-05-01T12:18:55Z,232,39.0,22.0,48.0,14.3,63.3,12.353,87.78,30.0
2026-05-01T12:23:54Z,232,43.0,24.0,51.0,14.2,63.5,12.113,89.05,30.0
2026-05-01T12:28:54Z,232,39.0,22.0,49.0,14.2,63.7,12.204,89.407,30.0
2026-05-01T12:33:54Z,232,40.0,22.0,50.0,14.2,63.8,12.455,88.427,30.0
2026-05-01T12:38:54Z,232,42.0,23.0,51.0,14.2,63.8,12.511,88.022,30.0
2026-05-01T12:43:55Z,232,40.0,22.0,50.0,14.3,63.8,12.612,87.256,30.0
2026-05-01T12:48:55Z,232,42.0,23.0,53.0,14.3,63.7,12.775,86.929,30.0
2026-05-01T12:53:55Z,232,40.0,22.0,50.0,14.4,63.4,12.449,87.763,30.0
2026-05-01T12:58:55Z,232,41.0,23.0,49.0,14.4,63.4,12.791,86.609,30.0
2026-05-01T13:03:55Z,232,44.0,24.0,56.0,14.4,63.4,12.361,88.446,30.0
2026-05-01T13:08:54Z,232,38.0,23.0,46.0,14.4,63.4,12.425,88.156,30.0
2026-05-01T13:13:55Z,232,49.0,28.0,61.0,14.4,63.5,12.54,87.498,30.0
2026-05-01T13:18:55Z,232,58.0,33.0,70.0,14.5,63.4,12.46,88.127,30.0
2026-05-01T13:23:54Z,232,56.0,34.0,69.0,14.5,63.6,12.524,88.005,30.0
2026-05-01T13:28:54Z,232,46.0,28.0,59.0,14.4,63.7,12.457,88.423,30.0
2026-05-01T13:33:55Z,232,55.0,34.0,69.0,14.4,63.9,12.556,88.175,30.0
2026-05-01T13:38:55Z,232,48.0,31.0,61.0,14.5,63.3,12.941,85.634,30.0
2026-05-01T13:43:55Z,232,44.0,26.0,54.0,14.6,63.1,13.069,85.539,30.0
2026-05-01T13:48:55Z,232,47.0,28.0,60.0,14.7,63.2,13.034,85.73,30.0
2026-05-01T13:53:55Z,232,46.0,27.0,57.0,14.8,62.8,13.523,83.618,30.0
2026-05-01T13:58:54Z,232,41.0,23.0,49.0,15.0,62.5,13.64,82.836,30.0
2026-05-01T14:03:54Z,232,38.0,20.0,45.0,15.1,61.5,13.528,82.821,30.0
2026-05-01T14:08:54Z,232,41.0,24.0,50.0,15.2,61.3,13.977,81.388,30.0
2026-05-01T14:13:54Z,232,39.0,23.0,49.0,15.4,60.6,14.084,80.53,30.0
2026-05-01T14:18:54Z,232,41.0,24.0,49.0,15.5,60.6,14.084,80.78,30.0
2026-05-01T14:23:55Z,232,41.0,23.0,51.0,15.6,60.0,14.559,78.892,30.0
2026-05-01T14:28:55Z,232,42.0,24.0,52.0,15.7,59.9,14.839,78.003,30.0
2026-05-01T14:33:55Z,232,43.0,24.0,53.0,15.9,59.9,14.709,79.317,30.0
2026-05-01T14:39:01Z,232,37.0,22.0,45.0,16.0,59.2,14.944,77.768,30.0
2026-05-01T14:43:54Z,232,42.0,24.0,53.0,16.2,58.5,14.701,78.714,30.0
2026-05-01T14:48:55Z,232,46.0,25.0,56.0,16.3,58.3,14.247,79.18,30.0
2026-05-01T14:54:01Z,232,42.0,23.0,50.0,16.4,58.0,14.962,77.286,30.0
2026-05-01T14:58:55Z,232,40.0,22.0,48.0,16.6,57.5,15.277,75.931,30.0
2026-05-01T15:03:55Z,232,40.0,23.0,49.0,16.8,57.3,15.787,74.323,30.0
2026-05-01T15:08:55Z,232,40.0,23.0,48.0,17.0,57.2,16.094,73.063,30.0
2026-05-01T15:13:55Z,232,38.0,23.0,48.0,17.3,56.4,16.129,72.893,30.0
2026-05-01T15:18:55Z,232,43.0,26.0,53.0,17.5,56.0,15.924,74.077,30.0
2026-05-01T15:23:54Z,232,42.0,24.0,52.0,17.7,55.4,16.078,73.906,30.0
2026-05-01T15:28:54Z,232,40.0,23.0,48.0,17.9,55.1,16.741,71.15,30.0
2026-05-01T15:33:55Z,232,39.0,22.0,47.0,18.2,54.6,17.878,67.528,30.0
2026-05-01T15:38:54Z,232,40.0,22.0,49.0,18.5,54.0,18.375,65.662,30.0
2026-05-01T15:43:55Z,232,39.0,21.0,48.0,19.0,53.1,18.308,65.881,30.0
2026-05-01T15:48:55Z,232,42.0,23.0,51.0,19.4,52.1,18.18,66.0,30.0
2026-05-01T15:53:55Z,232,39.0,24.0,49.0,19.9,51.7,19.494,62.057,30.0
2026-05-01T15:58:55Z,232,40.0,24.0,48.0,20.2,50.6,18.749,64.808,30.0
2026-05-01T16:03:55Z,232,41.0,24.0,50.0,20.6,49.9,19.187,63.82,30.0
2026-05-01T16:08:55Z,232,40.0,23.0,50.0,20.9,49.5,20.332,60.028,30.0
2026-05-01T16:13:55Z,232,41.0,25.0,50.0,21.3,48.9,20.231,60.661,30.0
2026-05-01T16:18:55Z,232,42.0,24.0,51.0,21.7,48.5,21.315,57.146,30.0
2026-05-01T16:23:55Z,232,39.0,23.0,47.0,22.1,47.7,21.472,56.486,30.0
2026-05-01T16:28:55Z,232,42.0,24.0,52.0,22.4,46.9,20.402,59.724,30.0
2026-05-01T16:33:55Z,232,42.0,24.0,52.0,22.6,46.2,20.458,60.871,30.0
2026-05-01T16:38:55Z,232,40.0,24.0,48.0,22.9,45.8,21.334,56.762,30.0
2026-05-01T16:43:55Z,232,43.0,23.0,52.0,23.2,44.6,20.06,59.652,30.0
2026-05-01T16:48:55Z,232,40.0,23.0,49.0,23.3,44.6,20.356,60.289,30.0
2026-05-01T16:53:55Z,232,39.0,23.0,48.0,23.4,44.5,21.064,58.309,30.0
2026-05-01T16:58:55Z,232,42.0,24.0,53.0,23.5,44.0,21.232,57.302,30.0
2026-05-01T17:03:55Z,232,42.0,24.0,51.0,23.7,44.3,22.236,55.341,30.0
2026-05-01T17:08:55Z,232,41.0,24.0,50.0,24.0,43.7,22.047,56.049,30.0
2026-05-01T17:13:55Z,232,38.0,23.0,46.0,24.3,43.0,22.039,54.582,30.0
2026-05-01T17:18:55Z,232,39.0,22.0,46.0,24.7,42.7,22.789,52.289,30.0
2026-05-01T17:23:55Z,232,53.0,34.0,65.0,24.9,42.4,22.626,55.03,30.0
2026-05-01T17:29:02Z,232,39.0,22.0,48.0,25.1,41.6,22.583,54.082,30.0
2026-05-01T17:33:55Z,232,38.0,22.0,46.0,25.3,41.6,23.451,51.956,30.0
2026-05-01T17:38:55Z,232,37.0,22.0,45.0,25.6,41.2,23.63,51.74,30.0
2026-05-01T17:43:55Z,232,40.0,22.0,48.0,25.9,40.7,23.363,51.214,30.0
2026-05-01T17:48:55Z,232,38.0,24.0,46.0,26.2,40.5,22.303,55.116,30.0
2026-05-01T17:53:55Z,232,38.0,23.0,44.0,26.2,39.7,23.099,52.213,30.0
2026-05-01T17:59:01Z,232,38.0,23.0,45.0,26.1,39.9,23.376,53.373,30.0
2026-05-01T18:03:55Z,232,36.0,23.0,45.0,26.1,39.0,23.582,50.416,30.0
2026-05-01T18:08:55Z,232,35.0,22.0,41.0,26.1,38.7,23.702,49.396,30.0
2026-05-01T18:13:55Z,232,35.0,23.0,40.0,26.1,38.7,22.72,53.346,30.0
2026-05-01T18:18:55Z,232,36.0,23.0,43.0,26.0,39.0,22.65,53.92,30.0
2026-05-01T18:23:55Z,232,34.0,21.0,38.0,25.9,39.2,22.89,53.134,30.0
2026-05-01T18:28:55Z,232,35.0,23.0,41.0,25.9,38.8,22.8,53.035,30.0
2026-05-01T18:33:55Z,232,31.0,20.0,33.0,25.7,38.9,22.709,53.239,30.0
2026-05-01T18:38:55Z,232,31.0,18.0,33.0,25.6,38.5,22.631,52.967,30.0
2026-05-01T18:43:55Z,232,30.0,20.0,33.0,25.6,38.2,21.817,53.689,30.0
2026-05-01T18:48:55Z,232,26.0,18.0,26.0,25.6,38.4,23.259,49.587,30.0
2026-05-01T18:53:55Z,232,27.0,16.0,28.0,25.6,37.8,22.607,50.596,30.0
2026-05-01T18:58:55Z,232,25.0,13.0,25.0,25.7,37.8,22.655,49.894,30.0
2026-05-01T19:03:55Z,232,18.0,7.0,19.0,25.7,37.0,21.678,51.202,30.0
2026-05-01T19:08:55Z,232,24.0,11.0,25.0,25.6,37.2,22.332,50.3,30.0
2026-05-01T19:13:55Z,232,19.0,8.0,20.0,25.5,37.3,22.543,49.598,30.0
2026-05-01T19:18:55Z,232,22.0,12.0,22.0,25.3,36.9,22.196,49.304,30.0
2026-05-01T19:23:55Z,232,23.0,13.0,25.0,25.1,37.3,22.431,49.818,30.0
2026-05-01T19:28:55Z,232,18.0,8.0,21.0,24.9,37.6,22.554,49.715,30.0
2026-05-01T19:33:55Z,232,23.0,11.0,23.0,24.8,37.6,22.631,49.247,30.0
2026-05-01T19:38:55Z,232,18.0,7.0,18.0,24.9,38.0,22.554,49.327,30.0
2026-05-01T19:43:55Z,232,22.0,8.0,22.0,24.9,38.1,22.89,49.068,30.0
2026-05-01T19:48:55Z,232,19.0,10.0,19.0,25.0,37.9,22.271,50.624,30.0
2026-05-01T19:53:55Z,232,18.0,9.0,18.0,25.1,38.1,23.617,47.658,30.0
2026-05-01T19:58:55Z,232,13.0,6.0,14.0,25.3,38.2,23.972,47.664,30.0
2026-05-01T20:03:55Z,232,17.0,6.0,19.0,25.5,37.7,23.953,46.525,30.0
2026-05-01T20:08:55Z,232,8.0,5.0,8.0,25.7,37.6,23.531,47.054,30.0
2026-05-01T20:13:55Z,232,10.0,4.0,10.0,25.8,36.9,22.922,48.009,30.0
2026-05-01T20:18:55Z,232,10.0,5.0,11.0,25.7,36.7,21.689,50.847,30.0
2026-05-01T20:23:55Z,232,11.0,6.0,13.0,25.5,37.1,22.236,49.665,30.0
2026-05-01T20:29:02Z,232,20.0,12.0,22.0,25.3,37.0,22.191,49.84,30.0
2026-05-01T20:33:55Z,232,17.0,6.0,17.0,25.2,37.1,22.263,50.075,30.0
2026-05-01T20:38:55Z,232,11.0,5.0,11.0,25.1,36.9,22.399,48.343,30.0
2026-05-01T20:43:56Z,232,16.0,7.0,16.0,25.1,37.1,22.562,48.894,30.0
2026-05-01T20:48:56Z,232,11.0,6.0,11.0,25.0,37.5,23.067,48.768,30.0
2026-05-01T20:53:56Z,232,10.0,4.0,12.0,25.0,37.3,22.565,48.866,30.0
2026-05-01T20:58:56Z,232,10.0,5.0,13.0,25.0,37.7,21.798,51.75,30.0
2026-05-01T21:03:56Z,232,13.0,5.0,13.0,24.9,37.8,21.069,54.87,30.0
2026-05-01T21:08:56Z,232,9.0,5.0,11.0,24.5,38.0,20.714,55.183,30.0
2026-05-01T21:13:56Z,232,8.0,4.0,8.0,24.0,38.4,20.06,57.064,30.0
2026-05-01T21:18:56Z,232,7.0,5.0,8.0,23.4,38.8,19.462,58.666,30.0
2026-05-01T21:23:56Z,232,7.0,3.0,8.0,22.9,39.9,20.228,56.863,30.0
2026-05-01T21:28:56Z,232,8.0,5.0,8.0,22.5,40.1,19.312,59.072,30.0
2026-05-01T21:33:57Z,232,11.0,6.0,13.0,22.0,40.9,19.256,59.803,30.0
2026-05-01T21:38:55Z,232,11.0,5.0,11.0,21.5,41.7,19.131,60.781,30.0
2026-05-01T21:43:56Z,232,11.0,6.0,13.0,21.1,42.3,18.565,62.709,30.0
2026-05-01T21:48:56Z,232,11.0,6.0,14.0,20.7,42.8,18.014,63.619,30.0
2026-05-01T21:53:56Z,232,17.0,8.0,18.0,20.3,43.3,18.193,62.696,30.0
2026-05-01T21:58:56Z,232,16.0,8.0,18.0,19.9,43.8,18.025,63.112,30.0
2026-05-01T22:03:56Z,232,30.0,21.0,31.0,19.6,44.4,17.881,63.524,30.0
2026-05-01T22:08:56Z,232,21.0,10.0,22.0,19.3,44.9,17.609,64.247,30.0
2026-05-01T22:13:56Z,232,21.0,7.0,21.0,19.1,45.5,17.341,65.656,30.0
2026-05-01T22:18:56Z,232,20.0,8.0,20.0,18.9,45.7,17.032,66.667,30.0
2026-05-01T22:23:56Z,232,24.0,12.0,24.0,18.6,46.6,16.783,67.625,30.0
2026-05-01T22:28:56Z,232,23.0,13.0,24.0,18.4,47.4,16.562,68.376,30.0
2026-05-01T22:33:56Z,232,21.0,10.0,21.0,18.1,47.5,16.551,67.528,30.0
2026-05-01T22:38:56Z,232,22.0,11.0,22.0,17.9,47.7,16.778,66.58,30.0
2026-05-01T22:43:56Z,232,23.0,13.0,24.0,17.8,48.2,16.572,67.97,30.0
2026-05-01T22:48:56Z,232,23.0,12.0,23.0,17.7,48.4,16.415,67.602,30.0
2026-05-01T22:53:56Z,232,25.0,11.0,25.0,17.6,48.7,16.551,67.262,30.0
2026-05-01T22:58:56Z,232,23.0,12.0,24.0,17.6,49.1,16.369,68.09,30.0
2026-05-01T23:03:56Z,232,23.0,12.0,24.0,17.5,48.9,16.335,67.306,30.0
2026-05-01T23:08:56Z,232,22.0,10.0,23.0,17.5,48.8,16.407,67.022,30.0
2026-05-01T23:13:56Z,232,18.0,6.0,18.0,17.4,48.9,16.367,66.959,30.0
2026-05-01T23:18:56Z,232,20.0,9.0,20.0,17.4,48.8,16.642,66.4,30.0
2026-05-01T23:23:56Z,232,15.0,5.0,16.0,17.4,48.6,16.679,65.254,30.0
2026-05-01T23:28:56Z,232,13.0,7.0,16.0,17.4,48.9,16.506,66.229,30.0
2026-05-01T23:33:56Z,232,11.0,6.0,14.0,17.4,48.8,16.466,66.164,30.0
2026-05-01T23:38:56Z,232,18.0,7.0,18.0,17.3,49.2,16.303,67.501,30.0
2026-05-01T23:43:56Z,232,11.0,8.0,12.0,17.3,49.3,16.076,67.186,30.0
2026-05-01T23:48:56Z,232,42.0,26.0,50.0,17.3,48.8,16.701,65.046,30.0
2026-05-01T23:53:56Z,232,68.0,40.0,77.0,17.3,48.9,16.618,65.666,30.0
2026-05-01T23:58:56Z,232,32.0,20.0,35.0,17.4,49.2,16.514,66.358,30.0
2026-05-02T00:03:56Z,232,18.0,7.0,19.0,17.3,49.3,16.036,67.514,30.0
2026-05-02T00:08:56Z,232,18.0,10.0,19.0,17.2,49.3,15.921,67.901,30.0
2026-05-02T00:13:56Z,232,24.0,15.0,25.0,17.2,49.4,15.761,68.281,30.0
2026-05-02T00:18:56Z,232,18.0,9.0,22.0,17.0,49.6,15.528,68.962,30.0
2026-05-02T00:23:56Z,232,33.0,23.0,35.0,16.9,50.3,15.259,70.579,30.0
2026-05-02T00:28:56Z,232,20.0,7.0,20.0,16.8,50.2,15.0,71.693,30.0
2026-05-02T00:33:56Z,232,30.0,20.0,34.0,16.6,50.8,14.863,72.492,30.0
2026-05-02T00:38:56Z,232,20.0,13.0,23.0,16.4,51.2,14.879,72.305,30.0
2026-05-02T00:44:04Z,232,18.0,8.0,19.0,16.3,51.5,14.839,72.481,30.0
2026-05-02T00:48:56Z,232,15.0,6.0,17.0,16.2,51.8,14.527,73.219,30.0
2026-05-02T00:53:56Z,232,17.0,6.0,18.0,16.1,52.3,14.287,74.32,30.0
2026-05-02T00:58:56Z,232,17.0,8.0,18.0,15.9,52.6,14.215,74.531,30.0
2026-05-02T01:03:56Z,232,23.0,12.0,24.0,15.8,53.1,14.137,74.959,30.0
2026-05-02T01:08:56Z,232,17.0,7.0,21.0,15.7,53.3,14.07,75.435,30.0
2026-05-02T01:13:56Z,232,18.0,7.0,19.0,15.6,53.7,13.998,75.552,30.0
2026-05-02T01:18:56Z,232,20.0,8.0,22.0,15.5,54.1,13.854,75.909,30.0
2026-05-02T01:23:56Z,232,26.0,17.0,26.0,15.4,53.6,13.333,77.28,30.0
2026-05-02T01:28:57Z,232,40.0,25.0,46.0,15.3,54.5,12.882,79.496,30.0
2026-05-02T01:33:56Z,232,35.0,23.0,39.0,15.1,54.8,13.045,78.571,30.0
2026-05-02T01:38:56Z,232,34.0,23.0,38.0,15.0,55.1,12.935,79.042,30.0
2026-05-02T01:43:56Z,232,34.0,23.0,37.0,14.8,55.3,12.909,79.172,30.0
2026-05-02T01:48:56Z,232,26.0,16.0,27.0,14.8,55.7,12.751,79.59,30.0
2026-05-02T01:53:56Z,232,22.0,11.0,22.0,14.7,55.9,12.802,79.355,30.0
2026-05-02T01:58:56Z,232,22.0,12.0,22.0,14.6,55.7,12.506,80.687,30.0
2026-05-02T02:03:56Z,232,23.0,9.0,24.0,14.5,56.2,12.903,79.199,30.0
2026-05-02T02:08:56Z,232,26.0,19.0,26.0,14.4,56.4,12.663,79.863,30.0
2026-05-02T02:13:56Z,232,23.0,13.0,24.0,14.4,56.4,12.452,80.446,30.0
2026-05-02T02:18:56Z,232,26.0,15.0,27.0,14.4,56.7,12.369,80.992,30.0
2026-05-02T02:23:56Z,232,30.0,19.0,31.0,14.3,56.9,12.436,80.719,30.0
2026-05-02T02:28:56Z,232,29.0,20.0,29.0,14.3,57.0,12.311,80.955,30.0
2026-05-02T02:33:56Z,232,32.0,22.0,33.0,14.2,57.2,12.289,80.77,30.0
2026-05-02T02:38:56Z,232,34.0,22.0,38.0,14.1,57.3,12.185,81.823,30.0
2026-05-02T02:43:56Z,232,34.0,22.0,37.0,14.1,57.6,12.129,82.226,30.0
2026-05-02T02:48:56Z,232,30.0,21.0,30.0,14.0,57.5,11.977,81.896,30.0
2026-05-02T02:53:56Z,232,26.0,14.0,28.0,13.9,57.8,12.033,81.572,30.0
2026-05-02T02:58:56Z,232,28.0,17.0,29.0,13.9,58.0,11.883,82.474,30.0
2026-05-02T03:03:56Z,232,25.0,15.0,26.0,13.7,57.8,11.736,83.021,30.0
2026-05-02T03:08:56Z,232,22.0,11.0,23.0,13.7,58.3,11.744,83.126,30.0
2026-05-02T03:13:56Z,232,24.0,12.0,24.0,13.6,58.5,11.785,82.989,30.0
2026-05-02T03:18:56Z,232,23.0,9.0,23.0,13.6,58.6,12.038,82.432,30.0
2026-05-02T03:23:56Z,232,23.0,11.0,23.0,13.6,58.6,11.955,82.252,30.0
2026-05-02T03:28:56Z,232,22.0,9.0,23.0,13.6,58.6,11.889,82.485,30.0
2026-05-02T03:33:56Z,232,22.0,11.0,22.0,13.6,58.4,11.771,82.273,30.0
2026-05-02T03:38:56Z,232,24.0,9.0,24.0,13.6,58.9,11.726,82.581,30.0
2026-05-02T03:43:56Z,232,22.0,12.0,23.0,13.6,58.8,11.568,83.647,30.0
2026-05-02T03:48:56Z,232,22.0,12.0,25.0,13.5,58.9,11.571,82.911,30.0
2026-05-02T03:53:56Z,232,20.0,9.0,22.0,13.4,58.8,11.493,83.307,30.0
2026-05-02T03:58:56Z,232,24.0,12.0,24.0,13.4,59.3,11.467,83.63,30.0
2026-05-02T04:03:56Z,232,20.0,11.0,25.0,13.4,59.1,11.427,83.765,30.0
2026-05-02T04:08:56Z,232,23.0,13.0,24.0,13.3,59.1,11.317,84.232,30.0
2026-05-02T04:13:56Z,232,25.0,9.0,26.0,13.3,59.0,11.288,83.851,30.0
2026-05-02T04:18:56Z,232,24.0,12.0,24.0,13.2,59.0,11.114,84.175,30.0
2026-05-02T04:23:56Z,232,29.0,20.0,31.0,13.2,59.7,11.093,85.442,30.0
2026-05-02T04:28:56Z,232,29.0,18.0,29.0,13.1,59.8,11.069,85.751,30.0
2026-05-02T04:33:57Z,232,26.0,16.0,26.0,13.1,60.0,11.093,85.684,30.0
2026-05-02T04:38:56Z,232,25.0,15.0,25.0,13.1,59.7,11.026,84.366,30.0
2026-05-02T04:43:56Z,232,25.0,13.0,27.0,13.0,60.0,10.847,84.454,30.0
2026-05-02T04:48:56Z,232,25.0,12.0,25.0,12.9,59.6,10.719,85.358,30.0
2026-05-02T04:53:56Z,232,25.0,11.0,25.0,12.9,60.3,10.652,86.43,30.0
2026-05-02T04:58:57Z,232,23.0,8.0,23.0,12.8,60.5,10.639,86.254,30.0
2026-05-02T05:03:56Z,232,23.0,11.0,24.0,12.7,60.3,10.471,86.298,30.0
2026-05-02T05:08:57Z,232,26.0,14.0,27.0,12.7,61.0,10.543,86.643,30.0
2026-05-02T05:14:05Z,232,27.0,14.0,28.0,12.7,61.0,10.527,87.688,30.0
2026-05-02T05:18:57Z,232,28.0,16.0,29.0,12.7,61.5,10.594,87.847,30.0
2026-05-02T05:24:03Z,232,27.0,14.0,28.0,12.6,61.2,10.505,86.679,30.0
2026-05-02T05:28:57Z,232,30.0,20.0,31.0,12.6,61.2,10.495,87.166,30.0
2026-05-02T05:33:57Z,232,27.0,16.0,28.0,12.6,60.7,10.372,85.573,30.0
2026-05-02T05:38:57Z,232,29.0,14.0,29.0,12.6,60.9,10.244,86.752,30.0
2026-05-02T05:43:57Z,232,29.0,17.0,30.0,12.5,61.1,10.324,86.346,30.0
2026-05-02T05:48:57Z,232,25.0,15.0,28.0,12.5,61.2,10.121,88.324,30.0
2026-05-02T05:53:57Z,232,26.0,13.0,26.0,12.4,61.2,10.134,87.194,30.0
2026-05-02T05:58:57Z,232,29.0,12.0,30.0,12.4,61.3,10.118,87.122,30.0
2026-05-02T06:03:57Z,232,31.0,21.0,32.0,12.4,61.3,10.073,88.278,30.0
2026-05-02T06:08:57Z,232,32.0,20.0,36.0,12.3,61.6,10.057,88.139,30.0
2026-05-02T06:13:57Z,232,31.0,21.0,37.0,12.3,61.8,10.273,88.347,30.0
2026-05-02T06:18:57Z,232,32.0,21.0,32.0,12.3,62.0,10.276,87.78,30.0
2026-05-02T06:23:57Z,232,30.0,17.0,30.0,12.3,62.0,10.124,87.553,30.0
2026-05-02T06:28:57Z,232,26.0,15.0,27.0,12.3,61.5,9.934,88.398,30.0
2026-05-02T06:33:56Z,232,29.0,12.0,30.0,12.2,61.6,9.945,88.2,30.0
2026-05-02T06:38:57Z,232,27.0,15.0,31.0,12.2,61.9,9.889,88.608,30.0
2026-05-02T06:43:56Z,232,25.0,14.0,26.0,12.1,61.9,9.923,88.362,30.0
2026-05-02T06:48:57Z,232,28.0,17.0,30.0,12.1,61.9,9.91,88.011,30.0
2026-05-02T06:53:57Z,232,32.0,21.0,33.0,12.1,62.0,9.72,88.568,30.0
2026-05-02T06:58:57Z,232,31.0,20.0,32.0,12.0,62.3,9.859,88.516,30.0
2026-05-02T07:03:57Z,232,29.0,19.0,32.0,12.1,62.7,9.921,88.982,30.0
2026-05-02T07:08:57Z,232,28.0,20.0,30.0,12.0,62.4,9.843,88.253,30.0
2026-05-02T07:13:57Z,232,28.0,18.0,28.0,12.0,62.3,9.835,87.58,30.0
2026-05-02T07:18:57Z,232,29.0,20.0,29.0,12.0,62.1,9.576,89.407,30.0
2026-05-02T07:23:57Z,232,32.0,23.0,35.0,12.0,62.2,9.667,88.934,30.0
2026-05-02T07:29:05Z,232,28.0,18.0,31.0,11.9,62.7,9.771,89.699,30.0
2026-05-02T07:33:57Z,232,25.0,14.0,25.0,11.9,62.7,9.79,88.308,30.0
2026-05-02T07:38:57Z,232,27.0,16.0,29.0,11.9,62.1,9.501,88.329,30.0
2026-05-02T07:43:57Z,232,28.0,16.0,29.0,11.9,62.3,9.12,90.513,30.0
2026-05-02T07:48:57Z,232,24.0,14.0,24.0,11.8,61.9,9.16,88.671,30.0
2026-05-02T07:53:57Z,232,29.0,14.0,29.0,11.7,62.0,9.162,89.222,30.0
2026-05-02T07:58:57Z,232,27.0,19.0,29.0,11.7,62.5,9.411,88.614,30.0
2026-05-02T08:03:57Z,232,26.0,16.0,29.0,11.7,62.1,9.178,88.005,30.0
2026-05-02T08:08:57Z,232,26.0,11.0,26.0,11.6,62.0,9.031,88.619,30.0
2026-05-02T08:13:57Z,232,27.0,14.0,27.0,11.6,62.3,9.031,89.18,30.0
2026-05-02T08:18:57Z,232,23.0,11.0,26.0,11.5,62.3,8.885,89.298,30.0
2026-05-02T08:23:57Z,232,27.0,15.0,27.0,11.5,62.5,8.93,89.747,30.0
2026-05-02T08:28:57Z,232,29.0,18.0,30.0,11.5,62.8,8.893,90.414,30.0
2026-05-02T08:33:57Z,232,27.0,17.0,27.0,11.4,63.0,8.909,90.359,30.0
2026-05-02T08:38:57Z,232,25.0,9.0,26.0,11.4,63.2,8.812,91.854,30.0
2026-05-02T08:43:57Z,232,28.0,17.0,29.0,11.4,63.0,8.879,90.044,30.0
2026-05-02T08:48:57Z,232,29.0,19.0,29.0,11.4,62.6,8.764,88.762,30.0
2026-05-02T08:53:57Z,232,31.0,18.0,31.0,11.3,63.0,8.666,90.977,30.0
2026-05-02T08:58:57Z,232,27.0,14.0,28.0,11.3,63.0,8.631,90.723,30.0
2026-05-02T09:03:57Z,232,27.0,15.0,28.0,11.2,63.5,8.743,91.147,30.0
2026-05-02T09:08:57Z,232,24.0,10.0,25.0,11.2,63.4,8.714,90.641,30.0
2026-05-02T09:13:57Z,232,22.0,8.0,24.0,11.2,63.5,8.751,92.217,30.0
2026-05-02T09:18:57Z,232,22.0,9.0,24.0,11.2,63.6,8.746,89.937,30.0
2026-05-02T09:23:57Z,232,24.0,9.0,27.0,11.2,63.5,8.679,90.269,30.0
2026-05-02T09:28:57Z,232,21.0,8.0,24.0,11.2,63.3,8.569,90.574,30.0
2026-05-02T09:33:57Z,232,27.0,12.0,28.0,11.1,63.5,8.505,91.591,30.0
2026-05-02T09:38:57Z,232,24.0,7.0,25.0,11.1,63.6,8.545,90.693,30.0
2026-05-02T09:43:57Z,232,28.0,14.0,29.0,11.1,63.6,8.543,91.108,30.0
2026-05-02T09:48:57Z,232,24.0,9.0,25.0,11.1,63.4,8.46,90.311,30.0
2026-05-02T09:53:57Z,232,22.0,8.0,24.0,11.1,63.2,8.364,90.407,30.0
2026-05-02T09:58:57Z,232,26.0,13.0,28.0,11.0,63.9,8.471,91.511,30.0
2026-05-02T10:03:57Z,232,29.0,14.0,30.0,11.0,64.5,8.61,92.405,30.0
2026-05-02T10:08:57Z,232,24.0,8.0,25.0,11.0,63.8,8.524,90.813,30.0
2026-05-02T10:13:57Z,232,22.0,8.0,22.0,11.0,63.7,8.46,91.019,30.0
2026-05-02T10:18:57Z,232,24.0,8.0,24.0,11.0,63.7,8.332,91.665,30.0
2026-05-02T10:23:57Z,232,19.0,7.0,19.0,11.0,63.5,8.318,90.319,30.0
2026-05-02T10:28:57Z,232,24.0,10.0,25.0,10.9,63.4,8.252,90.307,30.0
2026-05-02T10:33:57Z,232,25.0,12.0,28.0,10.9,63.9,8.233,92.907,30.0
2026-05-02T10:38:57Z,232,24.0,10.0,26.0,10.9,63.8,8.236,91.349,30.0
2026-05-02T10:43:57Z,232,22.0,8.0,24.0,10.8,63.9,8.174,91.732,30.0
2026-05-02T10:48:57Z,232,22.0,8.0,22.0,10.8,64.0,8.148,92.318,30.0
2026-05-02T10:53:57Z,232,22.0,9.0,22.0,10.8,64.2,8.27,91.353,30.0
2026-05-02T10:58:57Z,232,25.0,12.0,25.0,10.8,63.9,8.067,91.171,30.0
2026-05-02T11:03:57Z,232,24.0,13.0,24.0,10.8,63.9,8.078,91.194,30.0
2026-05-02T11:08:58Z,232,21.0,7.0,21.0,10.8,63.4,7.99,91.173,30.0
2026-05-02T11:13:58Z,232,29.0,17.0,32.0,10.8,63.5,7.846,91.946,30.0
2026-05-02T11:18:58Z,232,46.0,29.0,54.0,10.7,63.5,7.905,90.899,30.0
2026-05-02T11:23:57Z,232,64.0,38.0,77.0,10.7,64.1,7.822,93.798,30.0
2026-05-02T11:28:58Z,232,52.0,32.0,64.0,10.6,64.2,7.881,92.543,30.0
2026-05-02T11:33:57Z,232,47.0,32.0,59.0,10.6,63.7,7.835,91.112,30.0
2026-05-02T11:38:57Z,232,40.0,25.0,47.0,10.6,64.0,7.929,90.839,30.0
2026-05-02T11:43:57Z,232,38.0,25.0,45.0,10.6,64.0,8.006,90.921,30.0
2026-05-02T11:48:57Z,232,43.0,26.0,50.0,10.6,64.2,8.054,90.571,30.0
2026-05-02T11:53:58Z,232,40.0,25.0,46.0,10.6,63.6,8.022,89.699,30.0
2026-05-02T11:58:58Z,232,37.0,24.0,40.0,10.7,63.3,7.918,88.694,30.0
2026-05-02T12:03:58Z,232,40.0,25.0,50.0,10.7,63.1,7.934,89.537,30.0
2026-05-02T12:08:58Z,232,41.0,25.0,46.0,10.6,63.5,7.977,90.37,30.0
2026-05-02T12:13:58Z,232,38.0,25.0,42.0,10.7,64.3,8.145,92.024,30.0
2026-05-02T12:18:58Z,232,32.0,22.0,35.0,10.6,64.8,8.244,91.961,30.0
2026-05-02T12:23:57Z,232,37.0,24.0,41.0,10.7,64.6,8.22,91.223,30.0
2026-05-02T12:28:57Z,232,36.0,25.0,40.0,10.7,64.5,8.27,91.391,30.0
2026-05-02T12:33:57Z,232,31.0,20.0,31.0,10.8,65.2,8.999,90.521,30.0
2026-05-02T12:38:57Z,232,26.0,15.0,27.0,11.0,65.3,12.457,76.147,30.0
2026-05-02T12:43:58Z,232,32.0,20.0,32.0,11.6,65.0,13.763,72.079,30.0
2026-05-02T12:48:58Z,232,24.0,16.0,25.0,12.3,63.8,13.491,73.467,30.0
2026-05-02T12:53:58Z,232,27.0,19.0,28.0,13.0,62.5,15.723,66.015,30.0
2026-05-02T12:58:58Z,232,30.0,20.0,30.0,13.7,61.1,16.717,62.574,30.0
2026-05-02T13:03:58Z,232,32.0,22.0,36.0,14.5,59.8,17.139,62.189,30.0
2026-05-02T13:08:58Z,232,32.0,23.0,35.0,15.1,58.7,17.988,59.911,30.0
2026-05-02T13:13:58Z,232,38.0,25.0,45.0,15.7,57.3,18.193,58.847,30.0
2026-05-02T13:18:58Z,232,36.0,24.0,43.0,16.3,55.9,18.773,57.415,30.0
2026-05-02T13:23:57Z,232,31.0,21.0,34.0,16.9,54.0,18.639,55.994,30.0
2026-05-02T13:28:57Z,232,33.0,21.0,36.0,17.4,53.1,19.638,54.056,30.0
2026-05-02T13:33:57Z,232,28.0,20.0,29.0,18.0,51.9,18.346,56.964,30.0
2026-05-02T13:38:58Z,232,27.0,18.0,27.0,18.5,50.4,17.827,58.878,30.0
2026-05-02T13:43:58Z,232,30.0,21.0,31.0,19.1,49.8,18.658,58.366,30.0
2026-05-02T13:48:58Z,232,33.0,22.0,36.0,19.7,49.1,18.669,59.328,30.0
2026-05-02T13:53:58Z,232,33.0,23.0,35.0,20.2,48.2,18.912,58.538,30.0
2026-05-02T13:58:57Z,232,32.0,22.0,36.0,20.7,47.2,19.347,57.106,30.0
2026-05-02T14:03:57Z,232,32.0,21.0,35.0,20.9,46.0,19.504,55.66,30.0
2026-05-02T14:08:57Z,232,30.0,22.0,35.0,21.2,45.1,19.801,55.778,30.0
2026-05-02T14:13:57Z,232,29.0,20.0,32.0,21.3,44.7,20.418,54.536,30.0
2026-05-02T14:19:03Z,232,29.0,19.0,29.0,21.5,44.8,20.997,54.077,30.0
2026-05-02T14:23:58Z,232,27.0,18.0,28.0,21.6,44.3,20.404,55.16,30.0
2026-05-02T14:28:58Z,232,27.0,20.0,28.0,21.6,43.8,20.522,54.023,30.0
2026-05-02T14:33:57Z,232,26.0,15.0,26.0,21.6,43.3,20.711,52.41,30.0
2026-05-02T14:38:57Z,232,26.0,16.0,28.0,21.6,43.1,20.621,51.643,30.0
2026-05-02T14:43:58Z,232,23.0,14.0,23.0,21.7,43.2,21.587,51.269,30.0
2026-05-02T14:48:58Z,232,24.0,12.0,24.0,21.9,42.9,22.129,49.175,30.0
2026-05-02T14:53:58Z,232,24.0,15.0,24.0,22.1,42.6,21.833,50.453,30.0
2026-05-02T14:58:58Z,232,24.0,13.0,24.0,22.2,42.1,22.068,49.6,30.0
2026-05-02T15:03:58Z,232,23.0,13.0,24.0,22.3,41.5,22.116,48.04,30.0
2026-05-02T15:08:58Z,232,24.0,11.0,26.0,22.5,41.1,22.025,47.388,30.0
2026-05-02T15:13:58Z,232,20.0,12.0,20.0,22.6,41.4,22.725,46.926,30.0
2026-05-02T15:18:57Z,232,22.0,9.0,24.0,22.8,41.5,22.944,47.435,30.0
2026-05-02T15:23:57Z,232,16.0,7.0,18.0,23.0,40.7,22.776,46.276,30.0
2026-05-02T15:28:58Z,232,22.0,11.0,23.0,23.3,40.6,23.23,45.026,30.0
2026-05-02T15:33:58Z,232,21.0,11.0,21.0,23.6,40.6,24.626,42.659,30.0
2026-05-02T15:38:58Z,232,15.0,6.0,17.0,24.1,39.8,24.68,42.318,30.0
2026-05-02T15:43:58Z,232,17.0,7.0,18.0,24.6,39.1,24.936,41.48,30.0
2026-05-02T15:48:58Z,232,8.0,5.0,10.0,24.9,37.4,24.976,39.146,30.0
2026-05-02T15:53:58Z,232,9.0,6.0,11.0,25.3,36.0,24.936,37.969,30.0
2026-05-02T15:58:58Z,232,9.0,4.0,9.0,25.6,35.8,26.354,35.468,30.0
2026-05-02T16:03:58Z,232,8.0,5.0,9.0,26.0,34.7,26.843,33.576,30.0
2026-05-02T16:08:58Z,232,8.0,4.0,8.0,26.4,34.1,27.222,33.815,30.0
2026-05-02T16:13:58Z,232,5.0,2.0,5.0,26.8,33.9,27.499,32.651,30.0
2026-05-02T16:19:05Z,232,7.0,3.0,8.0,27.1,33.2,27.831,30.521,30.0
2026-05-02T16:23:58Z,232,5.0,3.0,6.0,27.5,32.2,28.479,31.005,30.0
2026-05-02T16:28:58Z,232,7.0,3.0,8.0,28.0,32.4,29.323,30.416,30.0
2026-05-02T16:33:58Z,232,8.0,4.0,8.0,28.5,33.2,28.939,33.624,30.0
2026-05-02T16:38:58Z,232,6.0,3.0,6.0,28.8,31.9,27.991,32.842,30.0
2026-05-02T16:43:58Z,232,3.0,1.0,3.0,29.2,30.7,28.298,30.339,30.0
2026-05-02T16:48:58Z,232,4.0,0.0,4.0,29.5,31.5,29.297,32.092,30.0
2026-05-02T16:53:58Z,232,3.0,1.0,4.0,29.9,30.9,29.657,30.879,30.0
2026-05-02T16:58:58Z,232,2.0,0.0,2.0,30.4,30.0,29.879,29.14,30.0
2026-05-02T17:03:58Z,232,3.0,2.0,3.0,30.7,29.7,30.095,28.783,30.0
2026-05-02T17:08:58Z,232,3.0,1.0,4.0,31.0,28.9,29.526,28.48,30.0
2026-05-02T17:13:58Z,232,4.0,1.0,4.0,31.2,28.7,30.461,27.839,30.0
2026-05-02T17:18:58Z,232,1.0,0.0,1.0,31.4,28.0,30.474,27.604,30.0
2026-05-02T17:23:58Z,232,1.0,0.0,1.0,31.7,28.4,29.889,29.872,30.0
2026-05-02T17:28:58Z,232,5.0,2.0,6.0,31.9,27.3,29.839,26.826,30.0
2026-05-02T17:33:58Z,232,4.0,1.0,4.0,32.1,27.4,30.055,28.264,30.0
2026-05-02T17:38:58Z,232,3.0,0.0,4.0,32.4,27.5,30.979,28.115,30.0
2026-05-02T17:43:58Z,232,4.0,2.0,4.0,32.6,27.1,31.195,27.963,30.0
2026-05-02T17:48:58Z,232,2.0,0.0,2.0,32.9,27.1,31.516,27.32,30.0
2026-05-02T17:53:58Z,232,3.0,1.0,3.0,33.2,26.7,31.558,26.692,30.0
2026-05-02T17:58:58Z,232,5.0,3.0,6.0,33.1,26.1,31.358,26.687,30.0
2026-05-02T18:03:58Z,232,4.0,2.0,6.0,32.9,25.9,31.201,26.326,30.0
2026-05-02T18:08:58Z,232,5.0,4.0,5.0,32.7,25.5,30.506,26.809,30.0
2026-05-02T18:13:58Z,232,4.0,0.0,4.0,32.6,25.8,31.035,27.11,30.0
2026-05-02T18:18:58Z,232,2.0,0.0,2.0,32.4,26.2,31.943,26.258,30.0
2026-05-02T18:23:58Z,232,5.0,2.0,5.0,32.5,25.6,31.524,25.607,30.0
2026-05-02T18:28:58Z,232,1.0,0.0,1.0,32.7,25.6,32.018,24.823,30.0
2026-05-02T18:33:58Z,232,2.0,1.0,2.0,32.9,25.0,31.828,24.179,30.0
2026-05-02T18:38:58Z,232,2.0,1.0,2.0,33.2,24.6,31.366,24.072,30.0
2026-05-02T18:43:58Z,232,1.0,0.0,1.0,33.4,23.7,30.832,23.719,30.0
2026-05-02T18:48:58Z,232,1.0,0.0,1.0,33.6,24.1,32.036,23.604,30.0
2026-05-02T18:53:58Z,232,2.0,0.0,2.0,33.7,23.8,30.976,23.166,30.0
2026-05-02T18:58:58Z,232,0.0,0.0,0.0,33.6,23.8,32.57,22.233,30.0
2026-05-02T19:03:58Z,232,2.0,0.0,2.0,33.8,23.5,31.948,23.572,30.0
2026-05-02T19:08:58Z,232,1.0,0.0,1.0,33.9,23.4,31.889,23.618,30.0
2026-05-02T19:13:58Z,232,0.0,0.0,0.0,34.1,22.8,31.286,21.998,30.0
2026-05-02T19:18:58Z,232,0.0,0.0,0.0,34.1,23.0,32.199,22.548,30.0
2026-05-02T19:23:58Z,232,0.0,0.0,0.0,34.2,23.0,32.327,23.152,30.0
2026-05-02T19:28:58Z,232,0.0,0.0,2.0,34.3,22.7,32.122,22.342,30.0
2026-05-02T19:33:58Z,232,3.0,0.0,3.0,34.4,22.4,32.338,21.718,30.0
2026-05-02T19:38:58Z,232,0.0,0.0,0.0,34.3,22.3,31.916,22.214,30.0
2026-05-02T19:44:07Z,232,0.0,0.0,0.0,34.4,22.6,32.034,22.136,30.0
2026-05-02T19:48:58Z,232,1.0,0.0,1.0,34.4,22.2,31.628,22.817,30.0
2026-05-02T19:53:58Z,232,2.0,0.0,2.0,34.4,22.2,32.317,22.031,30.0
2026-05-02T19:58:58Z,232,0.0,0.0,0.0,34.3,22.4,31.954,22.191,30.0
2026-05-02T20:03:58Z,232,1.0,0.0,1.0,34.3,22.6,32.725,22.079,30.0
2026-05-02T20:08:58Z,232,4.0,1.0,4.0,34.4,22.7,32.776,22.7,30.0
2026-05-02T20:13:58Z,232,3.0,2.0,3.0,34.3,22.3,30.386,25.035,30.0
2026-05-02T20:19:06Z,232,8.0,6.0,11.0,34.2,23.2,32.237,24.48,30.0
2026-05-02T20:23:58Z,232,3.0,0.0,3.0,34.1,23.1,31.665,24.957,30.0
2026-05-02T20:28:59Z,232,1.0,0.0,1.0,33.9,23.3,31.577,24.89,30.0
2026-05-02T20:33:59Z,232,4.0,1.0,4.0,33.9,23.6,31.681,25.142,30.0
2026-05-02T20:38:59Z,232,3.0,1.0,3.0,33.8,23.8,30.445,26.502,30.0
2026-05-02T20:43:59Z,232,3.0,2.0,3.0,33.4,23.1,29.764,27.782,30.0
2026-05-02T20:49:05Z,232,2.0,0.0,2.0,33.0,23.2,29.63,26.868,30.0
2026-05-02T20:53:59Z,232,2.0,0.0,2.0,32.6,23.5,30.023,26.809,30.0
2026-05-02T20:58:59Z,232,1.0,0.0,1.0,32.3,23.8,29.211,27.505,30.0
2026-05-02T21:03:59Z,232,2.0,0.0,2.0,31.8,23.6,29.374,27.541,30.0
2026-05-02T21:08:59Z,232,2.0,0.0,3.0,31.3,23.9,27.556,30.845,30.0
2026-05-02T21:13:59Z,232,1.0,0.0,2.0,30.7,24.4,27.008,30.98,30.0
2026-05-02T21:19:08Z,232,2.0,1.0,2.0,29.8,24.7,26.332,30.458,30.0
2026-05-02T21:23:59Z,232,2.0,1.0,2.0,28.8,25.3,25.457,32.388,30.0
2026-05-02T21:28:59Z,232,2.0,0.0,2.0,28.0,25.9,25.433,34.032,30.0
2026-05-02T21:33:59Z,232,1.0,0.0,1.0,27.3,26.2,24.591,34.227,30.0
2026-05-02T21:38:59Z,232,2.0,0.0,3.0,26.6,26.9,24.258,34.929,30.0
2026-05-02T21:43:59Z,232,4.0,2.0,4.0,26.0,27.3,23.9,35.949,30.0
2026-05-02T21:48:58Z,232,2.0,0.0,2.0,25.4,27.6,23.55,36.758,30.0
2026-05-02T21:53:59Z,232,0.0,0.0,0.0,24.8,28.4,22.837,37.503,30.0
2026-05-02T21:58:59Z,232,4.0,0.0,4.0,24.2,28.5,23.31,36.567,30.0
2026-05-02T22:03:59Z,232,5.0,1.0,5.0,23.9,28.9,23.438,36.735,30.0
2026-05-02T22:08:59Z,232,4.0,2.0,4.0,23.7,29.1,23.398,36.103,30.0
2026-05-02T22:13:59Z,232,4.0,2.0,4.0,23.5,29.5,23.347,36.481,30.0
2026-05-02T22:18:59Z,232,5.0,3.0,5.0,23.3,29.5,23.296,36.123,30.0
2026-05-02T22:23:59Z,232,4.0,1.0,5.0,23.1,29.8,22.503,38.429,30.0
2026-05-02T22:28:59Z,232,5.0,3.0,5.0,23.0,30.6,21.756,40.801,30.0
2026-05-02T22:33:59Z,232,4.0,2.0,4.0,22.6,31.4,20.962,42.985,30.0
2026-05-02T22:38:59Z,232,5.0,3.0,5.0,22.2,31.8,20.874,43.369,30.0
2026-05-02T22:43:58Z,232,5.0,3.0,5.0,22.0,32.1,21.165,42.096,30.0
2026-05-02T22:48:59Z,232,4.0,1.0,4.0,21.7,32.3,20.869,42.583,30.0
2026-05-02T22:53:59Z,232,8.0,5.0,8.0,21.4,33.2,20.18,46.499,30.0
2026-05-02T22:58:59Z,232,9.0,4.0,9.0,21.2,33.1,20.14,44.818,30.0
2026-05-02T23:03:59Z,232,8.0,5.0,8.0,21.0,33.2,20.495,42.941,30.0
2026-05-02T23:09:09Z,232,4.0,2.0,4.0,20.9,33.3,20.535,43.35,30.0
2026-05-02T23:13:59Z,232,8.0,5.0,8.0,20.7,33.7,20.012,45.091,30.0
2026-05-02T23:18:59Z,232,6.0,2.0,6.0,20.6,34.3,19.822,46.138,30.0
2026-05-02T23:23:59Z,232,6.0,4.0,7.0,20.5,34.1,20.257,44.118,30.0
2026-05-02T23:28:59Z,232,4.0,2.0,4.0,20.4,34.7,19.822,46.05,30.0
2026-05-02T23:33:59Z,232,5.0,4.0,6.0,20.3,35.1,20.006,44.553,30.0
2026-05-02T23:39:01Z,232,7.0,4.0,7.0,20.2,34.8,20.225,43.865,30.0
2026-05-02T23:43:59Z,232,5.0,3.0,6.0,20.3,35.1,20.164,44.711,30.0
2026-05-02T23:48:59Z,232,8.0,3.0,8.0,20.2,35.2,20.199,45.005,30.0
2026-05-02T23:53:59Z,232,7.0,4.0,8.0,20.2,35.0,20.418,43.283,30.0
2026-05-02T23:58:59Z,232,7.0,4.0,7.0,20.2,35.1,20.095,44.486,30.0
2026-05-03T00:03:59Z,232,8.0,5.0,8.0,20.2,35.0,20.311,44.324,30.0
2026-05-03T00:08:59Z,232,11.0,5.0,11.0,20.2,35.5,20.047,46.306,30.0
2026-05-03T00:13:59Z,232,8.0,5.0,8.0,20.2,35.5,19.595,46.699,30.0
2026-05-03T00:18:59Z,232,11.0,5.0,12.0,20.1,35.4,19.579,46.276,30.0
2026-05-03T00:23:59Z,232,15.0,6.0,15.0,20.0,36.0,18.808,49.209,30.0
2026-05-03T00:28:59Z,232,8.0,5.0,9.0,19.8,36.4,18.431,50.563,30.0
2026-05-03T00:33:59Z,232,9.0,5.0,11.0,19.6,37.0,18.327,50.989,30.0
2026-05-03T00:38:59Z,232,11.0,6.0,11.0,19.4,37.5,17.79,53.432,30.0
2026-05-03T00:43:59Z,232,8.0,5.0,10.0,19.1,37.8,17.395,54.698,30.0
2026-05-03T00:49:06Z,232,6.0,4.0,6.0,18.9,38.6,16.933,56.186,30.0
2026-05-03T00:53:59Z,232,8.0,4.0,8.0,18.6,39.4,16.701,57.491,30.0
2026-05-03T00:58:59Z,232,8.0,5.0,8.0,18.3,39.5,16.634,56.507,30.0
2026-05-03T01:03:59Z,232,8.0,4.0,9.0,18.1,39.9,16.626,57.006,30.0
2026-05-03T01:08:59Z,232,8.0,5.0,9.0,18.0,40.2,16.551,56.545,30.0
2026-05-03T01:13:59Z,232,7.0,4.0,7.0,17.8,40.9,16.271,57.973,30.0
2026-05-03T01:18:59Z,232,7.0,4.0,7.0,17.6,41.1,16.124,58.946,30.0
2026-05-03T01:23:59Z,232,6.0,2.0,7.0,17.4,41.6,15.753,60.26,30.0
2026-05-03T01:28:59Z,232,6.0,3.0,7.0,17.3,42.3,15.568,61.456,30.0
2026-05-03T01:34:05Z,232,9.0,6.0,11.0,17.1,42.7,15.232,62.33,30.0
2026-05-03T01:38:59Z,232,6.0,3.0,6.0,16.9,42.9,15.283,61.865,30.0
2026-05-03T01:44:06Z,232,8.0,4.0,11.0,16.7,43.5,14.994,63.574,30.0
2026-05-03T01:49:09Z,232,8.0,5.0,9.0,16.6,43.7,14.701,63.961,30.0
2026-05-03T01:53:59Z,232,6.0,4.0,6.0,16.4,44.0,14.666,64.527,30.0
2026-05-03T01:58:59Z,232,6.0,4.0,7.0,16.3,44.3,14.663,64.058,30.0
2026-05-03T02:03:59Z,232,6.0,3.0,6.0,16.1,44.8,14.26,66.116,30.0
2026-05-03T02:09:07Z,232,8.0,5.0,8.0,15.9,45.2,14.049,66.566,30.0
2026-05-03T02:13:59Z,232,6.0,2.0,6.0,15.8,45.3,14.231,65.935,30.0
2026-05-03T02:18:59Z,232,8.0,4.0,9.0,15.7,45.7,14.068,66.587,30.0
2026-05-03T02:23:59Z,232,8.0,4.0,9.0,15.6,46.1,13.878,67.196,30.0
2026-05-03T02:28:59Z,232,7.0,4.0,7.0,15.5,46.5,13.91,67.264,30.0
2026-05-03T02:33:59Z,232,7.0,4.0,8.0,15.4,46.3,14.116,65.988,30.0
2026-05-03T02:38:59Z,232,6.0,4.0,7.0,15.4,46.5,14.07,66.412,30.0
2026-05-03T02:43:59Z,232,11.0,5.0,11.0,15.4,46.3,14.409,64.384,30.0
2026-05-03T02:48:59Z,232,8.0,5.0,9.0,15.4,46.2,14.797,62.82,30.0
2026-05-03T02:53:59Z,232,7.0,4.0,8.0,15.6,45.8,15.165,61.493,30.0
2026-05-03T02:58:59Z,232,7.0,4.0,10.0,15.7,46.2,14.874,63.266,30.0
2026-05-03T03:04:07Z,232,10.0,5.0,11.0,15.8,45.8,14.823,62.66,30.0
2026-05-03T03:08:59Z,232,8.0,4.0,11.0,15.8,45.9,14.877,63.003,30.0
2026-05-03T03:13:59Z,232,16.0,8.0,19.0,15.9,45.6,14.97,62.807,30.0
2026-05-03T03:18:59Z,232,20.0,9.0,20.0,15.9,45.7,14.837,62.563,30.0
2026-05-03T03:23:59Z,232,16.0,7.0,16.0,15.9,45.5,15.117,62.107,30.0
2026-05-03T03:28:59Z,232,7.0,4.0,10.0,16.0,45.5,14.693,63.463,30.0
2026-05-03T03:33:59Z,232,8.0,5.0,11.0,15.9,45.3,14.543,63.76,30.0
2026-05-03T03:39:00Z,232,8.0,5.0,8.0,15.8,45.5,14.725,62.698,30.0
2026-05-03T03:43:59Z,232,7.0,4.0,8.0,15.8,45.2,15.216,60.661,30.0
2026-05-03T03:48:59Z,232,8.0,5.0,9.0,15.9,44.9,15.203,60.07,30.0
2026-05-03T03:53:59Z,232,9.0,5.0,11.0,16.0,45.0,15.13,60.638,30.0
2026-05-03T03:58:59Z,232,7.0,4.0,7.0,16.0,44.6,15.333,59.755,30.0
2026-05-03T04:03:59Z,232,9.0,6.0,11.0,16.1,44.8,15.024,61.283,30.0
2026-05-03T04:09:00Z,232,8.0,4.0,8.0,16.1,45.1,14.602,63.154,30.0
2026-05-03T04:13:59Z,232,9.0,6.0,9.0,16.0,45.6,14.188,65.109,30.0
2026-05-03T04:19:00Z,232,8.0,5.0,8.0,15.8,46.1,13.651,67.003,30.0
2026-05-03T04:24:08Z,232,7.0,4.0,10.0,15.6,46.6,13.566,67.249,30.0
2026-05-03T04:29:00Z,232,12.0,6.0,13.0,15.4,47.3,13.301,68.38,30.0
2026-05-03T04:34:00Z,232,9.0,5.0,9.0,15.2,47.5,12.989,69.103,30.0
2026-05-03T04:39:10Z,232,9.0,6.0,9.0,15.1,48.0,12.935,69.597,30.0
2026-05-03T04:44:00Z,232,8.0,5.0,9.0,14.9,48.4,12.668,70.32,30.0
2026-05-03T04:49:00Z,232,11.0,6.0,11.0,14.7,48.6,12.522,70.682,30.0
2026-05-03T04:54:00Z,232,7.0,5.0,7.0,14.6,48.5,12.361,71.573,30.0
2026-05-03T04:59:00Z,232,9.0,5.0,9.0,14.5,49.2,12.145,72.742,30.0
2026-05-03T05:04:00Z,232,11.0,5.0,11.0,14.3,49.4,12.137,72.067,30.0
2026-05-03T05:09:00Z,232,9.0,6.0,11.0,14.2,49.7,11.915,73.133,30.0
2026-05-03T05:14:00Z,232,9.0,5.0,9.0,14.1,49.8,11.849,73.194,30.0
2026-05-03T05:19:00Z,232,11.0,5.0,12.0,14.0,50.2,11.699,74.159,30.0
2026-05-03T05:24:00Z,232,8.0,6.0,9.0,13.8,50.6,11.937,73.135,30.0
2026-05-03T05:29:00Z,232,9.0,4.0,11.0,13.8,51.0,11.785,74.346,30.0
2026-05-03T05:34:00Z,232,9.0,6.0,11.0,13.7,51.3,11.445,75.153,30.0
2026-05-03T05:39:00Z,232,8.0,5.0,8.0,13.5,51.1,11.421,74.602,30.0
2026-05-03T05:44:00Z,232,11.0,6.0,11.0,13.4,51.4,11.341,75.117,30.0
2026-05-03T05:49:00Z,232,11.0,5.0,11.0,13.4,51.6,11.323,75.3,30.0
2026-05-03T05:53:59Z,232,11.0,5.0,13.0,13.3,51.7,11.352,75.174,30.0
2026-05-03T05:59:00Z,232,13.0,6.0,13.0,13.2,51.9,10.735,76.254,30.0
2026-05-03T06:04:00Z,232,9.0,4.0,9.0,13.1,52.1,10.647,77.293,30.0
2026-05-03T06:09:00Z,232,15.0,8.0,16.0,13.0,52.3,10.655,76.959,30.0
2026-05-03T06:14:00Z,232,14.0,6.0,15.0,12.9,52.4,10.695,76.805,30.0
2026-05-03T06:18:59Z,232,9.0,5.0,12.0,12.9,52.8,10.324,78.312,30.0
2026-05-03T06:23:59Z,232,9.0,6.0,12.0,12.7,53.3,10.308,79.178,30.0
2026-05-03T06:29:00Z,232,12.0,6.0,13.0,12.6,53.5,10.006,79.677,30.0
2026-05-03T06:33:59Z,232,17.0,8.0,18.0,12.6,53.6,9.929,80.12,30.0
2026-05-03T06:38:59Z,232,12.0,5.0,12.0,12.4,53.7,10.353,78.939,30.0
2026-05-03T06:44:00Z,232,13.0,7.0,13.0,12.4,54.2,10.343,78.821,30.0
2026-05-03T06:49:00Z,232,9.0,5.0,9.0,12.4,54.0,10.644,77.684,30.0
2026-05-03T06:54:00Z,232,8.0,5.0,9.0,12.5,53.6,11.213,75.209,30.0
2026-05-03T06:59:15Z,232,9.0,4.0,11.0,12.6,53.6,11.312,74.716,30.0
2026-05-03T07:04:00Z,232,11.0,6.0,11.0,12.8,53.6,11.277,75.01,30.0
2026-05-03T07:09:00Z,232,14.0,7.0,17.0,12.8,53.4,10.703,76.885,30.0
2026-05-03T07:14:00Z,232,17.0,7.0,18.0,12.8,53.3,10.618,77.566,30.0
2026-05-03T07:19:00Z,232,15.0,7.0,15.0,12.8,53.5,10.607,77.251,30.0
2026-05-03T07:24:00Z,232,20.0,12.0,23.0,12.7,53.5,10.265,78.11,30.0
2026-05-03T07:29:00Z,232,18.0,7.0,18.0,12.7,53.7,10.065,79.025,30.0
2026-05-03T07:34:00Z,232,19.0,9.0,20.0,12.6,53.9,10.041,79.266,30.0
2026-05-03T07:39:00Z,232,15.0,7.0,15.0,12.5,54.2,10.169,78.777,30.0
2026-05-03T07:43:59Z,232,15.0,6.0,16.0,12.5,54.3,9.843,79.822,30.0
2026-05-03T07:49:00Z,232,17.0,7.0,17.0,12.4,54.2,9.921,79.576,30.0
2026-05-03T07:54:00Z,232,11.0,6.0,11.0,12.3,54.4,10.265,78.369,30.0
2026-05-03T07:59:00Z,232,15.0,6.0,17.0,12.2,54.2,9.75,79.578,30.0
2026-05-03T08:04:00Z,232,24.0,12.0,24.0,12.2,54.1,9.475,80.078,30.0
2026-05-03T08:09:00Z,232,21.0,11.0,23.0,12.1,54.6,9.504,80.719,30.0
2026-05-03T08:14:00Z,232,19.0,8.0,20.0,12.0,55.0,9.549,80.576,30.0
2026-05-03T08:19:00Z,232,16.0,8.0,18.0,11.9,55.1,9.096,81.911,30.0
2026-05-03T08:24:00Z,232,16.0,7.0,18.0,11.8,55.1,9.298,81.16,30.0
2026-05-03T08:29:00Z,232,13.0,6.0,13.0,11.8,55.4,9.288,81.377,30.0
2026-05-03T08:34:00Z,232,14.0,7.0,16.0,11.8,55.5,9.25,81.421,30.0
2026-05-03T08:39:00Z,232,12.0,5.0,12.0,11.7,55.3,9.069,81.924,30.0
2026-05-03T08:44:00Z,232,16.0,7.0,18.0,11.6,55.8,9.157,81.295,30.0
2026-05-03T08:49:00Z,232,15.0,7.0,17.0,11.6,55.7,8.82,82.815,30.0
2026-05-03T08:54:00Z,232,11.0,6.0,13.0,11.5,55.9,8.756,83.109,30.0
2026-05-03T08:59:00Z,232,14.0,6.0,15.0,11.4,56.1,8.78,83.132,30.0
2026-05-03T09:04:00Z,232,13.0,6.0,14.0,11.4,56.4,8.746,82.886,30.0
2026-05-03T09:09:00Z,232,12.0,7.0,13.0,11.3,56.5,8.716,83.145,30.0
2026-05-03T09:14:00Z,232,12.0,6.0,12.0,11.3,56.5,8.593,83.183,30.0
2026-05-03T09:19:00Z,232,16.0,7.0,19.0,11.2,56.5,8.524,83.544,30.0
2026-05-03T09:24:00Z,232,9.0,7.0,14.0,11.2,56.6,8.476,83.473,30.0
2026-05-03T09:29:00Z,232,12.0,6.0,12.0,11.1,56.5,8.503,83.652,30.0
2026-05-03T09:34:00Z,232,8.0,5.0,12.0,11.1,57.1,8.748,83.616,30.0
2026-05-03T09:39:00Z,232,10.0,4.0,10.0,11.1,57.3,8.901,83.265,30.0
2026-05-03T09:44:00Z,232,9.0,5.0,9.0,11.1,57.1,8.861,82.624,30.0
2026-05-03T09:49:00Z,232,9.0,6.0,9.0,11.2,56.8,8.679,82.222,30.0
2026-05-03T09:54:00Z,232,9.0,6.0,12.0,11.2,56.8,8.807,82.006,30.0
2026-05-03T09:59:00Z,232,8.0,5.0,9.0,11.2,56.7,8.463,83.649,30.0
2026-05-03T10:04:09Z,232,13.0,7.0,16.0,11.2,56.7,8.754,82.218,30.0
2026-05-03T10:09:00Z,232,9.0,4.0,9.0,11.2,56.6,8.858,81.779,30.0
2026-05-03T10:14:00Z,232,9.0,5.0,9.0,11.2,56.8,8.73,81.831,30.0
2026-05-03T10:19:00Z,232,12.0,6.0,13.0,11.2,56.6,8.513,82.039,30.0
2026-05-03T10:24:00Z,232,7.0,4.0,7.0,11.1,56.7,8.35,82.876,30.0
2026-05-03T10:29:08Z,232,12.0,6.0,15.0,11.1,56.9,8.324,82.987,30.0
2026-05-03T10:34:00Z,232,8.0,4.0,8.0,11.0,57.0,8.236,83.78,30.0
2026-05-03T10:39:00Z,232,7.0,5.0,7.0,11.0,56.8,8.196,83.469,30.0
2026-05-03T10:44:00Z,232,9.0,3.0,9.0,10.9,56.8,8.03,83.641,30.0
2026-05-03T10:49:00Z,232,7.0,4.0,7.0,10.8,57.1,7.995,84.791,30.0
2026-05-03T10:54:00Z,232,7.0,5.0,9.0,10.8,57.5,8.051,84.486,30.0
2026-05-03T10:59:00Z,232,8.0,5.0,10.0,10.8,57.2,8.049,84.171,30.0
2026-05-03T11:04:00Z,232,13.0,6.0,14.0,10.8,57.5,8.062,83.612,30.0
2026-05-03T11:09:00Z,232,14.0,5.0,15.0,10.7,57.2,7.897,83.527,30.0
2026-05-03T11:14:00Z,232,14.0,6.0,15.0,10.7,57.0,7.824,81.974,30.0
2026-05-03T11:19:00Z,232,13.0,6.0,14.0,10.6,57.2,7.838,83.765,30.0
2026-05-03T11:24:00Z,232,9.0,6.0,9.0,10.6,57.4,8.097,83.462,30.0
2026-05-03T11:29:00Z,232,8.0,5.0,8.0,10.6,57.5,8.201,83.803,30.0
2026-05-03T11:34:06Z,232,7.0,5.0,8.0,10.7,57.9,8.281,83.687,30.0
2026-05-03T11:39:00Z,232,13.0,5.0,14.0,10.7,57.9,8.415,83.384,30.0
2026-05-03T11:44:00Z,232,10.0,7.0,13.0,10.8,57.8,8.124,82.531,30.0
2026-05-03T11:49:00Z,232,12.0,7.0,12.0,10.8,57.4,8.001,83.881,30.0
2026-05-03T11:54:00Z,232,10.0,6.0,12.0,10.8,57.6,8.038,84.358,30.0
2026-05-03T11:59:01Z,232,21.0,6.0,21.0,10.8,58.1,8.364,83.967,30.0
2026-05-03T12:04:00Z,232,8.0,5.0,10.0,10.8,58.1,8.431,83.57,30.0
2026-05-03T12:09:00Z,232,10.0,6.0,12.0,10.9,58.1,8.684,83.118,30.0
2026-05-03T12:14:01Z,232,19.0,8.0,19.0,10.9,57.9,8.444,82.828,30.0
2026-05-03T12:19:01Z,232,9.0,5.0,9.0,11.0,58.1,8.46,84.623,30.0
2026-05-03T12:24:01Z,232,8.0,4.0,8.0,11.1,58.4,8.61,83.729,30.0
2026-05-03T12:29:01Z,232,10.0,5.0,14.0,11.1,58.2,8.703,83.53,30.0
2026-05-03T12:34:01Z,232,8.0,5.0,8.0,11.1,58.0,8.978,82.626,30.0
2026-05-03T12:39:01Z,232,9.0,6.0,9.0,11.3,58.7,12.364,71.462,30.0
2026-05-03T12:44:01Z,232,9.0,5.0,9.0,11.7,58.1,12.807,69.75,30.0
2026-05-03T12:49:01Z,232,16.0,8.0,20.0,12.4,57.2,14.725,63.202,30.0
2026-05-03T12:54:01Z,232,20.0,8.0,23.0,13.1,55.4,15.576,59.017,30.0
2026-05-03T12:59:01Z,232,23.0,13.0,23.0,13.8,53.9,15.344,59.309,30.0
2026-05-03T13:04:01Z,232,32.0,22.0,34.0,14.5,52.5,16.386,55.221,30.0
2026-05-03T13:09:01Z,232,26.0,20.0,26.0,15.0,51.3,17.363,53.075,30.0
2026-05-03T13:14:01Z,232,30.0,19.0,31.0,15.5,50.1,17.459,51.876,30.0
2026-05-03T13:19:01Z,232,27.0,19.0,28.0,16.0,49.3,17.414,53.293,30.0
2026-05-03T13:24:01Z,232,27.0,19.0,28.0,16.6,48.3,18.869,49.503,30.0
2026-05-03T13:29:01Z,232,27.0,20.0,27.0,17.1,47.5,18.789,49.797,30.0
2026-05-03T13:34:01Z,232,29.0,20.0,30.0,17.6,46.3,17.219,53.72,30.0
2026-05-03T13:39:00Z,232,25.0,16.0,26.0,18.1,45.0,17.422,52.433,30.0
2026-05-03T13:44:01Z,232,23.0,11.0,23.0,18.7,44.2,18.45,50.945,30.0
2026-05-03T13:49:01Z,232,24.0,15.0,25.0,19.3,43.5,18.412,51.296,30.0
2026-05-03T13:54:01Z,232,22.0,11.0,23.0,19.8,43.0,18.682,52.368,30.0
2026-05-03T13:59:00Z,232,22.0,11.0,23.0,20.3,41.9,17.857,52.764,30.0
2026-05-03T14:04:01Z,232,23.0,9.0,23.0,20.6,40.6,19.755,47.029,30.0
2026-05-03T14:09:01Z,232,24.0,13.0,24.0,20.8,40.9,18.845,52.089,30.0
2026-05-03T14:14:00Z,232,19.0,8.0,22.0,21.0,40.7,19.838,49.001,30.0
2026-05-03T14:19:01Z,232,20.0,12.0,22.0,21.1,40.2,20.327,48.667,30.0
2026-05-03T14:24:01Z,232,22.0,14.0,23.0,21.3,39.4,20.743,46.394,30.0
2026-05-03T14:29:01Z,232,16.0,8.0,17.0,21.4,38.0,21.005,43.559,30.0
2026-05-03T14:34:01Z,232,8.0,6.0,12.0,21.5,37.1,21.587,40.946,30.0
2026-05-03T14:39:01Z,232,13.0,7.0,17.0,21.8,37.9,22.047,43.691,30.0
2026-05-03T14:44:01Z,232,14.0,6.0,14.0,21.9,38.0,21.537,43.876,30.0
2026-05-03T14:49:01Z,232,8.0,6.0,10.0,22.1,37.3,21.011,46.241,30.0
2026-05-03T14:54:00Z,232,10.0,5.0,10.0,22.1,36.4,20.557,45.148,30.0
2026-05-03T14:59:00Z,232,9.0,7.0,9.0,22.2,36.5,22.175,42.926,30.0
2026-05-03T15:04:00Z,232,9.0,5.0,9.0,22.3,36.2,21.916,41.368,30.0
2026-05-03T15:09:00Z,232,8.0,6.0,8.0,22.4,36.1,22.137,42.005,30.0
2026-05-03T15:14:00Z,232,8.0,5.0,8.0,22.5,35.8,22.679,39.026,30.0
2026-05-03T15:19:00Z,232,7.0,4.0,8.0,22.6,34.8,22.314,37.906,30.0
2026-05-03T15:24:00Z,232,6.0,3.0,6.0,22.8,35.3,23.064,38.703,30.0
2026-05-03T15:29:00Z,232,5.0,3.0,5.0,23.1,33.9,23.099,34.995,30.0
2026-05-03T15:34:00Z,232,5.0,3.0,5.0,23.4,33.7,24.666,33.286,30.0
2026-05-03T15:39:00Z,232,7.0,2.0,7.0,23.9,33.9,25.256,34.726,30.0
2026-05-03T15:44:00Z,232,5.0,3.0,5.0,24.4,33.0,24.818,34.002,30.0
2026-05-03T15:49:00Z,232,5.0,2.0,5.0,24.9,32.2,24.992,32.464,30.0
2026-05-03T15:54:00Z,232,6.0,3.0,6.0,25.2,31.4,25.037,30.913,30.0
2026-05-03T15:59:00Z,232,5.0,2.0,5.0,25.6,31.8,26.306,31.665,30.0
2026-05-03T16:04:01Z,232,4.0,2.0,4.0,26.0,31.6,27.067,31.484,30.0
2026-05-03T16:09:00Z,232,4.0,3.0,4.0,26.4,30.7,27.331,29.84,30.0
2026-05-03T16:14:00Z,232,4.0,3.0,6.0,26.8,30.6,26.805,31.139,30.0
2026-05-03T16:19:01Z,232,5.0,4.0,6.0,27.1,30.4,27.451,30.675,30.0
2026-05-03T16:24:00Z,232,6.0,3.0,6.0,27.3,30.1,27.387,31.131,30.0
2026-05-03T16:29:08Z,232,5.0,2.0,5.0,27.6,29.6,27.668,30.358,30.0
2026-05-03T16:34:01Z,232,3.0,2.0,3.0,27.9,30.0,28.17,30.294,30.0
2026-05-03T16:39:01Z,232,4.0,3.0,4.0,28.2,29.4,26.853,31.623,30.0
2026-05-03T16:44:01Z,232,7.0,4.0,8.0,28.4,28.8,27.86,29.483,30.0
2026-05-03T16:49:01Z,232,7.0,4.0,7.0,28.7,28.3,27.222,30.151,30.0
2026-05-03T16:54:01Z,232,8.0,4.0,8.0,28.9,28.5,27.873,30.334,30.0
2026-05-03T16:59:01Z,232,8.0,5.0,9.0,29.1,28.2,28.058,29.134,30.0
2026-05-03T17:04:01Z,232,12.0,7.0,12.0,29.2,28.0,27.056,31.282,30.0
2026-05-03T17:09:01Z,232,7.0,4.0,7.0,29.2,28.0,27.379,30.501,30.0
2026-05-03T17:14:01Z,232,6.0,3.0,7.0,29.3,27.6,27.863,30.238,30.0
2026-05-03T17:19:01Z,232,6.0,5.0,6.0,29.4,27.2,27.483,29.756,30.0
2026-05-03T17:24:11Z,232,5.0,4.0,5.0,29.5,26.4,26.909,29.956,30.0
2026-05-03T17:29:01Z,232,5.0,3.0,5.0,29.6,26.8,27.596,28.104,30.0
2026-05-03T17:34:01Z,232,5.0,2.0,5.0,29.6,26.0,26.992,28.712,30.0
2026-05-03T17:39:01Z,232,5.0,3.0,5.0,29.6,25.9,27.096,28.558,30.0
2026-05-03T17:44:01Z,232,6.0,2.0,6.0,29.6,25.7,26.608,30.015,30.0
2026-05-03T17:49:01Z,232,6.0,4.0,7.0,29.5,26.0,27.029,29.279,30.0
2026-05-03T17:54:01Z,232,4.0,2.0,4.0,29.6,26.5,28.178,28.586,30.0
2026-05-03T17:59:01Z,232,4.0,3.0,5.0,29.6,26.4,28.047,29.044,30.0
2026-05-03T18:04:11Z,232,5.0,3.0,5.0,29.5,25.9,28.122,28.71,30.0
2026-05-03T18:09:01Z,232,6.0,5.0,6.0,29.5,25.7,27.774,28.218,30.0
2026-05-03T18:14:01Z,232,4.0,3.0,4.0,29.5,25.6,28.463,26.963,30.0
2026-05-03T18:19:01Z,232,4.0,0.0,4.0,29.6,25.0,27.969,26.652,30.0
2026-05-03T18:24:01Z,232,3.0,0.0,3.0,29.8,25.0,28.816,26.242,30.0
2026-05-03T18:29:01Z,232,2.0,0.0,3.0,30.0,24.9,28.819,26.25,30.0
2026-05-03T18:34:01Z,232,3.0,1.0,3.0,30.4,24.8,28.76,26.435,30.0
2026-05-03T18:39:01Z,232,4.0,2.0,4.0,30.7,24.5,28.658,25.35,30.0
2026-05-03T18:44:01Z,232,4.0,1.0,4.0,30.8,24.2,28.183,26.439,30.0
2026-05-03T18:49:01Z,232,3.0,1.0,3.0,30.9,24.1,28.095,26.364,30.0
2026-05-03T18:54:01Z,232,2.0,1.0,2.0,31.0,24.1,28.13,26.41,30.0
2026-05-03T18:59:01Z,232,3.0,1.0,3.0,31.1,24.3,28.212,26.444,30.0
2026-05-03T19:04:01Z,232,4.0,1.0,4.0,31.1,23.8,27.935,26.733,30.0
2026-05-03T19:09:01Z,232,2.0,0.0,2.0,31.0,23.8,27.831,27.133,30.0
2026-05-03T19:14:01Z,232,2.0,0.0,2.0,31.0,23.8,27.956,26.471,30.0
2026-05-03T19:19:01Z,232,4.0,1.0,4.0,30.9,24.3,28.728,26.416,30.0
2026-05-03T19:24:01Z,232,5.0,2.0,5.0,30.9,23.9,28.287,26.172,30.0
2026-05-03T19:29:01Z,232,2.0,0.0,2.0,30.8,23.7,27.545,26.891,30.0
2026-05-03T19:34:01Z,232,2.0,1.0,2.0,30.8,23.8,28.236,25.945,30.0
2026-05-03T19:39:01Z,232,3.0,0.0,3.0,30.8,23.6,28.528,25.291,30.0
2026-05-03T19:44:01Z,232,2.0,0.0,2.0,30.8,23.6,28.172,26.162,30.0
2026-05-03T19:49:01Z,232,2.0,0.0,2.0,30.8,23.8,28.394,25.926,30.0
2026-05-03T19:54:01Z,232,2.0,0.0,2.0,30.7,23.6,27.844,26.7,30.0
2026-05-03T19:59:01Z,232,3.0,0.0,3.0,30.7,23.8,28.541,25.775,30.0
2026-05-03T20:04:01Z,232,3.0,0.0,3.0,30.6,23.5,27.924,25.567,30.0
2026-05-03T20:09:01Z,232,4.0,2.0,4.0,30.6,24.0,28.557,26.609,30.0
2026-05-03T20:14:01Z,232,3.0,1.0,4.0,30.7,24.2,28.009,28.054,30.0
2026-05-03T20:19:01Z,232,5.0,1.0,5.0,30.6,24.2,28.223,28.186,30.0
2026-05-03T20:24:01Z,232,4.0,2.0,4.0,30.6,24.4,28.274,27.688,30.0
2026-05-03T20:29:01Z,232,3.0,1.0,3.0,30.5,24.2,27.636,27.801,30.0
2026-05-03T20:34:01Z,232,3.0,1.0,3.0,30.4,24.0,27.745,27.461,30.0
2026-05-03T20:39:01Z,232,3.0,2.0,3.0,30.2,24.3,27.31,28.634,30.0
2026-05-03T20:44:01Z,232,4.0,0.0,4.0,29.9,24.3,27.951,28.1,30.0
2026-05-03T20:49:02Z,232,5.0,2.0,6.0,29.6,24.6,27.772,28.567,30.0
2026-05-03T20:54:02Z,232,3.0,1.0,4.0,29.5,24.6,27.091,29.439,30.0
2026-05-03T20:59:01Z,232,4.0,1.0,4.0,29.3,24.5,27.387,28.15,30.0
2026-05-03T21:04:01Z,232,2.0,1.0,3.0,29.0,24.7,26.829,28.068,30.0
2026-05-03T21:09:01Z,232,3.0,1.0,3.0,28.7,24.5,25.98,28.169,30.0
2026-05-03T21:14:02Z,232,1.0,0.0,1.0,28.3,23.9,25.475,27.999,30.0
2026-05-03T21:19:02Z,232,3.0,1.0,3.0,27.8,23.7,25.28,27.028,30.0
2026-05-03T21:24:02Z,232,2.0,0.0,2.0,27.2,23.8,24.514,27.703,30.0
2026-05-03T21:29:02Z,232,2.0,0.0,3.0,26.6,23.7,24.276,27.759,30.0
2026-05-03T21:34:02Z,232,2.0,0.0,2.0,26.0,24.5,23.427,30.759,30.0
2026-05-03T21:39:02Z,232,0.0,0.0,0.0,25.3,24.4,22.965,29.033,30.0
2026-05-03T21:44:02Z,232,0.0,0.0,0.0,24.8,24.3,22.738,28.92,30.0
2026-05-03T21:49:02Z,232,1.0,0.0,1.0,24.1,24.7,22.193,29.279,30.0
2026-05-03T21:54:02Z,232,0.0,0.0,1.0,23.6,24.4,22.137,27.007,30.0
2026-05-03T21:59:02Z,232,0.0,0.0,0.0,23.2,24.4,21.732,27.957,30.0
2026-05-03T22:04:02Z,232,0.0,0.0,0.0,22.8,24.8,21.438,28.863,30.0
2026-05-03T22:09:02Z,232,0.0,0.0,0.0,22.4,24.7,21.315,29.443,30.0
2026-05-03T22:14:02Z,232,0.0,0.0,0.0,22.1,25.1,20.96,30.444,30.0
2026-05-03T22:19:02Z,232,1.0,0.0,1.0,21.9,25.0,20.77,30.921,30.0
2026-05-03T22:24:02Z,232,1.0,0.0,1.0,21.6,25.7,20.071,30.566,30.0
2026-05-03T22:29:02Z,232,0.0,0.0,0.0,21.3,24.1,21.128,24.602,30.0
2026-05-03T22:34:02Z,232,0.0,0.0,0.0,21.1,25.1,20.29,30.233,30.0
2026-05-03T22:39:02Z,232,0.0,0.0,0.0,21.0,24.1,20.41,25.975,30.0
2026-05-03T22:44:02Z,232,0.0,0.0,1.0,20.8,24.2,20.316,26.195,30.0
2026-05-03T22:49:02Z,232,3.0,1.0,3.0,20.7,23.9,20.338,24.541,30.0
2026-05-03T22:54:02Z,232,0.0,0.0,2.0,20.6,25.0,19.302,28.503,30.0
2026-05-03T22:59:02Z,232,0.0,0.0,0.0,20.3,25.0,19.173,29.054,30.0
2026-05-03T23:04:02Z,232,0.0,0.0,0.0,20.1,24.6,19.272,26.881,30.0
2026-05-03T23:09:02Z,232,0.0,0.0,0.0,20.0,24.0,19.798,24.755,30.0
2026-05-03T23:14:02Z,232,0.0,0.0,1.0,19.9,24.5,19.35,26.673,30.0
2026-05-03T23:19:02Z,232,0.0,0.0,0.0,19.8,25.0,18.922,28.504,30.0
2026-05-03T23:24:02Z,232,0.0,0.0,0.0,19.7,24.4,19.056,25.096,30.0
2026-05-03T23:29:02Z,232,0.0,0.0,0.0,19.5,25.4,18.3,29.077,30.0
2026-05-03T23:34:02Z,232,0.0,0.0,0.0,19.4,25.4,18.308,30.631,30.0
2026-05-03T23:39:02Z,232,1.0,0.0,1.0,19.2,25.6,18.02,29.815,30.0
2026-05-03T23:44:02Z,232,0.0,0.0,0.0,19.1,25.2,18.079,28.344,30.0
2026-05-03T23:49:02Z,232,0.0,0.0,2.0,19.0,24.7,18.458,26.836,30.0
2026-05-03T23:54:02Z,232,0.0,0.0,0.0,18.9,25.9,17.868,32.012,30.0
2026-05-03T23:59:02Z,232,0.0,0.0,0.0,18.8,24.9,18.121,28.384,30.0
2026-05-04T00:04:01Z,232,3.0,0.0,3.0,18.8,24.7,18.538,27.16,30.0
2026-05-04T00:09:02Z,232,1.0,0.0,1.0,18.7,25.2,17.988,28.745,30.0
2026-05-04T00:14:02Z,232,0.0,0.0,0.0,18.7,25.4,17.646,30.13,30.0
2026-05-04T00:19:01Z,232,0.0,0.0,0.0,18.6,25.2,17.852,27.183,30.0
2026-05-04T00:24:02Z,232,1.0,0.0,2.0,18.5,25.6,17.374,29.983,30.0
2026-05-04T00:29:02Z,232,1.0,0.0,1.0,18.4,26.3,16.706,32.203,30.0
2026-05-04T00:34:02Z,232,0.0,0.0,1.0,18.1,26.9,16.337,35.781,30.0
2026-05-04T00:39:02Z,232,2.0,0.0,2.0,17.9,27.3,15.777,35.789,30.0
2026-05-04T00:44:02Z,232,1.0,0.0,1.0,17.6,28.0,15.587,36.908,30.0
2026-05-04T00:49:02Z,232,0.0,0.0,0.0,17.3,28.2,15.221,36.794,30.0
2026-05-04T00:54:02Z,232,0.0,0.0,0.0,17.0,28.5,15.12,38.35,30.0
2026-05-04T00:59:02Z,232,0.0,0.0,0.0,16.8,28.3,14.981,36.212,30.0
2026-05-04T01:04:02Z,232,1.0,0.0,1.0,16.6,28.9,14.735,37.576,30.0
2026-05-04T01:09:02Z,232,0.0,0.0,1.0,16.5,28.7,14.786,36.864,30.0
2026-05-04T01:14:02Z,232,1.0,0.0,2.0,16.3,28.8,14.57,35.92,30.0
2026-05-04T01:19:02Z,232,0.0,0.0,1.0,16.1,29.5,14.26,38.358,30.0
2026-05-04T01:24:02Z,232,1.0,0.0,1.0,16.0,29.7,13.945,40.578,30.0
2026-05-04T01:29:02Z,232,0.0,0.0,0.0,15.8,29.4,14.06,38.173,30.0
2026-05-04T01:34:02Z,232,0.0,0.0,1.0,15.7,29.8,13.891,39.846,30.0
2026-05-04T01:39:02Z,232,0.0,0.0,1.0,15.5,30.5,13.504,40.811,30.0
2026-05-04T01:44:03Z,232,0.0,0.0,0.0,15.4,30.6,13.555,40.55,30.0
2026-05-04T01:49:02Z,232,0.0,0.0,0.0,15.3,31.2,13.24,42.163,30.0
2026-05-04T01:54:02Z,232,1.0,0.0,2.0,15.1,31.6,12.954,43.548,30.0
2026-05-04T01:59:02Z,232,0.0,0.0,0.0,14.9,31.3,13.122,41.448,30.0
2026-05-04T02:04:02Z,232,0.0,0.0,0.0,14.8,31.7,12.992,41.808,30.0
2026-05-04T02:09:02Z,232,0.0,0.0,1.0,14.7,32.0,13.005,43.004,30.0
2026-05-04T02:14:11Z,232,0.0,0.0,0.0,14.7,32.1,12.77,43.578,30.0
2026-05-04T02:19:02Z,232,0.0,0.0,0.0,14.6,32.1,12.794,43.449,30.0
2026-05-04T02:24:02Z,232,1.0,0.0,1.0,14.6,31.9,12.711,43.126,30.0
2026-05-04T02:29:02Z,232,0.0,0.0,0.0,14.5,32.1,12.684,43.474,30.0
2026-05-04T02:34:02Z,232,0.0,0.0,0.0,14.4,32.7,12.572,45.326,30.0
2026-05-04T02:39:02Z,232,0.0,0.0,0.0,14.4,32.4,12.481,42.426,30.0
2026-05-04T02:44:02Z,232,0.0,0.0,0.0,14.3,32.5,12.644,44.191,30.0
2026-05-04T02:49:02Z,232,0.0,0.0,0.0,14.3,32.7,12.332,45.308,30.0
2026-05-04T02:54:02Z,232,1.0,0.0,1.0,14.3,32.7,12.399,44.019,30.0
2026-05-04T02:59:02Z,232,0.0,0.0,0.0,14.1,33.3,11.985,46.68,30.0
2026-05-04T03:04:02Z,232,0.0,0.0,0.0,14.1,33.4,11.926,45.936,30.0
2026-05-04T03:09:02Z,232,1.0,0.0,1.0,14.0,33.7,11.897,46.691,30.0
2026-05-04T03:14:02Z,232,0.0,0.0,0.0,13.9,33.4,11.809,44.589,30.0
2026-05-04T03:19:02Z,232,0.0,0.0,0.0,13.7,33.8,11.763,46.272,30.0
2026-05-04T03:24:02Z,232,0.0,0.0,0.0,13.6,34.3,11.595,46.539,30.0
2026-05-04T03:29:02Z,232,1.0,0.0,1.0,13.5,34.3,11.493,46.876,30.0
2026-05-04T03:34:02Z,232,0.0,0.0,0.0,13.5,34.3,11.55,47.498,30.0
2026-05-04T03:39:02Z,232,0.0,0.0,0.0,13.4,34.7,11.376,47.891,30.0
2026-05-04T03:44:02Z,232,1.0,0.0,2.0,13.3,34.4,11.341,47.391,30.0
2026-05-04T03:49:02Z,232,1.0,0.0,1.0,13.3,35.1,11.285,48.959,30.0
2026-05-04T03:54:02Z,232,0.0,0.0,1.0,13.2,35.1,11.077,49.158,30.0
2026-05-04T03:59:02Z,232,0.0,0.0,0.0,13.2,35.5,10.845,50.573,30.0
2026-05-04T04:04:02Z,232,1.0,0.0,1.0,13.1,35.9,10.783,51.109,30.0
2026-05-04T04:09:02Z,232,1.0,0.0,1.0,13.0,36.0,10.652,50.46,30.0
2026-05-04T04:14:02Z,232,1.0,0.0,1.0,12.9,36.4,10.505,51.597,30.0
2026-05-04T04:19:02Z,232,1.0,0.0,2.0,12.8,36.5,10.313,52.347,30.0
2026-05-04T04:24:02Z,232,3.0,1.0,3.0,12.7,36.7,10.156,52.879,30.0
2026-05-04T04:29:02Z,232,3.0,1.0,3.0,12.5,36.2,10.265,50.332,30.0
2026-05-04T04:34:02Z,232,9.0,3.0,11.0,12.5,36.8,10.236,53.314,30.0
2026-05-04T04:39:02Z,232,7.0,4.0,7.0,12.4,37.0,10.132,52.11,30.0
2026-05-04T04:44:02Z,232,6.0,2.0,6.0,12.4,37.2,9.843,54.103,30.0
2026-05-04T04:49:02Z,232,3.0,0.0,3.0,12.3,37.4,9.947,53.44,30.0
2026-05-04T04:54:02Z,232,5.0,2.0,5.0,12.3,37.8,10.121,54.733,30.0
2026-05-04T04:59:02Z,232,3.0,1.0,3.0,12.2,37.5,9.707,53.905,30.0
2026-05-04T05:04:02Z,232,5.0,3.0,5.0,12.1,37.7,9.72,54.374,30.0
2026-05-04T05:09:02Z,232,4.0,2.0,4.0,12.1,37.4,9.971,52.141,30.0
2026-05-04T05:14:03Z,232,3.0,2.0,3.0,12.1,37.5,9.755,53.527,30.0
2026-05-04T05:19:02Z,232,2.0,0.0,3.0,12.0,37.3,9.752,52.846,30.0
2026-05-04T05:24:03Z,232,2.0,0.0,2.0,12.0,37.0,10.15,50.504,30.0
2026-05-04T05:29:02Z,232,3.0,0.0,3.0,12.0,37.0,10.473,49.568,30.0
2026-05-04T05:34:12Z,232,2.0,0.0,3.0,12.1,38.1,10.057,53.993,30.0
2026-05-04T05:39:02Z,232,1.0,0.0,1.0,12.1,38.2,9.817,53.825,30.0
2026-05-04T05:44:02Z,232,2.0,0.0,2.0,12.1,38.2,9.624,55.131,30.0
2026-05-04T05:49:02Z,232,4.0,0.0,5.0,12.0,38.4,9.608,55.175,30.0
2026-05-04T05:54:02Z,232,3.0,0.0,3.0,12.0,37.6,9.728,52.257,30.0
2026-05-04T05:59:02Z,232,2.0,1.0,3.0,11.9,38.3,9.507,53.607,30.0
2026-05-04T06:04:02Z,232,5.0,2.0,7.0,11.9,38.5,9.477,55.28,30.0
2026-05-04T06:09:03Z,232,8.0,1.0,8.0,11.9,38.8,9.331,57.571,30.0
2026-05-04T06:14:03Z,232,6.0,3.0,6.0,11.8,39.4,8.973,58.443,30.0
2026-05-04T06:19:03Z,232,5.0,3.0,6.0,11.7,39.7,8.81,58.656,30.0
2026-05-04T06:24:03Z,232,6.0,2.0,6.0,11.5,39.7,8.647,59.192,30.0
2026-05-04T06:29:03Z,232,4.0,1.0,4.0,11.5,39.9,8.847,59.629,30.0
2026-05-04T06:34:02Z,232,3.0,0.0,4.0,11.4,39.4,8.796,56.636,30.0
2026-05-04T06:39:03Z,232,3.0,1.0,3.0,11.3,40.8,8.551,60.825,30.0
2026-05-04T06:44:03Z,232,2.0,0.0,2.0,11.3,40.8,8.375,60.388,30.0
2026-05-04T06:49:03Z,232,1.0,0.0,2.0,11.2,41.2,8.441,61.403,30.0
2026-05-04T06:54:03Z,232,1.0,0.0,1.0,11.1,40.9,8.503,59.194,30.0
2026-05-04T06:59:03Z,232,1.0,0.0,1.0,11.1,41.1,8.391,60.047,30.0
2026-05-04T07:04:13Z,232,1.0,0.0,2.0,11.0,41.6,8.273,61.332,30.0
2026-05-04T07:09:03Z,232,0.0,0.0,1.0,11.0,41.6,8.431,59.923,30.0
2026-05-04T07:14:03Z,232,1.0,0.0,1.0,11.0,41.4,8.516,60.279,30.0
2026-05-04T07:19:03Z,232,1.0,0.0,1.0,11.0,40.8,8.754,56.684,30.0
2026-05-04T07:24:03Z,232,3.0,0.0,3.0,11.0,40.7,8.569,57.231,30.0
2026-05-04T07:29:09Z,232,2.0,1.0,3.0,11.0,40.9,8.588,58.166,30.0
2026-05-04T07:34:03Z,232,1.0,0.0,3.0,11.0,40.4,8.759,56.381,30.0
2026-05-04T07:39:02Z,232,1.0,1.0,1.0,11.1,40.7,8.69,58.237,30.0
2026-05-04T07:44:03Z,232,2.0,1.0,2.0,11.1,41.3,8.441,60.339,30.0
2026-05-04T07:49:03Z,232,1.0,0.0,1.0,11.1,40.9,8.61,58.149,30.0
2026-05-04T07:54:03Z,232,1.0,0.0,1.0,11.1,41.4,8.385,60.426,30.0
2026-05-04T07:59:03Z,232,1.0,0.0,2.0,11.0,41.4,8.316,59.894,30.0
2026-05-04T08:04:03Z,232,0.0,0.0,0.0,11.0,41.9,8.321,61.098,30.0
2026-05-04T08:09:03Z,232,0.0,0.0,1.0,11.0,42.0,8.308,61.76,30.0
2026-05-04T08:14:03Z,232,1.0,0.0,2.0,10.9,41.3,8.505,58.01,30.0
2026-05-04T08:19:03Z,232,1.0,0.0,1.0,10.9,42.0,8.198,60.867,30.0
2026-05-04T08:24:03Z,232,1.0,0.0,2.0,10.9,41.4,8.161,59.681,30.0
2026-05-04T08:29:03Z,232,1.0,0.0,1.0,10.9,41.6,8.529,60.068,30.0
2026-05-04T08:34:03Z,232,1.0,0.0,1.0,10.9,42.5,8.249,62.181,30.0
2026-05-04T08:39:03Z,232,1.0,0.0,1.0,10.9,42.8,7.985,63.762,30.0
2026-05-04T08:44:03Z,232,0.0,0.0,1.0,10.8,42.5,8.001,61.596,30.0
2026-05-04T08:49:03Z,232,2.0,0.0,2.0,10.8,42.7,8.006,62.427,30.0
2026-05-04T08:54:03Z,232,1.0,0.0,1.0,10.7,43.4,7.766,65.324,30.0
2026-05-04T08:59:03Z,232,2.0,0.0,2.0,10.7,42.9,7.782,63.667,30.0
2026-05-04T09:04:03Z,232,1.0,0.0,1.0,10.6,43.0,7.771,62.399,30.0
2026-05-04T09:09:03Z,232,2.0,0.0,2.0,10.6,43.1,7.699,63.879,30.0
2026-05-04T09:14:03Z,232,2.0,0.0,2.0,10.5,43.4,7.544,63.726,30.0
2026-05-04T09:19:03Z,232,1.0,0.0,1.0,10.4,43.8,7.389,65.281,30.0
2026-05-04T09:24:03Z,232,0.0,0.0,1.0,10.4,44.0,7.365,65.612,30.0
2026-05-04T09:29:03Z,232,3.0,0.0,3.0,10.4,44.2,7.309,66.69,30.0
2026-05-04T09:34:03Z,232,0.0,0.0,1.0,10.3,44.4,7.21,66.387,30.0
2026-05-04T09:39:03Z,232,2.0,0.0,2.0,10.2,44.4,7.058,66.801,30.0
2026-05-04T09:44:11Z,232,0.0,0.0,0.0,10.1,44.4,7.071,66.473,30.0
2026-05-04T09:49:03Z,232,0.0,0.0,0.0,10.1,44.6,7.114,67.07,30.0
2026-05-04T09:54:03Z,232,0.0,0.0,0.0,10.0,44.7,7.045,67.344,30.0
2026-05-04T09:59:03Z,232,0.0,0.0,1.0,10.0,44.6,7.055,66.519,30.0
2026-05-04T10:04:03Z,232,1.0,0.0,1.0,10.0,44.3,7.047,66.471,30.0
2026-05-04T10:09:03Z,232,2.0,0.0,2.0,10.0,44.4,6.999,64.525,30.0
2026-05-04T10:14:11Z,232,2.0,0.0,2.0,10.0,44.7,6.999,67.198,30.0
2026-05-04T10:19:03Z,232,0.0,0.0,0.0,9.9,45.1,6.868,67.325,30.0
2026-05-04T10:24:03Z,232,0.0,0.0,1.0,9.9,44.9,6.89,67.136,30.0
2026-05-04T10:29:03Z,232,3.0,0.0,4.0,9.9,45.2,6.743,68.207,30.0
2026-05-04T10:34:03Z,232,0.0,0.0,0.0,9.8,45.7,6.676,68.554,30.0
2026-05-04T10:39:03Z,232,2.0,0.0,2.0,9.8,45.3,6.767,67.077,30.0
2026-05-04T10:44:03Z,232,2.0,0.0,2.0,9.7,45.9,6.612,68.83,30.0
2026-05-04T10:49:03Z,232,1.0,0.0,2.0,9.7,45.6,6.722,68.193,30.0
2026-05-04T10:54:03Z,232,0.0,0.0,1.0,9.7,45.4,6.644,66.591,30.0
2026-05-04T10:59:03Z,232,2.0,0.0,3.0,9.7,45.5,6.54,67.425,30.0
2026-05-04T11:04:03Z,232,1.0,0.0,1.0,9.6,45.8,6.658,68.737,30.0
2026-05-04T11:09:03Z,232,3.0,0.0,3.0,9.6,46.3,6.625,68.676,30.0
2026-05-04T11:14:03Z,232,1.0,0.0,1.0,9.6,46.6,6.452,70.516,30.0
2026-05-04T11:19:03Z,232,1.0,0.0,2.0,9.6,47.1,6.431,70.673,30.0
2026-05-04T11:24:03Z,232,2.0,0.0,3.0,9.5,46.5,6.425,68.964,30.0
2026-05-04T11:29:03Z,232,2.0,1.0,2.0,9.5,46.8,6.401,68.683,30.0
2026-05-04T11:34:03Z,232,4.0,0.0,4.0,9.5,46.8,6.42,69.555,30.0
2026-05-04T11:39:03Z,232,9.0,4.0,9.0,9.5,46.9,6.5,70.421,30.0
2026-05-04T11:44:03Z,232,2.0,0.0,3.0,9.5,47.4,6.409,70.85,30.0
2026-05-04T11:49:04Z,232,4.0,3.0,5.0,9.5,47.6,6.484,70.961,30.0
2026-05-04T11:54:03Z,232,7.0,2.0,7.0,9.5,47.6,6.553,70.942,30.0
2026-05-04T11:59:03Z,232,4.0,2.0,5.0,9.5,47.2,6.516,68.668,30.0
2026-05-04T12:04:03Z,232,4.0,1.0,5.0,9.5,47.4,6.679,69.12,30.0
2026-05-04T12:09:03Z,232,132.0,78.0,140.0,9.5,47.7,6.671,70.284,30.0
2026-05-04T12:14:04Z,232,42.0,26.0,48.0,9.6,47.8,6.879,69.933,30.0
2026-05-04T12:19:04Z,232,18.0,8.0,21.0,9.7,48.0,7.103,70.123,30.0
2026-05-04T12:24:04Z,232,34.0,25.0,34.0,9.8,48.0,7.304,69.237,30.0
2026-05-04T12:29:04Z,232,5.0,2.0,6.0,9.9,48.2,7.603,69.443,30.0
2026-05-04T12:34:04Z,232,2.0,1.0,3.0,10.1,47.7,7.84,66.301,30.0
2026-05-04T12:39:04Z,232,4.0,1.0,4.0,10.2,47.9,10.225,60.844,30.0
2026-05-04T12:44:04Z,232,13.0,6.0,13.0,10.6,48.4,10.34,62.503,30.0
2026-05-04T12:49:04Z,232,9.0,6.0,9.0,11.1,46.9,12.425,54.174,30.0
2026-05-04T12:54:04Z,232,7.0,4.0,7.0,11.7,46.1,14.279,47.779,30.0
2026-05-04T12:59:04Z,232,28.0,22.0,29.0,12.5,44.8,14.903,46.308,30.0
2026-05-04T13:04:04Z,232,17.0,8.0,17.0,13.2,43.5,15.456,44.765,30.0
2026-05-04T13:09:03Z,232,12.0,7.0,14.0,13.9,42.2,15.283,44.481,30.0
2026-05-04T13:14:03Z,232,30.0,22.0,30.0,14.5,41.7,16.332,43.777,30.0
2026-05-04T13:19:03Z,232,23.0,14.0,23.0,15.0,40.9,16.837,42.049,30.0
2026-05-04T13:24:03Z,232,24.0,16.0,24.0,15.6,40.3,16.161,43.647,30.0
2026-05-04T13:29:03Z,232,22.0,12.0,22.0,16.0,40.0,14.845,48.927,30.0
2026-05-04T13:34:03Z,232,9.0,6.0,11.0,16.2,39.4,14.578,49.373,30.0
2026-05-04T13:44:03Z,232,22.0,11.0,23.0,16.8,38.4,15.446,47.891,30.0
2026-05-04T13:49:04Z,232,15.0,7.0,17.0,17.1,37.8,15.528,46.756,30.0
2026-05-04T13:54:03Z,232,19.0,7.0,19.0,17.5,37.3,15.908,46.148,30.0
2026-05-04T13:59:04Z,232,11.0,6.0,13.0,17.9,36.8,16.671,44.816,30.0
2026-05-04T14:04:04Z,232,11.0,5.0,11.0,18.4,36.4,17.528,43.64,30.0
2026-05-04T14:14:03Z,232,6.0,2.0,6.0,19.2,34.1,18.994,38.026,30.0
2026-05-04T14:19:04Z,232,8.0,4.0,8.0,19.6,33.6,18.866,38.696,30.0
2026-05-04T14:24:04Z,232,6.0,5.0,6.0,19.9,32.7,19.459,36.319,30.0
2026-05-04T14:29:04Z,232,4.0,2.0,4.0,20.1,31.0,19.569,33.117,30.0
2026-05-04T14:34:04Z,232,4.0,2.0,5.0,20.3,30.4,19.721,31.4,30.0
2026-05-04T14:39:03Z,232,4.0,3.0,4.0,20.5,31.5,19.654,36.298,30.0
2026-05-04T14:44:03Z,232,4.0,2.0,4.0,20.6,30.6,19.686,34.023,30.0
2026-05-04T14:49:03Z,232,4.0,2.0,4.0,20.7,30.8,20.476,33.83,30.0
2026-05-04T14:54:04Z,232,5.0,3.0,5.0,20.9,31.3,21.16,34.204,30.0
2026-05-04T14:59:04Z,232,5.0,2.0,5.0,21.1,31.1,21.091,36.226,30.0
2026-05-04T15:04:14Z,232,8.0,3.0,8.0,21.4,31.0,21.983,32.691,30.0
2026-05-04T15:09:03Z,232,5.0,3.0,5.0,21.6,30.7,21.598,34.614,30.0
2026-05-04T15:14:04Z,232,6.0,3.0,6.0,21.9,31.0,21.734,34.719,30.0
2026-05-04T15:19:04Z,232,3.0,1.0,3.0,22.1,30.9,22.191,32.813,30.0
2026-05-04T15:24:04Z,232,3.0,1.0,3.0,22.3,30.5,21.916,35.445,30.0
2026-05-04T15:29:04Z,232,3.0,1.0,4.0,22.6,30.4,22.842,31.682,30.0
2026-05-04T15:34:04Z,232,2.0,1.0,2.0,23.0,30.2,23.262,31.903,30.0
2026-05-04T15:39:04Z,232,4.0,2.0,4.0,23.3,29.7,22.372,33.948,30.0
2026-05-04T15:44:04Z,232,3.0,0.0,3.0,23.6,29.3,23.833,30.019,30.0
2026-05-04T15:49:04Z,232,2.0,0.0,2.0,23.9,28.3,23.195,29.433,30.0
2026-05-04T15:54:04Z,232,6.0,2.0,6.0,24.2,27.6,24.877,25.327,30.0
2026-05-04T15:59:04Z,232,4.0,1.0,4.0,24.7,26.5,23.676,26.891,30.0
2026-05-04T16:04:04Z,232,4.0,2.0,4.0,25.0,26.8,24.626,26.242,30.0
2026-05-04T16:09:04Z,232,3.0,1.0,3.0,25.3,27.5,25.841,27.892,30.0
2026-05-04T16:14:04Z,232,5.0,3.0,5.0,25.6,26.8,25.27,26.91,30.0
2026-05-04T16:19:04Z,232,3.0,1.0,3.0,26.0,27.0,26.322,27.227,30.0
2026-05-04T16:24:03Z,232,5.0,2.0,5.0,26.2,26.5,24.599,28.031,30.0
2026-05-04T16:29:04Z,232,3.0,2.0,5.0,26.4,26.2,26.295,27.095,30.0
2026-05-04T16:34:04Z,232,5.0,3.0,5.0,26.6,25.8,24.829,28.409,30.0
2026-05-04T16:39:04Z,232,4.0,3.0,5.0,26.8,26.1,26.666,26.015,30.0
2026-05-04T16:44:04Z,232,5.0,2.0,6.0,27.1,25.9,25.625,28.115,30.0
2026-05-04T16:49:04Z,232,3.0,1.0,3.0,27.4,25.4,26.423,26.277,30.0
2026-05-04T16:54:04Z,232,2.0,0.0,3.0,27.6,24.6,26.901,24.24,30.0
2026-05-04T16:59:04Z,232,2.0,0.0,3.0,27.9,24.5,25.352,26.023,30.0
2026-05-04T17:04:04Z,232,4.0,1.0,5.0,28.0,24.4,26.688,26.105,30.0
2026-05-04T17:09:04Z,232,3.0,1.0,3.0,28.1,24.5,27.43,25.254,30.0
2026-05-04T17:14:04Z,232,2.0,1.0,3.0,28.4,24.4,27.262,24.245,30.0
2026-05-04T17:19:04Z,232,2.0,1.0,2.0,28.7,24.1,27.12,24.522,30.0
2026-05-04T17:24:04Z,232,1.0,0.0,1.0,28.8,23.9,28.092,23.591,30.0
2026-05-04T17:29:04Z,232,1.0,0.0,2.0,29.1,23.5,28.194,23.051,30.0
2026-05-04T17:34:04Z,232,2.0,0.0,3.0,29.4,23.2,27.959,22.59,30.0
2026-05-04T17:39:04Z,232,1.0,0.0,1.0,29.8,23.7,28.674,22.908,30.0
2026-05-04T17:44:04Z,232,0.0,0.0,0.0,30.3,22.6,27.897,22.603,30.0
2026-05-04T17:49:04Z,232,1.0,0.0,1.0,30.4,22.3,28.268,22.349,30.0
2026-05-04T17:54:04Z,232,1.0,0.0,1.0,30.5,22.5,28.439,22.555,30.0
2026-05-04T17:59:04Z,232,0.0,0.0,0.0,30.7,22.9,28.487,22.954,30.0
2026-05-04T18:04:04Z,232,0.0,0.0,0.0,30.5,22.6,27.021,24.825,30.0
2026-05-04T18:09:04Z,232,2.0,0.0,2.0,30.2,22.5,27.369,24.673,30.0
2026-05-04T18:14:04Z,232,0.0,0.0,1.0,29.8,22.4,28.621,21.867,30.0
2026-05-04T18:19:04Z,232,0.0,0.0,0.0,29.8,22.7,28.709,23.055,30.0
2026-05-04T18:24:04Z,232,2.0,0.0,2.0,29.9,23.2,28.803,24.283,30.0
2026-05-04T18:29:04Z,232,0.0,0.0,0.0,30.2,22.5,28.896,23.181,30.0
2026-05-04T18:34:04Z,232,1.0,0.0,1.0,30.5,22.4,29.12,22.264,30.0
2026-05-04T18:39:04Z,232,1.0,1.0,1.0,30.7,21.9,28.909,22.735,30.0
2026-05-04T18:44:04Z,232,0.0,0.0,0.0,30.9,21.3,28.522,20.432,30.0
2026-05-04T18:49:04Z,232,0.0,0.0,0.0,31.1,20.9,29.112,20.848,30.0
2026-05-04T18:54:13Z,232,0.0,0.0,0.0,31.2,20.6,28.875,20.57,30.0
2026-05-04T18:59:04Z,232,0.0,0.0,0.0,31.3,20.9,28.736,22.449,30.0
2026-05-04T19:04:04Z,232,0.0,0.0,0.0,31.4,20.4,27.932,22.99,30.0
2026-05-04T19:09:04Z,232,1.0,0.0,2.0,31.3,20.6,28.244,22.189,30.0
2026-05-04T19:14:04Z,232,0.0,0.0,1.0,31.2,20.5,28.274,23.034,30.0
2026-05-04T19:19:04Z,232,0.0,0.0,1.0,31.2,20.6,28.568,21.932,30.0
2026-05-04T19:24:04Z,232,0.0,0.0,0.0,31.2,20.6,28.405,22.771,30.0
2026-05-04T19:29:04Z,232,0.0,0.0,0.0,31.2,20.5,28.338,22.25,30.0
2026-05-04T19:34:04Z,232,0.0,0.0,1.0,31.2,20.6,29.067,21.22,30.0
2026-05-04T19:39:04Z,232,0.0,0.0,0.0,31.2,20.5,29.086,21.609,30.0
2026-05-04T19:44:04Z,232,0.0,0.0,0.0,31.2,20.1,28.279,21.842,30.0
2026-05-04T19:49:04Z,232,2.0,0.0,2.0,31.3,20.4,28.698,21.977,30.0
2026-05-04T19:54:04Z,232,0.0,0.0,0.0,31.2,21.7,28.509,25.722,30.0
2026-05-04T19:59:04Z,232,0.0,0.0,1.0,31.3,21.4,29.425,23.421,30.0
2026-05-04T20:04:04Z,232,0.0,0.0,0.0,31.3,22.0,28.293,25.584,30.0
2026-05-04T20:09:13Z,232,0.0,0.0,0.0,31.4,21.2,28.696,23.152,30.0
2026-05-04T20:14:04Z,232,0.0,0.0,0.0,31.4,22.0,29.462,24.114,30.0
2026-05-04T20:19:15Z,232,0.0,0.0,1.0,31.4,22.0,28.378,25.668,30.0
2026-05-04T20:24:04Z,232,0.0,0.0,0.0,31.2,22.2,29.022,25.598,30.0
2026-05-04T20:29:04Z,232,0.0,0.0,0.0,31.1,22.7,28.154,27.143,30.0
2026-05-04T20:34:04Z,232,0.0,0.0,0.0,31.0,22.8,27.366,27.724,30.0
2026-05-04T20:39:04Z,232,0.0,0.0,0.0,30.6,22.1,27.115,26.223,30.0
2026-05-04T20:44:04Z,232,3.0,0.0,3.0,30.2,21.9,26.989,25.336,30.0
2026-05-04T20:49:04Z,232,0.0,0.0,0.0,29.7,22.6,27.045,27.747,30.0
2026-05-04T20:54:04Z,232,0.0,0.0,1.0,29.3,23.4,26.194,29.645,30.0
2026-05-04T20:59:04Z,232,2.0,0.0,2.0,28.9,23.4,25.742,28.745,30.0
2026-05-04T21:04:04Z,232,1.0,0.0,1.0,28.5,22.9,25.668,27.082,30.0
2026-05-04T21:09:04Z,232,1.0,0.0,1.0,28.0,23.0,25.104,27.263,30.0
2026-05-04T21:14:04Z,232,0.0,0.0,0.0,27.5,23.4,24.135,30.589,30.0
2026-05-04T21:19:05Z,232,1.0,0.0,1.0,26.8,24.0,23.262,32.705,30.0
2026-05-04T21:24:04Z,232,1.0,0.0,1.0,26.1,23.8,23.387,29.637,30.0
2026-05-04T21:29:04Z,232,0.0,0.0,0.0,25.4,24.9,22.41,34.164,30.0
2026-05-04T21:34:04Z,232,1.0,0.0,1.0,24.6,26.0,22.012,36.409,30.0
2026-05-04T21:39:05Z,232,0.0,0.0,1.0,23.8,26.6,20.824,38.293,30.0
2026-05-04T21:44:04Z,232,0.0,0.0,0.0,23.2,26.8,20.228,38.669,30.0
2026-05-04T21:49:05Z,232,1.0,0.0,2.0,22.5,27.9,20.332,39.863,30.0
2026-05-04T21:54:05Z,232,0.0,0.0,0.0,22.0,28.0,19.937,38.556,30.0
2026-05-04T21:59:05Z,232,4.0,1.0,4.0,21.6,28.4,19.993,38.842,30.0
2026-05-04T22:04:04Z,232,4.0,0.0,4.0,21.2,28.8,19.59,39.987,30.0
2026-05-04T22:09:04Z,232,1.0,0.0,2.0,20.9,29.4,19.31,40.323,30.0
2026-05-04T22:14:05Z,232,1.0,0.0,1.0,20.6,30.0,18.5,43.466,30.0
2026-05-04T22:19:05Z,232,5.0,1.0,6.0,20.1,30.6,18.025,45.118,30.0
2026-05-04T22:24:05Z,232,1.0,0.0,1.0,19.7,31.4,17.633,46.007,30.0
2026-05-04T22:29:04Z,232,2.0,1.0,2.0,19.4,31.6,17.673,45.102,30.0
2026-05-04T22:34:05Z,232,2.0,0.0,2.0,19.1,31.9,17.392,45.772,30.0
2026-05-04T22:39:05Z,232,3.0,1.0,3.0,18.8,32.3,17.0,47.0,30.0
2026-05-04T22:44:05Z,232,2.0,1.0,3.0,18.5,32.7,17.016,46.214,30.0
2026-05-04T22:49:15Z,232,1.0,0.0,1.0,18.3,32.8,17.317,45.663,30.0
2026-05-04T22:54:05Z,232,2.0,2.0,3.0,18.2,33.0,17.285,45.856,30.0
2026-05-04T22:59:05Z,232,2.0,0.0,2.0,18.2,33.4,17.673,44.689,30.0
2026-05-04T23:04:05Z,232,0.0,0.0,1.0,18.2,33.6,17.611,45.575,30.0
2026-05-04T23:09:05Z,232,2.0,0.0,3.0,18.2,34.1,17.363,47.328,30.0
2026-05-04T23:14:05Z,232,2.0,0.0,2.0,18.2,34.8,17.117,49.463,30.0
2026-05-04T23:19:05Z,232,3.0,0.0,3.0,18.1,35.6,16.912,50.651,30.0
2026-05-04T23:24:05Z,232,1.0,0.0,2.0,18.1,34.9,17.544,47.073,30.0
2026-05-04T23:29:05Z,232,1.0,0.0,1.0,18.1,35.5,18.781,45.381,30.0
2026-05-04T23:34:04Z,232,1.0,0.0,2.0,18.3,35.7,17.929,48.301,30.0
2026-05-04T23:39:05Z,232,1.0,0.0,2.0,18.3,36.1,17.203,50.683,30.0
2026-05-04T23:44:05Z,232,0.0,0.0,1.0,18.2,35.6,16.976,50.069,30.0
2026-05-04T23:49:05Z,232,1.0,0.0,2.0,18.1,36.0,16.53,51.387,30.0
2026-05-04T23:54:05Z,232,1.0,0.0,1.0,17.9,36.4,16.335,52.253,30.0
2026-05-04T23:59:05Z,232,1.0,0.0,1.0,17.7,36.8,15.964,53.461,30.0
2026-05-05T00:04:05Z,232,1.0,0.0,1.0,17.5,37.1,15.809,54.294,30.0
2026-05-05T00:09:05Z,232,2.0,0.0,2.0,17.3,37.6,15.95,54.245,30.0
2026-05-05T00:14:05Z,232,1.0,0.0,1.0,17.2,37.9,15.867,54.306,30.0
2026-05-05T00:19:05Z,232,1.0,0.0,1.0,17.1,38.2,15.881,54.157,30.0
2026-05-05T00:24:05Z,232,2.0,1.0,2.0,17.0,38.1,15.851,53.554,30.0
2026-05-05T00:29:05Z,232,3.0,1.0,3.0,17.0,38.3,15.542,54.801,30.0
2026-05-05T00:34:05Z,232,1.0,0.0,2.0,17.0,38.3,15.964,52.77,30.0
2026-05-05T00:39:05Z,232,1.0,0.0,3.0,16.9,38.0,16.081,52.141,30.0
2026-05-05T00:44:05Z,232,3.0,1.0,3.0,16.9,38.3,15.747,53.773,30.0
2026-05-05T00:49:05Z,232,3.0,2.0,3.0,16.9,38.7,15.638,54.771,30.0
2026-05-05T00:54:05Z,232,2.0,0.0,2.0,16.8,38.8,15.576,54.685,30.0
2026-05-05T00:59:05Z,232,3.0,0.0,3.0,16.8,38.8,15.592,54.307,30.0
2026-05-05T01:04:05Z,232,2.0,0.0,2.0,16.7,38.8,15.707,53.903,30.0
2026-05-05T01:09:05Z,232,5.0,3.0,5.0,16.7,39.3,15.219,56.179,30.0
2026-05-05T01:14:05Z,232,6.0,3.0,8.0,16.6,40.0,14.901,58.08,30.0
2026-05-05T01:19:05Z,232,4.0,2.0,5.0,16.5,40.4,14.85,58.92,30.0
2026-05-05T01:24:05Z,232,4.0,1.0,5.0,16.3,41.3,14.759,60.047,30.0
2026-05-05T01:29:05Z,232,3.0,1.0,3.0,16.2,41.1,14.543,59.667,30.0
2026-05-05T01:34:05Z,232,4.0,3.0,4.0,16.1,41.1,14.647,58.599,30.0
2026-05-05T01:39:05Z,232,4.0,3.0,4.0,16.0,41.3,14.618,58.397,30.0
2026-05-05T01:44:05Z,232,5.0,2.0,6.0,16.0,41.6,14.519,59.246,30.0
2026-05-05T01:49:05Z,232,4.0,2.0,4.0,15.9,42.1,14.236,61.128,30.0
2026-05-05T01:54:05Z,232,4.0,1.0,4.0,15.8,42.8,13.945,63.217,30.0
2026-05-05T01:59:05Z,232,3.0,1.0,3.0,15.7,43.2,13.931,63.171,30.0
2026-05-05T02:04:05Z,232,4.0,2.0,4.0,15.6,43.5,13.758,64.136,30.0
2026-05-05T02:09:05Z,232,5.0,2.0,7.0,15.4,43.8,13.59,64.741,30.0
2026-05-05T02:14:05Z,232,3.0,1.0,3.0,15.3,44.6,13.462,66.372,30.0
2026-05-05T02:19:05Z,232,2.0,1.0,2.0,15.2,45.2,13.384,67.257,30.0
2026-05-05T02:24:05Z,232,2.0,0.0,2.0,15.1,45.6,13.189,68.388,30.0
2026-05-05T02:29:05Z,232,6.0,2.0,7.0,15.0,45.5,13.336,66.988,30.0
2026-05-05T02:34:05Z,232,7.0,3.0,7.0,15.0,45.6,13.424,66.692,30.0
2026-05-05T02:39:05Z,232,7.0,4.0,7.0,14.9,46.3,12.874,68.651,30.0
2026-05-05T02:44:05Z,232,4.0,3.0,6.0,14.8,46.7,12.855,69.469,30.0
2026-05-05T02:49:06Z,232,5.0,3.0,5.0,14.7,47.2,12.703,69.996,30.0
2026-05-05T02:54:05Z,232,4.0,3.0,5.0,14.6,47.3,12.684,69.708,30.0
2026-05-05T02:59:05Z,232,5.0,3.0,5.0,14.5,47.4,12.666,69.748,30.0
2026-05-05T03:04:05Z,232,3.0,1.0,4.0,14.5,47.1,12.823,68.205,30.0
2026-05-05T03:09:15Z,232,2.0,1.0,3.0,14.5,46.6,12.855,67.812,30.0
2026-05-05T03:14:05Z,232,0.0,0.0,1.0,14.4,47.1,12.695,68.521,30.0
2026-05-05T03:19:05Z,232,2.0,0.0,3.0,14.4,47.5,12.441,69.607,30.0
2026-05-05T03:24:15Z,232,1.0,0.0,1.0,14.4,47.5,12.455,68.992,30.0
2026-05-05T03:29:05Z,232,2.0,0.0,2.0,14.3,47.5,12.407,69.797,30.0
2026-05-05T03:34:05Z,232,2.0,0.0,2.0,14.2,47.8,12.108,70.762,30.0
2026-05-05T03:39:05Z,232,2.0,0.0,2.0,14.1,47.9,12.094,70.526,30.0
2026-05-05T03:44:05Z,232,4.0,0.0,4.0,14.0,48.1,11.969,70.978,30.0
2026-05-05T03:49:15Z,232,5.0,2.0,5.0,13.9,47.9,11.862,70.604,30.0
2026-05-05T03:54:05Z,232,3.0,2.0,4.0,13.8,47.7,11.627,70.772,30.0
2026-05-05T03:59:05Z,232,2.0,1.0,2.0,13.7,48.6,11.421,72.651,30.0
2026-05-05T04:04:05Z,232,4.0,1.0,4.0,13.6,48.7,11.491,72.044,30.0
2026-05-05T04:09:05Z,232,3.0,1.0,3.0,13.4,48.9,11.2,73.099,30.0
2026-05-05T04:14:14Z,232,4.0,1.0,4.0,13.4,49.2,11.032,73.704,30.0
2026-05-05T04:19:05Z,232,5.0,3.0,5.0,13.3,48.4,11.315,70.741,30.0
2026-05-05T04:24:05Z,232,4.0,1.0,4.0,13.2,48.5,10.997,71.316,30.0
2026-05-05T04:29:05Z,232,2.0,1.0,3.0,13.1,49.0,11.08,72.162,30.0
2026-05-05T04:34:05Z,232,3.0,0.0,3.0,13.1,49.3,11.109,72.624,30.0
2026-05-05T04:39:05Z,232,4.0,0.0,4.0,13.1,49.6,10.941,73.555,30.0
2026-05-05T04:44:05Z,232,2.0,1.0,2.0,13.0,49.8,10.845,73.911,30.0
2026-05-05T04:49:05Z,232,3.0,0.0,3.0,13.0,49.6,10.853,73.444,30.0
2026-05-05T04:54:13Z,232,3.0,1.0,3.0,12.9,50.1,10.679,74.146,30.0
2026-05-05T04:59:05Z,232,3.0,2.0,4.0,12.8,49.9,10.679,73.9,30.0
2026-05-05T05:04:05Z,232,3.0,0.0,4.0,12.8,50.1,10.789,73.208,30.0
2026-05-05T05:09:15Z,232,4.0,0.0,4.0,12.8,50.2,10.711,73.28,30.0
2026-05-05T05:14:05Z,232,3.0,2.0,4.0,12.7,50.2,10.703,73.437,30.0
2026-05-05T05:19:12Z,232,4.0,1.0,4.0,12.7,50.5,10.511,74.329,30.0
2026-05-05T05:24:05Z,232,3.0,1.0,3.0,12.7,50.2,10.973,72.395,30.0
2026-05-05T05:29:05Z,232,3.0,0.0,3.0,12.7,50.4,10.556,73.719,30.0
2026-05-05T05:34:05Z,232,3.0,2.0,3.0,12.7,50.4,10.826,73.019,30.0
2026-05-05T05:39:05Z,232,1.0,1.0,3.0,12.7,50.0,10.898,71.907,30.0
2026-05-05T05:44:05Z,232,3.0,1.0,3.0,12.8,50.2,10.895,72.613,30.0
2026-05-05T05:49:05Z,232,3.0,1.0,3.0,12.8,50.6,10.802,73.53,30.0
2026-05-05T05:54:06Z,232,3.0,2.0,3.0,12.8,50.2,10.716,73.007,30.0
2026-05-05T05:59:06Z,232,2.0,1.0,2.0,12.8,50.2,10.756,72.796,30.0
2026-05-05T06:04:06Z,232,3.0,1.0,3.0,12.7,50.5,10.674,73.435,30.0
2026-05-05T06:09:06Z,232,3.0,1.0,3.0,12.7,50.6,10.479,74.278,30.0
2026-05-05T06:14:15Z,232,3.0,2.0,3.0,12.6,50.5,10.177,74.541,30.0
2026-05-05T06:19:06Z,232,5.0,2.0,5.0,12.6,49.8,10.204,72.895,30.0
2026-05-05T06:24:05Z,232,5.0,2.0,5.0,12.5,50.4,10.148,74.213,30.0
2026-05-05T06:29:06Z,232,4.0,1.0,4.0,12.4,50.5,10.22,73.593,30.0
2026-05-05T06:34:05Z,232,3.0,1.0,4.0,12.4,50.3,10.068,73.398,30.0
2026-05-05T06:39:06Z,232,4.0,1.0,4.0,12.3,50.2,9.993,73.753,30.0
2026-05-05T06:44:25Z,232,3.0,0.0,3.0,12.3,50.4,9.883,73.786,30.0
2026-05-05T06:49:10Z,232,3.0,0.0,3.0,12.2,50.4,9.899,74.367,30.0
2026-05-05T06:54:10Z,232,2.0,1.0,2.0,12.2,50.2,9.891,72.725,30.0
2026-05-05T06:59:12Z,232,3.0,1.0,3.0,12.2,50.0,9.859,73.316,30.0
2026-05-05T07:04:06Z,232,3.0,2.0,3.0,12.1,49.7,9.811,73.213,30.0
2026-05-05T07:09:06Z,232,4.0,1.0,4.0,12.2,49.7,9.897,71.712,30.0
2026-05-05T07:14:05Z,232,3.0,0.0,3.0,12.1,49.4,9.971,71.384,30.0
2026-05-05T07:19:06Z,232,3.0,1.0,3.0,12.1,49.5,9.835,71.735,30.0
2026-05-05T07:24:06Z,232,2.0,0.0,2.0,12.1,50.0,9.731,72.78,30.0
2026-05-05T07:29:06Z,232,3.0,0.0,3.0,12.0,50.1,9.483,73.879,30.0
2026-05-05T07:34:12Z,232,3.0,1.0,4.0,12.0,50.0,9.501,72.828,30.0
2026-05-05T07:39:06Z,232,3.0,1.0,3.0,11.9,50.2,9.437,73.377,30.0
2026-05-05T07:44:06Z,232,3.0,1.0,3.0,11.8,50.2,9.44,73.173,30.0
2026-05-05T07:49:05Z,232,2.0,1.0,2.0,11.8,50.2,9.416,73.145,30.0
2026-05-05T07:54:06Z,232,1.0,1.0,2.0,11.8,50.3,9.306,73.698,30.0
2026-05-05T07:59:06Z,232,3.0,1.0,3.0,11.7,50.4,9.197,73.864,30.0
2026-05-05T08:04:05Z,232,2.0,1.0,3.0,11.7,50.7,9.053,74.806,30.0
2026-05-05T08:09:06Z,232,4.0,2.0,4.0,11.6,50.5,9.01,74.005,30.0
2026-05-05T08:14:13Z,232,4.0,2.0,4.0,11.6,50.4,9.122,73.704,30.0
2026-05-05T08:19:06Z,232,4.0,1.0,4.0,11.5,50.5,9.104,73.366,30.0
2026-05-05T08:24:06Z,232,2.0,1.0,4.0,11.5,50.6,9.079,73.995,30.0
2026-05-05T08:29:06Z,232,2.0,1.0,2.0,11.5,50.6,9.234,73.166,30.0
2026-05-05T08:34:06Z,232,4.0,3.0,4.0,11.5,50.5,9.031,73.208,30.0
2026-05-05T08:39:06Z,232,4.0,1.0,4.0,11.5,50.6,9.021,74.125,30.0
2026-05-05T08:44:06Z,232,5.0,2.0,5.0,11.5,50.5,9.224,72.46,30.0
2026-05-05T08:49:06Z,232,2.0,1.0,2.0,11.5,50.4,9.517,71.565,30.0
2026-05-05T08:54:06Z,232,3.0,0.0,3.0,11.6,50.7,9.504,72.679,30.0
2026-05-05T08:59:06Z,232,2.0,1.0,3.0,11.6,50.6,9.411,72.491,30.0
2026-05-05T09:04:06Z,232,3.0,1.0,3.0,11.7,50.5,9.667,72.216,30.0
2026-05-05T09:09:06Z,232,4.0,2.0,5.0,11.7,50.7,9.736,71.255,30.0
2026-05-05T09:14:06Z,232,5.0,2.0,5.0,11.7,51.0,9.136,74.581,30.0
2026-05-05T09:19:06Z,232,5.0,4.0,6.0,11.8,50.8,8.938,74.873,30.0
2026-05-05T09:24:06Z,232,5.0,3.0,6.0,11.7,50.3,9.202,72.357,30.0
2026-05-05T09:29:06Z,232,7.0,3.0,7.0,11.7,50.5,9.104,74.119,30.0
2026-05-05T09:34:06Z,232,6.0,4.0,6.0,11.6,50.5,9.282,72.658,30.0
2026-05-05T09:39:06Z,232,7.0,4.0,9.0,11.6,50.2,9.2,72.109,30.0
2026-05-05T09:44:05Z,232,6.0,4.0,7.0,11.6,49.9,9.216,71.382,30.0
2026-05-05T09:49:05Z,232,5.0,3.0,7.0,11.6,50.4,9.104,73.307,30.0
2026-05-05T09:54:05Z,232,5.0,3.0,6.0,11.6,50.9,9.112,73.974,30.0
2026-05-05T09:59:05Z,232,5.0,2.0,6.0,11.5,50.6,9.114,73.175,30.0
2026-05-05T10:04:06Z,232,5.0,2.0,5.0,11.6,50.9,9.098,74.081,30.0
2026-05-05T10:09:06Z,232,5.0,2.0,6.0,11.6,51.0,9.181,73.82,30.0
2026-05-05T10:14:06Z,232,9.0,6.0,9.0,11.5,51.4,9.104,74.104,30.0
2026-05-05T10:19:06Z,232,10.0,6.0,12.0,11.5,50.1,8.722,72.267,30.0
2026-05-05T10:24:06Z,232,7.0,4.0,8.0,11.4,50.7,8.388,76.107,30.0
2026-05-05T10:29:06Z,232,7.0,3.0,8.0,11.3,50.6,8.516,74.608,30.0
2026-05-05T10:34:06Z,232,6.0,4.0,6.0,11.3,51.2,8.893,74.289,30.0
2026-05-05T10:39:06Z,232,33.0,25.0,37.0,11.3,51.6,8.666,74.707,30.0
2026-05-05T10:44:15Z,232,8.0,5.0,8.0,11.2,51.2,8.519,75.254,30.0
2026-05-05T10:49:06Z,232,9.0,4.0,9.0,11.2,51.6,8.513,75.352,30.0
2026-05-05T10:54:06Z,232,8.0,4.0,9.0,11.2,51.8,8.452,76.244,30.0
2026-05-05T10:59:06Z,232,6.0,3.0,6.0,11.1,52.5,8.439,78.352,30.0
2026-05-05T11:04:06Z,232,6.0,4.0,7.0,11.1,53.2,8.367,78.333,30.0
2026-05-05T11:09:06Z,232,24.0,6.0,26.0,11.1,53.5,8.473,78.739,30.0
2026-05-05T11:14:06Z,232,8.0,5.0,8.0,11.1,53.4,8.545,78.23,30.0
2026-05-05T11:19:06Z,232,219.0,148.0,223.0,11.1,53.8,8.238,79.328,30.0
2026-05-05T11:24:06Z,232,19.0,8.0,19.0,11.0,53.5,8.038,79.565,30.0
2026-05-05T11:29:06Z,232,12.0,6.0,12.0,11.0,53.2,8.078,78.554,30.0
2026-05-05T11:34:06Z,232,10.0,5.0,10.0,10.9,52.8,8.27,76.067,30.0
2026-05-05T11:39:06Z,232,8.0,5.0,12.0,10.9,53.4,8.412,77.509,30.0
2026-05-05T11:44:06Z,232,7.0,3.0,7.0,11.0,53.6,8.302,78.459,30.0
2026-05-05T11:49:06Z,232,8.0,4.0,9.0,11.0,53.4,8.69,77.24,30.0
2026-05-05T11:54:14Z,232,7.0,4.0,7.0,11.0,53.5,8.943,76.862,30.0
2026-05-05T11:59:06Z,232,20.0,9.0,22.0,11.1,54.2,8.655,78.36,30.0
2026-05-05T12:04:06Z,232,28.0,20.0,28.0,11.2,53.7,8.877,77.762,30.0
2026-05-05T12:09:06Z,232,33.0,19.0,36.0,11.3,54.0,8.906,78.192,30.0
2026-05-05T12:14:19Z,232,37.0,24.0,40.0,11.3,54.2,9.09,77.93,30.0
2026-05-05T12:19:06Z,232,35.0,23.0,36.0,11.4,54.4,8.85,78.749,30.0
2026-05-05T12:24:06Z,232,42.0,27.0,50.0,11.4,54.2,8.855,79.044,30.0
2026-05-05T12:29:06Z,232,50.0,34.0,61.0,11.4,54.4,9.112,78.39,30.0
2026-05-05T12:34:06Z,232,26.0,15.0,26.0,11.5,54.9,9.178,79.267,30.0
2026-05-05T12:39:06Z,232,38.0,26.0,45.0,11.5,55.1,9.504,78.865,30.0
2026-05-05T12:44:06Z,232,30.0,22.0,32.0,11.6,55.1,9.651,78.895,30.0
2026-05-05T12:49:06Z,232,45.0,30.0,52.0,11.7,55.0,10.15,77.07,30.0
2026-05-05T12:54:06Z,232,13.0,5.0,16.0,11.9,55.0,11.547,73.301,30.0
2026-05-05T12:59:06Z,232,9.0,6.0,9.0,12.2,54.3,13.798,64.638,30.0
2026-05-05T13:04:06Z,232,7.0,4.0,7.0,12.7,54.2,15.472,60.384,30.0
2026-05-05T13:09:06Z,232,42.0,30.0,51.0,13.3,54.3,16.239,59.141,30.0
2026-05-05T13:14:06Z,232,27.0,21.0,27.0,14.1,52.4,16.028,56.972,30.0
2026-05-05T13:19:06Z,232,40.0,28.0,48.0,14.7,49.5,17.088,50.952,30.0
2026-05-05T13:24:06Z,232,47.0,32.0,57.0,15.4,48.1,18.458,46.554,30.0
2026-05-05T13:29:06Z,232,50.0,33.0,61.0,16.1,45.8,17.189,49.121,30.0
2026-05-05T13:34:06Z,232,46.0,32.0,56.0,16.8,45.2,17.315,50.533,30.0
2026-05-05T13:39:07Z,232,48.0,32.0,59.0,17.5,44.8,17.555,51.994,30.0
2026-05-05T13:44:07Z,232,48.0,33.0,61.0,18.2,43.7,17.491,52.059,30.0
2026-05-05T13:49:17Z,232,49.0,32.0,60.0,18.9,42.6,17.924,51.345,30.0
2026-05-05T13:54:07Z,232,46.0,30.0,55.0,19.4,41.7,18.781,48.997,30.0
2026-05-05T13:59:07Z,232,33.0,22.0,38.0,19.9,40.5,19.387,47.09,30.0
2026-05-05T14:04:07Z,232,30.0,22.0,31.0,20.4,39.3,19.462,45.518,30.0
2026-05-12T15:40:06Z,232,27.0,15.0,27.0,10.7,70.9,14.506,63.272,21.0
2026-05-12T15:40:45Z,232,45.0,26.0,54.0,11.7,67.4,14.658,64.163,21.0
2026-05-12T15:44:38Z,232,45.0,28.0,57.0,13.2,63.9,15.948,59.801,21.0
2026-05-12T15:49:38Z,232,43.0,26.0,51.0,14.3,60.7,14.96,66.175,21.0
2026-05-12T15:54:38Z,232,43.0,28.0,53.0,15.0,58.4,15.333,62.715,21.0
2026-05-12T15:59:38Z,232,43.0,27.0,52.0,15.5,56.2,14.578,65.45,21.0
2026-05-12T16:04:38Z,232,44.0,28.0,53.0,16.0,55.0,15.408,62.746,21.0
2026-05-12T16:09:38Z,232,44.0,27.0,53.0,16.5,54.2,16.228,61.489,21.0
2026-05-12T16:14:37Z,232,45.0,28.0,55.0,16.8,52.5,15.889,61.5,21.0
2026-05-12T16:19:38Z,232,43.0,27.0,52.0,17.2,51.0,15.859,60.375,21.0
2026-05-12T16:24:38Z,232,44.0,28.0,52.0,17.4,50.3,15.867,61.094,21.0
2026-05-12T16:29:37Z,232,44.0,26.0,54.0,17.7,49.7,16.236,59.654,21.0
2026-05-12T16:34:38Z,232,42.0,27.0,52.0,17.9,49.6,16.044,61.466,21.0
2026-05-12T16:39:48Z,232,43.0,28.0,51.0,18.1,49.4,17.24,59.236,21.0
2026-05-12T16:44:38Z,232,43.0,27.0,52.0,18.3,48.5,16.653,59.396,21.0
2026-05-12T16:49:38Z,232,42.0,26.0,50.0,18.5,48.0,17.347,55.915,21.0
2026-05-12T16:54:38Z,232,44.0,26.0,53.0,18.7,47.3,17.123,57.31,21.0
2026-05-12T16:59:38Z,232,40.0,25.0,49.0,18.8,47.3,17.555,56.348,21.0
2026-05-12T17:04:37Z,232,40.0,24.0,48.0,19.0,47.1,17.544,57.329,21.0
2026-05-12T17:09:38Z,232,46.0,28.0,55.0,19.1,45.6,16.735,58.384,21.0
2026-05-12T17:14:38Z,232,39.0,24.0,46.0,19.2,46.5,17.584,57.659,21.0
2026-05-12T17:19:38Z,232,38.0,23.0,47.0,19.3,46.0,17.67,57.275,21.0
2026-05-12T17:24:38Z,232,42.0,25.0,49.0,19.4,45.5,17.94,55.635,21.0
2026-05-12T17:29:38Z,232,41.0,25.0,49.0,19.6,45.0,17.734,56.217,21.0
2026-05-12T17:34:38Z,232,39.0,25.0,48.0,19.6,44.1,17.918,53.943,21.0
2026-05-12T17:39:38Z,232,35.0,23.0,44.0,19.7,44.6,18.848,52.57,21.0
2026-05-12T17:44:38Z,232,37.0,23.0,45.0,19.9,43.7,18.538,51.588,21.0
2026-05-12T17:49:38Z,232,38.0,22.0,46.0,19.9,43.4,18.228,52.928,21.0
2026-05-12T17:54:38Z,232,39.0,23.0,45.0,20.0,43.2,18.49,50.998,21.0
2026-05-12T17:59:38Z,232,37.0,23.0,45.0,20.0,43.6,19.034,49.806,21.0
2026-05-12T18:04:38Z,232,36.0,22.0,43.0,20.1,42.7,18.562,51.761,21.0
2026-05-12T18:09:38Z,232,39.0,23.0,46.0,20.1,42.7,18.372,52.371,21.0
2026-05-12T18:14:38Z,232,38.0,24.0,45.0,20.2,43.0,19.216,50.729,21.0
2026-05-12T18:19:38Z,232,38.0,23.0,46.0,20.3,43.0,19.264,50.962,21.0
2026-05-12T18:24:47Z,232,38.0,23.0,46.0,20.4,43.5,19.267,52.953,21.0
2026-05-12T18:29:38Z,232,39.0,24.0,48.0,20.4,43.5,19.326,53.03,21.0
2026-05-12T18:34:38Z,232,37.0,23.0,45.0,20.4,43.2,19.269,52.177,21.0
2026-05-12T18:39:38Z,232,36.0,23.0,45.0,20.4,42.8,19.0,53.247,21.0
2026-05-12T18:44:38Z,232,39.0,23.0,46.0,20.4,42.7,18.783,53.237,21.0
2026-05-12T18:49:38Z,232,39.0,23.0,46.0,20.3,42.9,18.346,55.526,21.0
2026-05-12T18:54:38Z,232,44.0,28.0,53.0,20.2,43.4,18.18,56.768,21.0
2026-05-12T18:59:38Z,232,47.0,29.0,58.0,20.0,43.8,18.161,56.427,21.0
2026-05-12T19:04:38Z,232,43.0,26.0,51.0,19.8,43.5,18.02,56.1,21.0
2026-05-12T19:09:38Z,232,42.0,26.0,50.0,19.7,44.1,18.281,55.904,21.0
2026-05-12T19:14:38Z,232,40.0,24.0,49.0,19.6,44.1,18.709,53.943,21.0
2026-05-12T19:19:38Z,232,38.0,22.0,46.0,19.6,44.5,18.794,55.065,21.0
2026-05-12T19:24:38Z,232,35.0,22.0,44.0,19.7,44.5,18.642,55.347,21.0
2026-05-12T19:29:38Z,232,35.0,22.0,41.0,19.8,44.5,19.147,54.052,21.0
2026-05-12T19:34:38Z,232,33.0,21.0,37.0,19.8,44.4,18.933,54.227,21.0
2026-05-12T19:39:38Z,232,32.0,20.0,38.0,19.9,44.1,18.933,53.245,21.0
2026-05-12T19:40:13Z,232,34.0,21.0,39.0,19.9,43.9,18.928,53.586,21.0
2026-05-12T19:44:46Z,232,34.0,20.0,39.0,19.8,43.0,17.723,55.44,21.0
2026-05-12T19:50:13Z,232,35.0,22.0,40.0,19.7,43.4,18.062,55.046,21.0
2026-05-12T19:54:46Z,232,33.0,20.0,38.0,19.6,43.2,17.857,54.939,21.0
2026-05-12T19:59:54Z,232,34.0,22.0,37.0,19.4,43.7,17.395,57.434,21.0
2026-05-12T20:04:46Z,232,32.0,20.0,36.0,19.3,43.8,17.454,56.31,21.0
2026-05-12T20:10:15Z,232,33.0,19.0,37.0,19.1,43.7,17.502,56.587,22.0
2026-05-12T20:15:14Z,232,34.0,22.0,39.0,19.0,43.9,16.498,59.354,22.0
2026-05-12T20:19:48Z,232,30.0,19.0,35.0,18.7,44.4,16.463,59.337,22.0
2026-05-12T20:24:48Z,232,31.0,20.0,33.0,18.5,44.8,16.53,59.402,22.0
2026-05-12T20:25:22Z,232,30.0,20.0,33.0,18.5,44.7,16.567,59.015,20.0
2026-05-12T20:29:55Z,232,29.0,18.0,34.0,18.3,45.1,16.351,59.61,20.0
2026-05-12T20:34:55Z,232,29.0,18.0,33.0,18.2,45.4,16.781,58.374,20.0
2026-05-12T20:40:22Z,232,29.0,18.0,34.0,18.1,45.8,16.583,59.923,22.0
2026-05-28T17:48:55Z,232,3.0,2.0,3.0,18.1,49.5,22.351,46.165,19.0
2026-05-28T17:53:54Z,232,6.0,3.0,8.0,20.4,44.0,22.159,41.974,20.0
2026-05-28T17:55:00Z,232,7.0,2.0,8.0,20.6,43.4,22.287,42.404,18.0
2026-05-28T18:00:00Z,232,10.0,4.0,13.0,21.2,41.3,22.164,41.286,20.0
2026-05-28T18:04:33Z,232,3.0,0.0,3.0,21.6,42.0,22.594,43.216,20.0
2026-05-28T18:05:08Z,232,3.0,1.0,3.0,21.6,42.0,22.607,43.126,21.0
2026-05-28T18:06:08Z,232,2.0,1.0,3.0,21.8,42.0,22.736,43.817,19.0
2026-05-28T18:10:40Z,232,2.0,0.0,2.0,22.1,40.0,23.214,38.709,19.0
2026-05-28T18:15:40Z,232,0.0,0.0,0.0,22.3,37.4,22.004,38.757,19.0
2026-05-28T18:17:56Z,232,0.0,0.0,0.0,22.3,37.2,21.748,38.884,28.0
2026-05-29T17:56:29Z,232,11.0,7.0,11.0,15.9,54.9,21.945,40.326,27.0
2026-05-29T17:57:11Z,232,30.0,17.0,32.0,16.8,51.1,22.121,37.984,26.0
2026-05-29T17:57:41Z,232,29.0,15.0,29.0,17.1,49.2,22.196,37.608,26.0
2026-05-29T18:02:14Z,232,35.0,22.0,39.0,18.7,42.9,22.076,38.171,26.0
2026-05-29T18:07:14Z,232,34.0,21.0,40.0,19.5,40.5,21.614,38.982,26.0
2026-05-29T18:12:14Z,232,33.0,22.0,40.0,20.0,39.1,21.486,39.806,26.0
2026-05-29T18:17:14Z,232,34.0,20.0,40.0,20.3,38.3,21.384,40.239,26.0
2026-05-29T18:22:15Z,232,40.0,23.0,47.0,20.5,37.7,21.331,40.626,26.0
2026-05-29T18:27:15Z,232,38.0,24.0,48.0,20.6,37.1,21.296,40.935,26.0
2026-05-29T18:32:15Z,232,38.0,23.0,43.0,20.8,37.0,21.256,41.038,26.0
2026-05-29T18:32:23Z,232,38.0,22.0,44.0,20.8,36.8,21.256,41.135,20.0
2026-05-29T18:37:17Z,232,40.0,25.0,51.0,20.8,36.8,21.229,41.177,20.0
2026-05-29T18:42:17Z,232,42.0,27.0,50.0,20.9,36.7,21.243,41.375,20.0
2026-05-29T18:47:17Z,232,43.0,26.0,53.0,20.9,36.5,21.264,41.58,20.0
2026-05-29T18:52:17Z,232,42.0,26.0,52.0,21.0,36.3,21.229,41.562,20.0
2026-05-29T18:57:17Z,232,41.0,25.0,51.0,21.0,36.4,21.243,41.784,20.0
2026-05-29T19:02:17Z,232,40.0,25.0,49.0,21.0,36.1,21.262,41.827,20.0
2026-05-29T19:07:17Z,232,43.0,26.0,51.0,21.1,36.1,21.275,41.681,20.0
2026-05-29T19:12:17Z,232,41.0,25.0,49.0,21.1,36.0,21.227,41.637,20.0
2026-05-29T19:17:17Z,232,42.0,26.0,50.0,21.1,35.8,21.262,41.183,20.0
2026-05-29T19:22:17Z,232,43.0,27.0,52.0,21.1,35.4,21.286,40.557,20.0
2026-05-29T19:27:17Z,232,41.0,25.0,50.0,21.1,35.2,21.283,40.668,20.0
2026-05-29T19:32:17Z,232,40.0,25.0,52.0,21.1,35.1,21.286,40.46,20.0
2026-05-29T19:37:17Z,232,40.0,24.0,49.0,21.1,35.1,21.318,40.876,20.0
2026-05-29T19:42:17Z,232,42.0,25.0,50.0,21.1,35.1,21.294,40.49,20.0
2026-05-29T19:47:18Z,232,43.0,25.0,51.0,21.1,35.3,21.302,40.944,20.0
2026-05-29T19:52:17Z,232,42.0,25.0,53.0,21.1,35.1,21.288,40.548,20.0
2026-05-29T19:57:18Z,232,44.0,26.0,54.0,21.2,34.9,21.32,40.62,20.0
2026-05-29T20:02:17Z,232,40.0,25.0,49.0,21.2,34.9,21.32,40.616,20.0
2026-05-29T20:07:17Z,232,41.0,25.0,50.0,21.2,34.6,21.28,40.069,20.0
2026-05-29T20:12:17Z,232,44.0,27.0,53.0,21.1,34.6,21.272,40.235,20.0
2026-05-29T20:17:17Z,232,42.0,27.0,51.0,21.2,34.6,21.32,40.551,20.0
2026-05-29T20:22:18Z,232,45.0,27.0,53.0,21.2,34.7,21.315,40.313,20.0
2026-05-29T20:27:18Z,232,43.0,27.0,52.0,21.2,34.6,21.294,40.46,20.0
2026-05-29T20:32:18Z,232,45.0,28.0,55.0,21.2,34.3,21.27,39.85,20.0
2026-05-29T20:37:18Z,232,44.0,27.0,54.0,21.2,34.4,21.294,40.326,20.0
2026-05-29T20:42:18Z,232,45.0,28.0,53.0,21.2,34.5,21.331,40.115,20.0
2026-05-29T20:47:18Z,232,44.0,27.0,54.0,21.2,34.3,21.32,39.89,20.0
2026-05-29T20:52:18Z,232,43.0,27.0,52.0,21.2,34.2,21.31,39.909,20.0
2026-05-29T20:57:18Z,232,46.0,28.0,56.0,21.2,34.2,21.286,39.83,20.0
2026-05-29T21:02:17Z,232,44.0,27.0,53.0,21.2,34.1,21.294,39.83,20.0
2026-05-29T21:07:18Z,232,45.0,28.0,55.0,21.1,34.1,21.291,39.748,20.0
2026-05-29T21:12:17Z,232,43.0,28.0,53.0,21.2,34.0,21.283,39.762,20.0
2026-05-29T21:17:18Z,232,43.0,27.0,52.0,21.1,34.0,21.243,39.665,20.0
2026-05-29T21:22:18Z,232,44.0,28.0,53.0,21.2,33.9,21.243,39.693,20.0
2026-05-29T21:27:18Z,232,44.0,28.0,53.0,21.1,33.8,21.246,39.644,20.0
2026-05-29T21:32:18Z,232,44.0,27.0,54.0,21.1,33.9,21.254,39.621,20.0
2026-05-29T21:37:18Z,232,44.0,28.0,54.0,21.1,33.9,21.219,39.577,20.0
2026-05-29T21:42:18Z,232,44.0,28.0,55.0,21.1,33.8,21.227,39.651,20.0
2026-05-29T21:47:18Z,232,46.0,28.0,55.0,21.1,33.9,21.248,39.726,20.0
2026-05-29T21:52:18Z,232,43.0,27.0,54.0,21.1,34.0,21.213,40.05,20.0
2026-05-29T21:57:18Z,232,46.0,28.0,56.0,21.1,34.1,21.163,40.139,20.0
2026-05-29T22:02:17Z,232,47.0,29.0,57.0,21.1,34.0,21.144,40.216,20.0
2026-05-29T22:07:18Z,232,47.0,30.0,57.0,21.1,34.0,21.12,40.237,20.0
2026-05-29T22:12:18Z,232,47.0,29.0,57.0,21.0,34.0,21.083,40.267,20.0
2026-05-29T22:17:17Z,232,47.0,29.0,57.0,21.0,33.9,21.053,40.075,20.0
2026-05-29T22:22:18Z,232,47.0,29.0,57.0,21.0,33.9,21.04,39.93,20.0
2026-05-29T22:27:18Z,232,45.0,28.0,56.0,21.0,33.9,21.0,39.932,20.0
2026-05-29T22:32:17Z,232,46.0,28.0,56.0,21.0,33.8,20.965,39.733,20.0
2026-05-29T22:37:17Z,232,44.0,27.0,55.0,21.0,33.8,20.944,39.411,20.0
2026-05-29T22:42:18Z,232,44.0,27.0,54.0,20.9,33.6,20.914,39.401,20.0
2026-05-29T22:47:17Z,232,42.0,27.0,52.0,20.9,33.4,20.896,39.212,20.0
2026-05-29T22:52:17Z,232,42.0,27.0,52.0,20.9,33.2,20.877,39.003,20.0
2026-05-29T22:57:18Z,232,42.0,26.0,50.0,20.9,33.3,20.842,38.972,20.0
2026-05-29T23:02:17Z,232,42.0,27.0,50.0,20.9,32.9,20.837,38.379,20.0
2026-05-29T23:07:17Z,232,41.0,25.0,49.0,20.8,32.9,20.813,38.408,20.0
2026-05-29T23:12:17Z,232,41.0,26.0,49.0,20.8,32.7,20.789,38.177,20.0
2026-05-29T23:17:18Z,232,41.0,25.0,50.0,20.8,32.6,20.743,38.337,20.0
2026-05-29T23:22:17Z,232,40.0,25.0,48.0,20.8,32.8,20.757,38.347,20.0
2026-05-29T23:27:18Z,232,39.0,23.0,46.0,20.8,32.4,20.735,37.776,20.0
2026-05-29T23:32:18Z,232,40.0,24.0,47.0,20.7,32.6,20.722,37.833,20.0
2026-05-29T23:37:17Z,232,36.0,24.0,45.0,20.7,32.6,20.693,37.851,20.0
2026-05-29T23:42:17Z,232,40.0,24.0,48.0,20.7,32.4,20.679,37.557,20.0
2026-05-29T23:47:18Z,232,36.0,23.0,43.0,20.7,32.2,20.703,37.379,20.0
2026-05-29T23:52:18Z,232,33.0,22.0,36.0,20.6,31.6,20.661,36.439,20.0
2026-05-29T23:57:18Z,232,31.0,19.0,36.0,20.6,31.2,20.61,35.913,20.0
2026-05-30T00:02:18Z,232,33.0,21.0,37.0,20.6,31.2,20.586,36.008,20.0
2026-05-30T00:07:18Z,232,31.0,20.0,33.0,20.6,31.2,20.583,35.714,20.0
2026-05-30T00:12:18Z,232,32.0,20.0,33.0,20.6,31.0,20.554,35.434,20.0
2026-05-30T00:17:18Z,232,27.0,19.0,29.0,20.5,30.8,20.527,35.148,20.0
2026-05-30T00:22:18Z,232,26.0,16.0,27.0,20.6,30.6,20.514,34.717,20.0
2026-05-30T00:27:18Z,232,28.0,19.0,30.0,20.5,30.3,20.5,34.608,20.0
2026-05-30T00:32:18Z,232,26.0,14.0,28.0,20.5,30.1,20.468,34.116,20.0
2026-05-30T00:37:18Z,232,28.0,14.0,29.0,20.5,29.9,20.434,33.923,20.0
2026-05-30T00:42:18Z,232,24.0,15.0,25.0,20.5,29.8,20.431,33.607,20.0
2026-05-30T00:47:18Z,232,26.0,16.0,28.0,20.5,29.6,20.439,33.248,20.0
2026-05-30T00:52:18Z,232,26.0,14.0,27.0,20.5,29.4,20.41,33.115,20.0
2026-05-30T00:57:18Z,232,26.0,14.0,27.0,20.4,29.3,20.415,32.68,20.0
2026-05-30T01:02:18Z,232,25.0,12.0,26.0,20.4,29.0,20.391,32.399,20.0
2026-05-30T01:07:18Z,232,22.0,11.0,24.0,20.4,28.7,20.346,32.146,20.0
2026-05-30T01:12:18Z,232,22.0,10.0,23.0,20.4,28.7,20.354,31.871,20.0
2026-05-30T01:17:18Z,232,24.0,12.0,25.0,20.4,28.5,20.335,31.627,20.0
2026-05-30T01:22:18Z,232,22.0,12.0,24.0,20.3,28.4,20.314,31.009,20.0
2026-05-30T01:27:18Z,232,23.0,11.0,24.0,20.3,28.4,20.29,31.549,20.0
2026-05-30T01:32:18Z,232,19.0,7.0,21.0,20.3,28.2,20.292,31.428,20.0
2026-05-30T01:37:18Z,232,19.0,7.0,19.0,20.3,28.1,20.252,31.224,20.0
2026-05-30T01:42:18Z,232,20.0,7.0,22.0,20.3,28.0,20.217,31.215,20.0
2026-05-30T01:47:18Z,232,18.0,7.0,20.0,20.2,28.0,20.196,31.139,20.0
2026-05-30T01:52:18Z,232,11.0,5.0,15.0,20.3,27.9,20.199,30.879,20.0
2026-05-30T01:57:18Z,232,14.0,6.0,16.0,20.2,27.8,20.159,30.715,20.0
2026-05-30T02:02:18Z,232,9.0,6.0,14.0,20.2,27.7,20.161,30.696,20.0
2026-05-30T02:07:18Z,232,8.0,4.0,8.0,20.2,27.6,20.132,30.675,20.0
2026-05-30T02:12:18Z,232,12.0,5.0,13.0,20.2,27.5,20.1,30.545,20.0
2026-05-30T02:17:18Z,232,8.0,5.0,9.0,20.2,27.5,20.124,30.452,20.0
2026-05-30T02:22:18Z,232,6.0,3.0,7.0,20.2,27.3,20.084,30.288,20.0
2026-05-30T02:27:18Z,232,7.0,3.0,8.0,20.1,27.2,20.071,30.393,20.0
2026-05-30T02:32:18Z,232,7.0,2.0,7.0,20.1,27.3,20.057,30.103,20.0
2026-05-30T02:37:18Z,232,5.0,1.0,5.0,20.1,27.2,20.052,29.937,20.0
2026-05-30T02:42:18Z,232,5.0,2.0,5.0,20.1,27.2,20.023,30.067,20.0
2026-05-30T02:47:18Z,232,4.0,1.0,4.0,20.1,27.0,20.031,29.916,20.0
2026-05-30T02:52:18Z,232,4.0,1.0,5.0,20.1,26.9,19.996,29.939,20.0
2026-05-30T02:57:18Z,232,4.0,2.0,5.0,20.1,26.9,19.972,29.811,20.0
2026-05-30T03:02:18Z,232,3.0,0.0,3.0,20.1,26.8,19.95,29.679,20.0
2026-05-30T03:07:19Z,232,5.0,3.0,5.0,20.1,26.9,19.953,29.533,20.0
2026-05-30T03:12:18Z,232,4.0,2.0,5.0,20.1,26.7,19.929,29.491,20.0
2026-05-30T03:17:19Z,232,4.0,1.0,5.0,20.0,26.7,19.926,29.475,20.0
2026-05-30T03:22:19Z,232,2.0,0.0,2.0,20.0,26.7,19.918,29.439,20.0
2026-05-30T03:27:18Z,232,4.0,0.0,4.0,20.0,26.7,19.908,29.367,20.0
2026-05-30T03:32:18Z,232,4.0,0.0,4.0,20.0,26.7,19.884,29.37,20.0
2026-05-30T03:37:18Z,232,4.0,0.0,4.0,20.0,26.4,19.881,29.374,20.0
2026-05-30T03:42:18Z,232,2.0,0.0,3.0,20.0,26.5,19.868,29.248,20.0
2026-05-30T03:47:18Z,232,3.0,1.0,3.0,19.9,26.5,19.854,29.143,20.0
2026-05-30T03:52:18Z,232,1.0,0.0,1.0,19.9,26.5,19.833,29.132,20.0
2026-05-30T03:57:18Z,232,1.0,0.0,1.0,20.0,26.4,19.83,29.042,20.0
2026-05-30T04:02:18Z,232,2.0,0.0,2.0,19.9,26.3,19.828,28.937,20.0
2026-05-30T04:07:18Z,232,1.0,0.0,3.0,19.9,26.2,19.809,28.869,20.0
2026-05-30T04:12:18Z,232,1.0,0.0,1.0,19.9,26.3,19.79,28.802,20.0
2026-05-30T04:17:18Z,232,1.0,0.0,2.0,19.9,26.1,19.774,28.659,20.0
2026-05-30T04:22:19Z,232,1.0,0.0,2.0,19.9,26.2,19.761,28.586,20.0
2026-05-30T04:27:18Z,232,0.0,0.0,0.0,19.9,25.9,19.774,28.426,20.0
2026-05-30T04:32:18Z,232,0.0,0.0,0.0,19.9,25.9,19.745,28.306,20.0
2026-05-30T04:37:19Z,232,1.0,0.0,1.0,19.9,25.8,19.731,28.3,20.0
2026-05-30T04:42:18Z,232,0.0,0.0,0.0,19.9,25.8,19.737,28.197,20.0
2026-05-30T04:47:18Z,232,0.0,0.0,0.0,19.9,26.0,19.729,28.194,20.0
2026-05-30T04:52:18Z,232,0.0,0.0,0.0,19.9,25.8,19.699,28.062,20.0
2026-05-30T04:57:19Z,232,0.0,0.0,0.0,19.9,25.5,19.729,27.867,20.0
2026-05-30T05:02:18Z,232,0.0,0.0,0.0,19.8,25.4,19.694,27.804,20.0
2026-05-30T05:07:18Z,232,0.0,0.0,0.0,19.8,25.6,19.683,27.743,20.0
2026-05-30T05:12:19Z,232,0.0,0.0,0.0,19.8,25.4,19.681,27.764,20.0
2026-05-30T05:17:19Z,232,0.0,0.0,0.0,19.8,25.3,19.683,27.665,20.0
2026-05-30T05:22:18Z,232,0.0,0.0,0.0,19.8,25.2,19.654,27.65,20.0
2026-05-30T05:27:18Z,232,0.0,0.0,0.0,19.8,25.3,19.667,27.684,20.0
2026-05-30T05:32:19Z,232,0.0,0.0,0.0,19.8,25.2,19.651,27.56,20.0
2026-05-30T05:37:18Z,232,0.0,0.0,0.0,19.8,25.1,19.633,27.495,20.0
2026-05-30T05:42:18Z,232,1.0,0.0,1.0,19.8,25.1,19.641,27.4,20.0
2026-05-30T05:47:19Z,232,0.0,0.0,0.0,19.8,25.2,19.627,27.349,20.0
2026-05-30T05:52:19Z,232,0.0,0.0,0.0,19.8,25.0,19.625,27.33,20.0
2026-05-30T05:57:18Z,232,0.0,0.0,0.0,19.7,25.2,19.619,27.186,20.0
2026-05-30T06:02:18Z,232,0.0,0.0,0.0,19.7,24.9,19.59,27.154,20.0
2026-05-30T06:07:18Z,232,0.0,0.0,0.0,19.8,24.9,19.603,27.116,20.0
2026-05-30T06:12:19Z,232,0.0,0.0,0.0,19.8,25.0,19.59,27.026,20.0
2026-05-30T06:17:18Z,232,0.0,0.0,0.0,19.7,25.0,19.571,27.064,20.0
2026-05-30T06:22:18Z,232,0.0,0.0,0.0,19.7,24.9,19.571,27.021,20.0
2026-05-30T06:27:18Z,232,0.0,0.0,0.0,19.7,24.9,19.579,26.994,20.0
2026-05-30T06:32:19Z,232,0.0,0.0,0.0,19.7,24.7,19.561,27.011,20.0
2026-05-30T06:37:19Z,232,0.0,0.0,0.0,19.7,24.7,19.553,26.921,20.0
2026-05-30T06:42:19Z,232,0.0,0.0,0.0,19.7,24.8,19.55,26.891,20.0
2026-05-30T06:47:19Z,232,0.0,0.0,0.0,19.7,24.8,19.55,26.986,20.0
2026-05-30T06:52:19Z,232,0.0,0.0,0.0,19.7,24.7,19.553,26.807,20.0
2026-05-30T06:57:19Z,232,0.0,0.0,0.0,19.7,24.7,19.539,26.866,20.0
2026-05-30T07:02:19Z,232,0.0,0.0,0.0,19.7,24.9,19.526,26.78,20.0
2026-05-30T07:07:19Z,232,0.0,0.0,0.0,19.7,24.7,19.523,26.832,20.0
2026-05-30T07:12:19Z,232,0.0,0.0,0.0,19.7,24.7,19.507,26.784,20.0
2026-05-30T07:17:19Z,232,0.0,0.0,0.0,19.6,24.6,19.515,26.74,20.0
2026-05-30T07:22:19Z,232,0.0,0.0,0.0,19.7,24.6,19.507,26.685,20.0
2026-05-30T07:27:19Z,232,0.0,0.0,0.0,19.7,24.5,19.478,26.635,20.0
2026-05-30T07:32:19Z,232,0.0,0.0,0.0,19.7,24.5,19.486,26.662,20.0
2026-05-30T07:37:19Z,232,0.0,0.0,0.0,19.7,24.5,19.486,26.612,20.0
2026-05-30T07:42:19Z,232,0.0,0.0,0.0,19.6,24.5,19.478,26.601,20.0
2026-05-30T07:47:19Z,232,0.0,0.0,0.0,19.7,24.4,19.464,26.618,20.0
2026-05-30T07:52:19Z,232,0.0,0.0,0.0,19.7,24.4,19.472,26.403,20.0
2026-05-30T07:57:19Z,232,0.0,0.0,0.0,19.6,24.4,19.448,26.425,20.0
2026-05-30T08:02:19Z,232,0.0,0.0,0.0,19.6,24.3,19.459,26.41,20.0
2026-05-30T08:07:19Z,232,0.0,0.0,0.0,19.7,24.3,19.462,26.452,20.0
2026-05-30T08:12:19Z,232,0.0,0.0,0.0,19.6,24.3,19.454,26.332,20.0
2026-05-30T08:17:19Z,232,0.0,0.0,0.0,19.6,24.3,19.462,26.235,20.0
2026-05-30T08:22:19Z,232,0.0,0.0,0.0,19.6,24.2,19.454,26.177,20.0
2026-05-30T08:27:19Z,232,0.0,0.0,0.0,19.6,24.2,19.427,26.2,20.0
2026-05-30T08:32:19Z,232,0.0,0.0,0.0,19.6,24.1,19.424,26.057,20.0
2026-05-30T08:37:19Z,232,0.0,0.0,0.0,19.6,24.2,19.416,26.162,20.0
2026-05-30T08:42:19Z,232,0.0,0.0,0.0,19.6,24.1,19.424,26.122,20.0
2026-05-30T08:47:19Z,232,0.0,0.0,0.0,19.6,24.1,19.416,26.099,20.0
2026-05-30T08:52:19Z,232,0.0,0.0,0.0,19.6,24.3,19.411,26.166,20.0
2026-05-30T08:57:19Z,232,0.0,0.0,0.0,19.6,24.2,19.424,26.28,20.0
2026-05-30T09:02:19Z,232,0.0,0.0,0.0,19.6,24.2,19.395,26.231,20.0
2026-05-30T09:07:19Z,232,0.0,0.0,0.0,19.6,24.2,19.414,26.21,20.0
2026-05-30T09:12:19Z,232,0.0,0.0,0.0,19.6,24.1,19.39,26.28,20.0
2026-05-30T09:17:19Z,232,0.0,0.0,0.0,19.6,24.0,19.39,26.246,20.0
2026-05-30T09:22:19Z,232,0.0,0.0,0.0,19.6,24.2,19.387,26.176,20.0
2026-05-30T09:27:19Z,232,0.0,0.0,0.0,19.6,24.0,19.342,26.223,20.0
2026-05-30T09:32:19Z,232,0.0,0.0,0.0,19.6,24.1,19.382,26.153,20.0
2026-05-30T09:37:19Z,232,0.0,0.0,0.0,19.6,24.1,19.374,26.048,20.0
2026-05-30T09:42:19Z,232,0.0,0.0,0.0,19.6,24.1,19.374,26.094,20.0
2026-05-30T09:47:19Z,232,0.0,0.0,0.0,19.6,24.0,19.344,26.0,20.0
2026-05-30T09:52:19Z,232,0.0,0.0,0.0,19.6,23.9,19.352,25.947,20.0
2026-05-30T09:57:19Z,232,0.0,0.0,0.0,19.5,24.1,19.339,25.943,20.0
2026-05-30T10:02:19Z,232,0.0,0.0,0.0,19.5,23.9,19.342,25.863,20.0
2026-05-30T10:07:19Z,232,0.0,0.0,0.0,19.5,24.0,19.331,25.901,20.0
2026-05-30T10:12:19Z,232,0.0,0.0,0.0,19.6,23.9,19.371,25.962,20.0
2026-05-30T10:17:19Z,232,0.0,0.0,0.0,19.5,23.9,19.342,25.88,20.0
2026-05-30T10:22:19Z,232,0.0,0.0,0.0,19.5,23.8,19.339,25.842,20.0
2026-05-30T10:27:19Z,232,0.0,0.0,0.0,19.5,23.9,19.336,25.817,20.0
2026-05-30T10:32:19Z,232,0.0,0.0,0.0,19.6,23.8,19.323,25.804,20.0
2026-05-30T10:37:19Z,232,0.0,0.0,0.0,19.5,23.7,19.323,25.828,20.0
2026-05-30T10:42:19Z,232,0.0,0.0,0.0,19.5,23.9,19.331,25.838,20.0
2026-05-30T10:47:19Z,232,0.0,0.0,0.0,19.5,23.8,19.323,25.775,20.0
2026-05-30T10:52:19Z,232,0.0,0.0,0.0,19.5,23.7,19.326,25.746,20.0
2026-05-30T10:57:19Z,232,0.0,0.0,0.0,19.5,23.7,19.291,25.777,20.0
2026-05-30T11:02:19Z,232,0.0,0.0,0.0,19.5,23.7,19.307,25.741,20.0
2026-05-30T11:07:19Z,232,0.0,0.0,0.0,19.5,23.8,19.299,25.75,20.0
2026-05-30T11:12:19Z,232,0.0,0.0,0.0,19.5,23.9,19.275,25.661,20.0
2026-05-30T11:17:20Z,232,0.0,0.0,0.0,19.5,23.7,19.315,25.67,20.0
2026-05-30T11:22:19Z,232,0.0,0.0,0.0,19.5,23.7,19.296,25.609,20.0
2026-05-30T11:27:19Z,232,0.0,0.0,0.0,19.5,23.7,19.296,25.594,20.0
2026-05-30T11:32:19Z,232,0.0,0.0,0.0,19.5,23.6,19.288,25.575,20.0
2026-05-30T11:37:19Z,232,0.0,0.0,0.0,19.5,23.7,19.275,25.537,20.0
2026-05-30T11:42:19Z,232,0.0,0.0,0.0,19.5,23.7,19.277,25.554,20.0
2026-05-30T11:47:19Z,232,0.0,0.0,0.0,19.5,23.5,19.275,25.527,20.0
2026-05-30T11:52:19Z,232,0.0,0.0,0.0,19.5,23.6,19.285,25.592,20.0
2026-05-30T11:57:19Z,232,0.0,0.0,0.0,19.5,23.7,19.248,25.584,20.0
2026-05-30T12:02:19Z,232,0.0,0.0,0.0,19.5,23.6,19.253,25.573,20.0
2026-05-30T12:07:19Z,232,0.0,0.0,0.0,19.5,23.5,19.253,25.47,20.0
2026-05-30T12:12:19Z,232,0.0,0.0,0.0,19.5,23.5,19.248,25.483,20.0
2026-05-30T12:17:19Z,232,0.0,0.0,0.0,19.5,23.6,19.235,25.458,20.0
2026-05-30T12:22:19Z,232,0.0,0.0,0.0,19.5,23.5,19.248,25.42,20.0
2026-05-30T12:27:19Z,232,0.0,0.0,0.0,19.5,23.6,19.248,25.415,20.0
2026-05-30T12:32:19Z,232,0.0,0.0,0.0,19.4,23.5,19.232,25.409,20.0
2026-05-30T12:37:19Z,232,0.0,0.0,0.0,19.5,23.3,19.232,25.403,20.0
2026-05-30T12:42:19Z,232,0.0,0.0,0.0,19.5,23.5,19.24,25.374,20.0
2026-05-30T12:47:19Z,232,0.0,0.0,0.0,19.5,23.6,19.227,25.409,20.0
2026-05-30T12:52:19Z,232,0.0,0.0,0.0,19.4,23.7,19.248,25.47,20.0
2026-05-30T12:57:19Z,232,0.0,0.0,0.0,19.5,23.6,19.248,25.479,20.0
2026-05-30T13:02:19Z,232,0.0,0.0,0.0,19.5,23.7,19.243,25.622,20.0
2026-05-30T13:07:19Z,232,0.0,0.0,0.0,19.5,23.6,19.256,25.601,20.0
2026-05-30T13:12:19Z,232,0.0,0.0,0.0,19.5,23.6,19.243,25.775,20.0
2026-05-30T13:17:19Z,232,0.0,0.0,0.0,19.5,23.7,19.261,25.918,20.0
2026-05-30T13:22:19Z,232,0.0,0.0,0.0,19.5,23.8,19.285,26.128,20.0
2026-05-30T13:27:19Z,232,0.0,0.0,0.0,19.5,23.9,19.326,26.256,20.0
2026-05-30T13:32:19Z,232,0.0,0.0,0.0,19.5,24.1,19.334,26.326,20.0
2026-05-30T13:37:19Z,232,0.0,0.0,0.0,19.5,24.1,19.363,26.382,20.0
2026-05-30T13:42:20Z,232,0.0,0.0,0.0,19.6,24.2,19.371,26.568,20.0
2026-05-30T13:47:19Z,232,0.0,0.0,0.0,19.6,24.3,19.387,26.696,20.0
2026-05-30T13:52:20Z,232,0.0,0.0,0.0,19.6,24.3,19.451,26.792,20.0
2026-05-30T13:57:19Z,232,0.0,0.0,1.0,19.6,24.3,19.478,26.837,20.0
2026-05-30T14:02:19Z,232,0.0,0.0,0.0,19.7,24.3,19.523,26.91,20.0
2026-05-30T14:07:20Z,232,1.0,0.0,1.0,19.6,24.4,19.526,26.868,20.0
2026-05-30T14:12:20Z,232,3.0,0.0,3.0,19.7,24.4,19.553,26.923,20.0
2026-05-30T14:17:20Z,232,2.0,0.0,4.0,19.7,24.4,19.595,26.939,20.0
2026-05-30T14:22:20Z,232,2.0,1.0,4.0,19.7,24.5,19.622,27.03,20.0
2026-05-30T14:27:20Z,232,5.0,0.0,5.0,19.7,24.5,19.678,27.059,20.0
2026-05-30T14:32:20Z,232,3.0,0.0,4.0,19.8,24.6,19.691,27.085,20.0
2026-05-30T14:37:20Z,232,2.0,0.0,3.0,19.8,24.5,19.729,27.183,20.0
2026-05-30T14:42:20Z,232,2.0,0.0,4.0,19.9,24.5,19.771,27.194,20.0
2026-05-30T14:47:20Z,232,3.0,1.0,3.0,19.9,24.6,19.793,27.366,20.0
2026-05-30T14:52:20Z,232,3.0,0.0,4.0,19.9,24.6,19.87,27.495,20.0
2026-05-30T14:57:20Z,232,5.0,1.0,6.0,19.9,24.8,19.884,27.528,20.0
2026-05-30T15:02:20Z,232,3.0,1.0,5.0,20.0,24.7,19.916,27.463,20.0
2026-05-30T15:07:20Z,232,2.0,0.0,3.0,20.0,24.8,19.964,27.433,20.0
2026-05-30T15:12:20Z,232,4.0,1.0,5.0,20.0,24.9,20.023,27.646,20.0
2026-05-30T15:17:20Z,232,4.0,1.0,4.0,20.0,24.8,20.036,27.57,20.0
2026-05-30T15:22:20Z,232,1.0,0.0,4.0,20.1,25.0,20.092,27.73,20.0
2026-05-30T15:27:20Z,232,3.0,0.0,3.0,20.1,24.8,20.124,27.703,20.0
2026-05-30T15:32:20Z,232,0.0,0.0,2.0,20.2,25.0,20.145,27.658,20.0
2026-05-30T15:37:20Z,232,0.0,0.0,2.0,20.2,24.9,20.196,27.719,20.0
2026-05-30T15:42:20Z,232,2.0,0.0,3.0,20.2,24.9,20.209,27.656,20.0
2026-05-30T15:47:20Z,232,1.0,0.0,2.0,20.3,25.0,20.266,27.667,20.0
2026-05-30T15:52:20Z,232,0.0,0.0,0.0,20.3,24.8,20.308,27.537,20.0
2026-05-30T15:57:20Z,232,0.0,0.0,0.0,20.4,24.7,20.322,27.608,20.0
2026-05-30T16:02:20Z,232,0.0,0.0,0.0,20.4,24.8,20.378,27.476,20.0
2026-05-30T16:07:20Z,232,0.0,0.0,0.0,20.4,24.7,20.391,27.444,20.0
2026-05-30T16:12:20Z,232,1.0,0.0,1.0,20.4,24.8,20.41,27.52,20.0
2026-05-30T16:17:20Z,232,0.0,0.0,0.0,20.5,24.7,20.458,27.44,20.0
2026-05-30T16:22:20Z,232,0.0,0.0,0.0,20.5,24.8,20.482,27.419,20.0
2026-05-30T16:27:20Z,232,0.0,0.0,0.0,20.5,24.7,20.527,27.494,20.0
2026-05-30T16:32:20Z,232,0.0,0.0,0.0,20.6,24.7,20.557,27.532,20.0
2026-05-30T16:37:20Z,232,0.0,0.0,0.0,20.6,24.7,20.559,27.511,20.0
2026-05-30T16:42:20Z,232,2.0,0.0,2.0,20.6,24.8,20.621,27.618,20.0
2026-05-30T16:47:20Z,232,1.0,0.0,1.0,20.6,24.8,20.642,27.711,20.0
2026-05-30T16:52:20Z,232,0.0,0.0,0.0,20.7,24.9,20.677,27.753,20.0
2026-05-30T16:57:20Z,232,2.0,0.0,2.0,20.7,24.8,20.695,27.734,20.0
2026-05-30T17:02:20Z,232,0.0,0.0,1.0,20.7,24.8,20.719,27.705,20.0
2026-05-30T17:07:20Z,232,1.0,0.0,1.0,20.7,24.9,20.76,27.679,20.0
2026-05-30T17:12:20Z,232,1.0,0.0,1.0,20.8,24.9,20.813,27.633,20.0
2026-05-30T17:17:20Z,232,2.0,1.0,2.0,20.8,24.7,20.832,27.616,20.0
2026-05-30T17:22:20Z,232,2.0,0.0,2.0,20.8,24.9,20.882,27.625,20.0
2026-05-30T17:27:20Z,232,1.0,0.0,2.0,20.8,24.8,20.917,27.53,20.0
2026-05-30T17:32:20Z,232,1.0,0.0,2.0,20.9,24.7,20.93,27.595,20.0
2026-05-30T17:37:20Z,232,2.0,0.0,2.0,20.9,24.8,20.968,27.618,20.0
2026-05-30T17:42:20Z,232,2.0,0.0,3.0,20.9,24.8,20.997,27.539,20.0
2026-05-30T17:47:20Z,232,2.0,0.0,2.0,20.9,24.6,20.989,27.522,20.0
2026-05-30T17:52:20Z,232,1.0,0.0,1.0,21.0,24.8,21.013,27.528,20.0
2026-05-30T17:57:20Z,232,2.0,0.0,3.0,20.9,24.7,21.021,27.501,20.0
2026-05-30T18:02:21Z,232,2.0,0.0,2.0,21.0,24.7,21.027,27.555,20.0
2026-05-30T18:07:20Z,232,1.0,0.0,3.0,20.9,24.8,21.003,27.56,20.0
2026-05-30T18:12:20Z,232,2.0,0.0,3.0,21.0,24.7,21.011,27.627,20.0
2026-05-30T18:17:21Z,232,2.0,0.0,2.0,21.0,24.8,21.013,27.604,20.0
2026-05-30T18:22:20Z,232,2.0,1.0,2.0,21.0,24.8,20.989,27.648,20.0
2026-05-30T18:27:21Z,232,3.0,0.0,3.0,21.0,24.9,21.011,27.774,20.0
2026-05-30T18:32:20Z,232,3.0,0.0,4.0,21.0,24.6,20.992,27.665,20.0
2026-05-30T18:37:21Z,232,5.0,2.0,5.0,21.0,24.7,20.957,27.635,20.0
2026-05-30T18:42:20Z,232,4.0,2.0,6.0,20.9,24.8,20.97,27.818,20.0
2026-05-30T18:47:20Z,232,5.0,1.0,5.0,21.0,24.6,20.962,27.74,20.0
2026-05-30T18:52:20Z,232,5.0,2.0,7.0,21.0,24.7,20.952,27.78,20.0
2026-05-30T18:57:20Z,232,5.0,2.0,5.0,21.0,25.0,20.976,27.801,20.0
2026-05-30T19:02:20Z,232,5.0,4.0,6.0,21.0,24.8,20.978,27.9,20.0
2026-05-30T19:07:20Z,232,4.0,2.0,5.0,21.0,24.9,20.984,27.795,20.0
2026-05-30T19:12:20Z,232,5.0,1.0,5.0,21.0,24.9,21.013,27.928,20.0
2026-05-30T19:17:20Z,232,6.0,2.0,6.0,21.0,24.9,20.989,28.037,20.0
2026-05-30T19:22:20Z,232,5.0,3.0,6.0,20.9,24.9,21.003,28.037,20.0
2026-05-30T19:27:20Z,232,8.0,5.0,9.0,21.0,25.0,20.989,28.121,20.0
2026-05-30T19:32:21Z,232,8.0,3.0,10.0,21.0,25.0,21.016,28.138,20.0
2026-05-30T19:37:21Z,232,10.0,3.0,10.0,21.0,25.0,21.003,28.197,20.0
2026-05-30T19:42:21Z,232,9.0,5.0,9.0,21.0,25.0,21.005,28.154,20.0
2026-05-30T19:47:20Z,232,11.0,6.0,11.0,21.0,25.2,20.997,28.335,20.0
2026-05-30T19:52:21Z,232,9.0,6.0,9.0,20.9,25.2,20.984,28.304,20.0
2026-05-30T19:57:20Z,232,10.0,4.0,13.0,20.9,25.2,20.989,28.382,20.0
2026-05-30T20:02:20Z,232,16.0,7.0,18.0,20.9,25.4,21.003,28.329,20.0
2026-05-30T20:07:21Z,232,19.0,7.0,21.0,20.9,25.1,21.011,28.394,20.0
2026-05-30T20:12:21Z,232,19.0,8.0,22.0,21.0,25.2,20.997,28.344,20.0
2026-05-30T20:17:20Z,232,19.0,7.0,19.0,21.0,25.1,20.978,28.35,20.0
2026-05-30T20:22:21Z,232,17.0,6.0,17.0,20.9,25.1,20.995,28.373,20.0
2026-05-30T20:27:20Z,232,19.0,7.0,22.0,20.9,25.1,20.976,28.277,20.0
2026-05-30T20:32:20Z,232,18.0,7.0,19.0,21.0,25.2,20.984,28.356,20.0
2026-05-30T20:37:22Z,232,18.0,7.0,19.0,21.0,25.1,20.992,28.356,20.0
2026-05-30T20:42:20Z,232,18.0,6.0,18.0,20.9,25.3,20.957,28.386,20.0
2026-05-30T20:47:20Z,232,17.0,7.0,18.0,20.9,25.2,20.962,28.396,20.0
2026-05-30T20:52:20Z,232,18.0,8.0,18.0,20.9,25.2,20.954,28.354,20.0
2026-05-30T20:57:21Z,232,19.0,8.0,22.0,20.9,25.2,20.941,28.501,20.0
2026-05-30T21:02:21Z,232,22.0,8.0,23.0,20.9,25.3,20.944,28.386,20.0
2026-05-30T21:07:21Z,232,19.0,8.0,20.0,20.9,25.2,20.957,28.503,20.0
2026-05-30T21:12:20Z,232,21.0,10.0,23.0,20.9,25.3,20.93,28.55,20.0
2026-05-30T21:17:21Z,232,23.0,11.0,23.0,20.9,25.3,20.949,28.533,20.0
2026-05-30T21:22:20Z,232,23.0,9.0,25.0,20.9,25.2,20.909,28.636,20.0
2026-05-30T21:27:21Z,232,22.0,10.0,22.0,20.9,25.4,20.912,28.636,20.0
2026-05-30T21:32:20Z,232,24.0,12.0,27.0,20.9,25.5,20.909,28.686,20.0
2026-05-30T21:37:20Z,232,26.0,16.0,28.0,20.9,25.4,20.914,28.775,20.0
2026-05-30T21:42:21Z,232,28.0,17.0,29.0,20.9,25.5,20.901,28.857,20.0
2026-05-30T21:47:21Z,232,26.0,15.0,28.0,20.9,25.5,20.877,28.894,20.0
2026-05-30T21:52:20Z,232,29.0,19.0,30.0,20.8,25.8,20.869,29.086,20.0
2026-05-30T21:57:21Z,232,28.0,21.0,31.0,20.8,25.8,20.872,29.166,20.0
2026-05-30T22:02:20Z,232,29.0,19.0,31.0,20.8,25.9,20.866,29.227,20.0
2026-05-30T22:07:21Z,232,29.0,20.0,30.0,20.8,25.7,20.877,29.309,20.0
2026-05-30T22:12:21Z,232,32.0,21.0,34.0,20.8,25.9,20.858,29.353,20.0
2026-05-30T22:17:21Z,232,31.0,20.0,34.0,20.8,26.0,20.834,29.472,20.0
2026-05-30T22:22:21Z,232,32.0,22.0,35.0,20.8,26.0,20.861,29.542,20.0
2026-05-30T22:27:21Z,232,33.0,20.0,40.0,20.8,26.0,20.834,29.613,20.0
2026-05-30T22:32:21Z,232,34.0,22.0,38.0,20.8,26.1,20.834,29.689,20.0
2026-05-30T22:37:21Z,232,33.0,20.0,38.0,20.8,26.1,20.816,29.815,20.0
2026-05-30T22:42:21Z,232,34.0,21.0,39.0,20.8,26.2,20.824,29.834,20.0
2026-05-30T22:47:21Z,232,32.0,20.0,38.0,20.8,26.3,20.802,29.895,20.0
2026-05-30T22:52:21Z,232,33.0,22.0,37.0,20.8,26.3,20.797,29.967,20.0
2026-05-30T22:57:21Z,232,33.0,23.0,39.0,20.8,26.3,20.786,29.966,20.0
2026-05-30T23:02:21Z,232,33.0,22.0,38.0,20.7,26.3,20.789,29.843,20.0
2026-05-30T23:07:21Z,232,35.0,22.0,41.0,20.7,26.4,20.77,30.021,20.0
2026-05-30T23:12:21Z,232,33.0,22.0,38.0,20.7,26.3,20.749,29.897,20.0
2026-05-30T23:17:21Z,232,34.0,22.0,38.0,20.7,26.2,20.754,29.876,20.0
2026-05-30T23:22:21Z,232,32.0,21.0,36.0,20.7,26.3,20.743,29.8,20.0
2026-05-30T23:27:21Z,232,34.0,22.0,40.0,20.7,26.3,20.757,29.784,20.0
2026-05-30T23:32:21Z,232,35.0,22.0,38.0,20.7,26.3,20.722,29.723,20.0
2026-05-30T23:37:21Z,232,33.0,21.0,36.0,20.7,26.3,20.722,29.702,20.0
2026-05-30T23:42:21Z,232,33.0,22.0,35.0,20.7,26.1,20.706,29.626,20.0
2026-05-30T23:47:21Z,232,32.0,23.0,37.0,20.7,26.3,20.711,29.58,20.0
2026-05-30T23:52:21Z,232,32.0,20.0,35.0,20.7,26.2,20.725,29.527,20.0
2026-05-30T23:57:21Z,232,32.0,21.0,35.0,20.6,26.2,20.711,29.479,20.0
2026-05-31T00:02:21Z,232,31.0,20.0,34.0,20.6,26.2,20.701,29.5,20.0
2026-05-31T00:07:21Z,232,33.0,21.0,37.0,20.6,26.1,20.701,29.555,20.0
2026-05-31T00:12:21Z,232,29.0,20.0,33.0,20.6,26.2,20.658,29.554,20.0
2026-05-31T00:17:21Z,232,33.0,21.0,38.0,20.6,26.1,20.666,29.338,20.0
2026-05-31T00:22:21Z,232,32.0,21.0,37.0,20.6,26.1,20.658,29.502,20.0
2026-05-31T00:27:21Z,232,33.0,21.0,37.0,20.6,26.0,20.647,29.376,20.0
2026-05-31T00:32:21Z,232,30.0,21.0,33.0,20.6,26.1,20.637,29.441,20.0
2026-05-31T00:37:21Z,232,33.0,22.0,37.0,20.6,26.0,20.631,29.369,20.0
2026-05-31T00:42:21Z,232,32.0,19.0,34.0,20.6,26.0,20.639,29.481,20.0
2026-05-31T00:47:21Z,232,30.0,21.0,34.0,20.6,26.0,20.61,29.346,20.0
2026-05-31T00:52:21Z,232,29.0,19.0,32.0,20.6,25.9,20.605,29.521,20.0
2026-05-31T00:57:21Z,232,30.0,20.0,34.0,20.6,26.1,20.61,29.349,20.0
2026-05-31T01:02:21Z,232,30.0,19.0,34.0,20.6,26.0,20.594,29.422,20.0
2026-05-31T01:07:21Z,232,30.0,20.0,33.0,20.6,26.2,20.575,29.533,20.0
2026-05-31T01:12:21Z,232,27.0,17.0,28.0,20.6,26.0,20.562,29.584,20.0
2026-05-31T01:17:21Z,232,29.0,18.0,30.0,20.6,26.1,20.541,29.283,20.0
2026-05-31T01:22:21Z,232,27.0,17.0,27.0,20.5,26.0,20.503,29.38,20.0
2026-05-31T01:27:21Z,232,30.0,17.0,31.0,20.5,25.9,20.471,29.349,20.0
2026-05-31T01:32:21Z,232,29.0,19.0,30.0,20.5,25.9,20.463,29.472,20.0
2026-05-31T01:37:22Z,232,26.0,15.0,28.0,20.5,26.0,20.471,29.538,20.0
2026-05-31T01:42:22Z,232,24.0,13.0,25.0,20.5,25.9,20.482,29.441,20.0
2026-05-31T01:47:21Z,232,26.0,15.0,27.0,20.5,26.0,20.434,29.454,20.0
2026-05-31T01:52:21Z,232,25.0,14.0,25.0,20.5,25.9,20.444,29.466,20.0
2026-05-31T01:57:22Z,232,26.0,16.0,27.0,20.5,25.8,20.426,29.492,20.0
2026-05-31T01:57:30Z,232,27.0,16.0,27.0,20.5,25.8,20.402,29.433,18.0
2026-05-31T02:02:24Z,232,26.0,15.0,27.0,20.5,25.9,20.402,29.355,18.0
2026-05-31T02:07:24Z,232,26.0,16.0,27.0,20.5,25.9,20.383,29.412,18.0
2026-05-31T02:12:24Z,232,23.0,13.0,24.0,20.4,25.9,20.404,29.407,18.0
2026-05-31T02:17:24Z,232,25.0,11.0,25.0,20.4,26.0,20.37,29.41,18.0
2026-05-31T02:22:24Z,232,24.0,14.0,26.0,20.5,25.9,20.394,29.384,18.0
2026-05-31T02:27:24Z,232,22.0,11.0,24.0,20.4,25.9,20.354,29.344,18.0
2026-05-31T02:32:24Z,232,24.0,12.0,24.0,20.4,25.7,20.356,29.245,18.0
2026-05-31T02:37:24Z,232,22.0,13.0,23.0,20.4,25.8,20.359,29.302,18.0
2026-05-31T02:42:24Z,232,24.0,9.0,24.0,20.4,25.8,20.343,29.311,18.0
2026-05-31T02:47:24Z,232,22.0,11.0,23.0,20.4,25.7,20.316,29.187,18.0
2026-05-31T02:52:24Z,232,23.0,11.0,24.0,20.4,25.7,20.314,29.1,18.0
2026-05-31T02:57:24Z,232,23.0,9.0,25.0,20.4,25.8,20.311,29.111,18.0
2026-05-31T03:02:24Z,232,22.0,9.0,23.0,20.4,25.7,20.311,28.997,18.0
2026-05-31T03:07:24Z,232,23.0,8.0,24.0,20.4,25.6,20.29,28.936,18.0
2026-05-31T03:12:24Z,232,25.0,12.0,25.0,20.4,25.6,20.279,28.884,18.0
2026-05-31T03:12:45Z,232,24.0,10.0,24.0,20.4,25.5,20.252,29.0,17.0
2026-05-31T03:17:38Z,232,21.0,7.0,23.0,20.4,25.6,20.268,29.031,17.0
2026-05-31T03:22:38Z,232,22.0,8.0,22.0,20.4,25.7,20.276,29.01,17.0
2026-05-31T03:27:38Z,232,22.0,10.0,24.0,20.4,25.6,20.239,28.966,17.0
2026-05-31T03:32:38Z,232,22.0,11.0,23.0,20.4,25.5,20.247,28.92,17.0
2026-05-31T03:37:38Z,232,19.0,7.0,19.0,20.3,25.6,20.233,28.888,17.0
2026-05-31T03:42:38Z,232,17.0,7.0,17.0,20.3,25.5,20.199,28.751,17.0
2026-05-31T03:47:38Z,232,20.0,8.0,22.0,20.3,25.4,20.212,28.619,17.0
2026-05-31T03:52:38Z,232,19.0,7.0,21.0,20.3,25.6,20.18,28.712,17.0
2026-05-31T03:57:38Z,232,21.0,8.0,21.0,20.3,25.4,20.151,28.627,17.0
2026-05-31T04:02:38Z,232,21.0,7.0,22.0,20.3,25.4,20.159,28.615,17.0
2026-05-31T04:07:38Z,232,16.0,6.0,18.0,20.2,25.4,20.167,28.607,17.0
2026-05-31T04:12:38Z,232,20.0,8.0,20.0,20.2,25.3,20.132,28.518,17.0
2026-05-31T04:17:38Z,232,18.0,7.0,19.0,20.2,25.3,20.127,28.543,17.0
2026-05-31T04:22:38Z,232,18.0,6.0,19.0,20.3,25.3,20.119,28.588,17.0
2026-05-31T04:27:38Z,232,21.0,8.0,21.0,20.2,25.3,20.116,28.4,17.0
2026-05-31T04:32:38Z,232,16.0,6.0,18.0,20.2,25.3,20.124,28.518,17.0
2026-05-31T04:37:38Z,232,16.0,7.0,17.0,20.2,25.3,20.089,28.449,17.0
2026-05-31T04:42:38Z,232,14.0,7.0,16.0,20.2,25.1,20.089,28.386,17.0
2026-05-31T04:47:38Z,232,12.0,5.0,15.0,20.2,25.2,20.097,28.354,17.0
2026-05-31T04:52:39Z,232,13.0,6.0,13.0,20.2,25.0,20.089,28.26,17.0
2026-05-31T04:57:38Z,232,12.0,5.0,14.0,20.2,25.1,20.076,28.142,17.0
2026-05-31T05:02:39Z,232,10.0,3.0,10.0,20.2,25.1,20.057,28.106,17.0
2026-05-31T05:07:39Z,232,12.0,6.0,14.0,20.2,25.0,20.063,28.001,17.0
2026-05-31T05:12:38Z,232,9.0,5.0,9.0,20.1,25.0,20.055,27.843,17.0
2026-05-31T05:17:38Z,232,6.0,3.0,6.0,20.2,24.9,20.052,27.894,17.0
2026-05-31T05:22:38Z,232,6.0,3.0,7.0,20.1,24.9,20.033,27.957,17.0
2026-05-31T05:27:38Z,232,6.0,4.0,6.0,20.1,24.9,20.014,27.804,17.0
2026-05-31T05:32:38Z,232,7.0,4.0,7.0,20.1,24.9,19.993,27.858,17.0
2026-05-31T05:37:38Z,232,7.0,3.0,7.0,20.1,24.9,20.006,27.761,17.0
2026-05-31T05:42:38Z,232,5.0,2.0,5.0,20.1,24.7,19.993,27.759,17.0
2026-05-31T05:47:38Z,232,8.0,3.0,8.0,20.1,24.8,19.974,27.738,17.0
2026-05-31T05:52:39Z,232,6.0,3.0,7.0,20.1,24.8,19.977,27.7,17.0
2026-05-31T05:57:39Z,232,4.0,2.0,5.0,20.1,24.7,19.956,27.696,17.0
2026-05-31T06:02:38Z,232,4.0,2.0,4.0,20.1,24.9,19.937,27.661,17.0
2026-05-31T06:07:38Z,232,5.0,3.0,5.0,20.1,24.6,19.961,27.625,17.0
2026-05-31T06:12:39Z,232,4.0,1.0,4.0,20.1,24.7,19.937,27.598,17.0
2026-05-31T06:17:38Z,232,4.0,1.0,4.0,20.1,24.6,19.934,27.646,17.0
2026-05-31T06:22:38Z,232,5.0,2.0,6.0,20.1,24.8,19.94,27.61,17.0
2026-05-31T06:27:38Z,232,4.0,2.0,4.0,20.0,24.5,19.932,27.553,17.0
2026-05-31T06:32:38Z,232,4.0,1.0,4.0,20.1,24.6,19.908,27.503,17.0
2026-05-31T06:37:39Z,232,4.0,0.0,4.0,20.0,24.5,19.91,27.501,17.0
2026-05-31T06:42:38Z,232,4.0,0.0,4.0,20.1,24.7,19.924,27.45,17.0
2026-05-31T06:47:38Z,232,5.0,2.0,6.0,20.1,24.7,19.897,27.37,17.0
2026-05-31T06:52:39Z,232,6.0,2.0,6.0,20.0,24.5,19.878,27.44,17.0
2026-05-31T06:57:38Z,232,5.0,1.0,5.0,20.0,24.5,19.876,27.36,17.0
2026-05-31T07:02:38Z,232,4.0,1.0,4.0,20.0,24.6,19.894,27.326,17.0
2026-05-31T07:07:39Z,232,4.0,1.0,5.0,20.0,24.4,19.849,27.265,17.0
2026-05-31T07:12:38Z,232,3.0,0.0,4.0,20.0,24.3,19.86,27.221,17.0
2026-05-31T07:17:38Z,232,4.0,0.0,4.0,20.0,24.4,19.83,27.259,17.0
2026-05-31T07:22:38Z,232,5.0,2.0,5.0,20.0,24.4,19.833,27.154,17.0
2026-05-31T07:27:38Z,232,4.0,2.0,4.0,20.0,24.4,19.841,27.083,17.0
2026-05-31T07:32:38Z,232,2.0,0.0,2.0,20.0,24.4,19.844,27.16,17.0
2026-05-31T07:37:38Z,232,4.0,0.0,4.0,20.0,24.1,19.828,27.083,17.0
2026-05-31T07:42:38Z,232,2.0,0.0,2.0,20.0,24.4,19.788,27.07,17.0
2026-05-31T07:47:38Z,232,2.0,0.0,3.0,19.9,24.4,19.796,26.965,17.0
2026-05-31T07:52:38Z,232,2.0,0.0,2.0,19.9,24.3,19.777,26.948,17.0
2026-05-31T07:57:38Z,232,1.0,0.0,1.0,19.9,24.3,19.796,26.952,17.0
2026-05-31T08:02:38Z,232,0.0,0.0,0.0,19.9,24.3,19.796,26.895,17.0
2026-05-31T08:07:38Z,232,3.0,0.0,4.0,19.9,24.2,19.771,26.78,17.0
2026-05-31T08:12:38Z,232,2.0,0.0,3.0,19.9,24.1,19.758,26.652,17.0
2026-05-31T08:17:38Z,232,2.0,0.0,2.0,19.9,24.2,19.729,26.641,17.0
2026-05-31T08:22:39Z,232,1.0,0.0,2.0,19.9,24.0,19.774,26.687,17.0
2026-05-31T08:27:38Z,232,0.0,0.0,1.0,19.9,24.1,19.726,26.685,17.0
2026-05-31T08:32:39Z,232,0.0,0.0,1.0,19.9,24.0,19.75,26.612,17.0
2026-05-31T08:37:38Z,232,1.0,0.0,2.0,19.9,24.0,19.737,26.624,17.0
2026-05-31T08:42:39Z,232,2.0,0.0,2.0,19.9,24.0,19.713,26.685,17.0
2026-05-31T08:47:38Z,232,1.0,0.0,1.0,19.9,24.0,19.731,26.486,17.0
2026-05-31T08:52:39Z,232,0.0,0.0,0.0,19.9,23.9,19.705,26.387,17.0
2026-05-31T08:57:39Z,232,1.0,0.0,1.0,19.9,24.0,19.697,26.551,17.0
2026-05-31T09:02:39Z,232,1.0,0.0,1.0,19.9,23.9,19.705,26.502,17.0
2026-05-31T09:07:39Z,232,1.0,0.0,1.0,19.9,24.0,19.681,26.555,17.0
2026-05-31T09:12:39Z,232,1.0,0.0,1.0,19.8,23.9,19.678,26.525,17.0
2026-05-31T09:17:39Z,232,2.0,1.0,2.0,19.8,23.9,19.683,26.513,17.0
2026-05-31T09:22:39Z,232,0.0,0.0,1.0,19.8,23.9,19.681,26.486,17.0
2026-05-31T09:27:39Z,232,2.0,0.0,2.0,19.8,24.0,19.667,26.521,17.0
2026-05-31T09:32:39Z,232,0.0,0.0,1.0,19.8,24.0,19.665,26.5,17.0
2026-05-31T09:37:39Z,232,1.0,0.0,1.0,19.8,24.1,19.635,26.523,17.0
2026-05-31T09:42:39Z,232,1.0,0.0,1.0,19.8,23.9,19.635,26.467,17.0
2026-05-31T09:47:39Z,232,0.0,0.0,0.0,19.8,24.0,19.627,26.506,17.0
2026-05-31T09:52:39Z,232,0.0,0.0,0.0,19.8,23.9,19.63,26.509,17.0
2026-05-31T09:57:39Z,232,0.0,0.0,1.0,19.8,23.9,19.601,26.574,17.0
2026-05-31T10:02:39Z,232,0.0,0.0,0.0,19.8,23.8,19.582,26.546,17.0
2026-05-31T10:07:39Z,232,0.0,0.0,0.0,19.8,23.9,19.603,26.443,17.0
2026-05-31T10:12:39Z,232,1.0,0.0,1.0,19.8,23.9,19.585,26.486,17.0
2026-05-31T10:17:39Z,232,0.0,0.0,0.0,19.8,24.0,19.609,26.45,17.0
2026-05-31T10:22:39Z,232,0.0,0.0,0.0,19.7,23.9,19.585,26.557,17.0
2026-05-31T10:27:39Z,232,0.0,0.0,0.0,19.8,23.8,19.561,26.444,17.0
2026-05-31T10:32:39Z,232,0.0,0.0,0.0,19.7,23.9,19.582,26.359,17.0
2026-05-31T10:37:39Z,232,0.0,0.0,0.0,19.7,23.8,19.569,26.441,17.0
2026-05-31T10:42:39Z,232,0.0,0.0,0.0,19.7,23.9,19.555,26.374,17.0
2026-05-31T10:47:39Z,232,0.0,0.0,0.0,19.8,24.0,19.579,26.3,17.0
2026-05-31T10:52:39Z,232,0.0,0.0,0.0,19.7,23.8,19.545,26.277,17.0
2026-05-31T10:57:39Z,232,1.0,0.0,1.0,19.7,23.8,19.539,26.256,17.0
2026-05-31T11:02:39Z,232,0.0,0.0,0.0,19.7,23.7,19.558,26.37,17.0
2026-05-31T11:07:39Z,232,0.0,0.0,0.0,19.7,23.8,19.507,26.317,17.0
2026-05-31T11:12:39Z,232,0.0,0.0,0.0,19.7,23.7,19.526,26.269,17.0
2026-05-31T11:17:39Z,232,0.0,0.0,0.0,19.7,23.7,19.52,26.269,17.0
2026-05-31T11:22:39Z,232,1.0,0.0,1.0,19.7,23.8,19.518,26.151,17.0
2026-05-31T11:27:39Z,232,0.0,0.0,0.0,19.7,23.8,19.504,26.143,17.0
2026-05-31T11:32:39Z,232,0.0,0.0,0.0,19.7,23.6,19.496,26.103,17.0
2026-05-31T11:37:39Z,232,0.0,0.0,0.0,19.7,23.6,19.499,26.158,17.0
2026-05-31T11:42:39Z,232,0.0,0.0,0.0,19.7,23.5,19.488,26.004,17.0
2026-05-31T11:47:39Z,232,0.0,0.0,0.0,19.7,23.6,19.491,25.991,17.0
2026-05-31T11:52:39Z,232,0.0,0.0,0.0,19.7,23.6,19.478,26.044,17.0
2026-05-31T11:57:39Z,232,0.0,0.0,0.0,19.7,23.5,19.47,25.916,17.0
2026-05-31T12:02:39Z,232,0.0,0.0,0.0,19.7,23.6,19.462,25.922,17.0
2026-05-31T12:07:39Z,232,0.0,0.0,0.0,19.7,23.7,19.478,25.924,17.0
2026-05-31T12:12:39Z,232,0.0,0.0,0.0,19.6,23.5,19.475,25.868,17.0
2026-05-31T12:17:39Z,232,0.0,0.0,0.0,19.7,23.4,19.478,25.88,17.0
2026-05-31T12:22:39Z,232,0.0,0.0,0.0,19.6,23.6,19.443,25.796,17.0
2026-05-31T12:27:39Z,232,0.0,0.0,0.0,19.7,23.5,19.446,25.729,17.0
2026-05-31T12:32:39Z,232,0.0,0.0,0.0,19.6,23.6,19.456,25.84,17.0
2026-05-31T12:37:39Z,232,0.0,0.0,0.0,19.6,23.5,19.443,25.827,17.0
2026-05-31T12:42:39Z,232,0.0,0.0,0.0,19.6,23.5,19.43,25.888,17.0
2026-05-31T12:47:39Z,232,0.0,0.0,0.0,19.6,23.4,19.416,25.912,17.0
2026-05-31T12:52:39Z,232,0.0,0.0,0.0,19.6,23.5,19.435,25.926,17.0
2026-05-31T12:57:39Z,232,0.0,0.0,0.0,19.6,23.6,19.435,25.964,17.0
2026-05-31T13:02:39Z,232,0.0,0.0,0.0,19.6,23.6,19.448,26.09,17.0
2026-05-31T13:07:39Z,232,0.0,0.0,0.0,19.6,23.5,19.451,26.069,17.0
2026-05-31T13:12:39Z,232,0.0,0.0,0.0,19.6,23.6,19.454,26.115,17.0
2026-05-31T13:17:39Z,232,0.0,0.0,0.0,19.6,23.8,19.467,26.191,17.0
2026-05-31T13:22:39Z,232,0.0,0.0,0.0,19.6,23.6,19.483,26.282,17.0
2026-05-31T13:27:39Z,232,0.0,0.0,0.0,19.7,23.7,19.48,26.374,17.0
2026-05-31T13:32:39Z,232,0.0,0.0,0.0,19.7,23.8,19.51,26.45,17.0
2026-05-31T13:37:39Z,232,0.0,0.0,0.0,19.7,23.9,19.491,26.549,17.0
2026-05-31T13:42:39Z,232,0.0,0.0,0.0,19.7,23.9,19.526,26.527,17.0
2026-05-31T13:47:39Z,232,0.0,0.0,0.0,19.7,24.0,19.515,26.801,17.0
2026-05-31T13:52:39Z,232,0.0,0.0,0.0,19.7,24.1,19.571,26.921,17.0
2026-05-31T13:57:39Z,232,0.0,0.0,0.0,19.7,24.2,19.563,27.129,17.0
2026-05-31T14:02:40Z,232,0.0,0.0,0.0,19.7,24.3,19.601,27.206,17.0
2026-05-31T14:07:40Z,232,0.0,0.0,0.0,19.7,24.4,19.617,27.394,17.0
2026-05-31T14:12:40Z,232,0.0,0.0,0.0,19.7,24.5,19.63,27.513,17.0
2026-05-31T14:17:40Z,232,1.0,0.0,1.0,19.8,24.6,19.643,27.642,17.0
2026-05-31T14:22:39Z,232,1.0,0.0,1.0,19.8,24.7,19.681,27.858,17.0
2026-05-31T14:27:39Z,232,1.0,0.0,1.0,19.8,24.8,19.702,28.052,17.0
2026-05-31T14:32:40Z,232,3.0,1.0,4.0,19.9,25.1,19.702,28.38,17.0
2026-05-31T14:37:39Z,232,5.0,1.0,5.0,19.8,25.1,19.742,28.567,17.0
2026-05-31T14:42:39Z,232,4.0,3.0,5.0,19.9,25.4,19.793,28.817,17.0
2026-05-31T14:47:40Z,232,7.0,3.0,7.0,19.9,25.5,19.828,29.05,17.0
2026-05-31T14:52:40Z,232,6.0,2.0,6.0,19.9,25.6,19.884,28.915,17.0
2026-05-31T14:57:40Z,232,5.0,3.0,6.0,19.9,25.5,19.892,28.991,17.0
2026-05-31T15:02:39Z,232,6.0,3.0,6.0,20.0,25.5,19.932,28.945,17.0
2026-05-31T15:07:40Z,232,8.0,4.0,8.0,20.0,25.6,19.985,28.962,17.0
2026-05-31T15:12:39Z,232,7.0,4.0,7.0,20.0,25.7,20.009,29.031,17.0
2026-05-31T15:17:40Z,232,6.0,3.0,6.0,20.0,25.4,20.071,28.991,17.0
2026-05-31T15:22:40Z,232,7.0,3.0,7.0,20.1,25.6,20.095,28.918,17.0
2026-05-31T15:27:39Z,232,6.0,3.0,7.0,20.1,25.7,20.135,28.882,17.0
2026-05-31T15:32:40Z,232,6.0,3.0,6.0,20.2,25.6,20.188,28.842,17.0
2026-05-31T15:37:39Z,232,11.0,5.0,11.0,20.2,25.5,20.228,28.714,17.0
2026-05-31T15:42:40Z,232,8.0,4.0,9.0,20.2,25.3,20.295,28.617,17.0
2026-05-31T15:47:40Z,232,7.0,3.0,10.0,20.3,25.3,20.34,28.586,17.0
2026-05-31T15:52:40Z,232,8.0,3.0,10.0,20.3,25.4,20.37,28.67,17.0
2026-05-31T15:57:40Z,232,10.0,5.0,12.0,20.4,25.3,20.391,28.743,17.0
2026-05-31T16:02:39Z,232,11.0,5.0,14.0,20.4,25.5,20.442,28.855,17.0
2026-05-31T16:07:40Z,232,13.0,5.0,14.0,20.5,25.6,20.471,29.025,17.0
2026-05-31T16:12:40Z,232,20.0,8.0,23.0,20.5,25.7,20.506,29.256,17.0
2026-05-31T16:17:40Z,232,23.0,11.0,24.0,20.5,25.8,20.567,29.613,17.0
2026-05-31T16:22:39Z,232,23.0,8.0,24.0,20.6,26.0,20.594,29.645,17.0
2026-05-31T16:27:40Z,232,27.0,14.0,27.0,20.6,26.3,20.634,30.185,17.0
2026-05-31T16:32:40Z,232,26.0,14.0,27.0,20.6,26.2,20.658,30.223,17.0
2026-05-31T16:37:40Z,232,30.0,20.0,31.0,20.7,26.8,20.703,30.614,17.0
2026-05-31T16:42:40Z,232,29.0,18.0,33.0,20.7,26.8,20.733,30.87,17.0
2026-05-31T16:47:40Z,232,32.0,22.0,37.0,20.7,27.0,20.749,31.322,17.0
2026-05-31T16:52:40Z,232,33.0,22.0,36.0,20.7,27.2,20.8,31.568,17.0
2026-05-31T16:57:40Z,232,33.0,23.0,39.0,20.8,27.1,20.813,31.696,17.0
2026-05-31T17:02:40Z,232,34.0,23.0,40.0,20.8,27.6,20.853,32.294,17.0
2026-05-31T17:07:40Z,232,35.0,23.0,43.0,20.8,27.7,20.888,32.481,17.0
2026-05-31T17:12:40Z,232,36.0,24.0,41.0,20.8,28.1,20.898,32.766,17.0
2026-05-31T17:17:40Z,232,38.0,25.0,46.0,20.9,28.1,20.944,32.933,17.0
2026-05-31T17:22:40Z,232,38.0,24.0,48.0,20.9,28.2,20.973,33.265,17.0
2026-05-31T17:27:40Z,232,42.0,26.0,50.0,20.9,28.5,20.976,33.662,17.0
2026-05-31T17:32:40Z,232,40.0,28.0,49.0,20.9,28.7,20.989,33.818,17.0
2026-05-31T17:37:40Z,232,40.0,25.0,48.0,20.9,28.7,20.989,33.885,17.0
2026-05-31T17:42:40Z,232,42.0,28.0,49.0,21.0,28.9,20.992,34.078,17.0
2026-05-31T17:47:40Z,232,38.0,25.0,45.0,21.0,28.8,20.989,34.259,17.0
2026-05-31T17:52:40Z,232,43.0,28.0,53.0,21.0,29.1,20.984,34.537,17.0
2026-05-31T17:57:40Z,232,40.0,27.0,48.0,21.0,29.2,21.027,34.707,17.0
2026-05-31T18:02:40Z,232,39.0,27.0,46.0,21.0,29.1,21.013,34.835,17.0
2026-05-31T18:07:40Z,232,42.0,28.0,52.0,21.0,29.6,21.011,35.447,17.0
2026-05-31T18:12:40Z,232,44.0,28.0,53.0,21.0,29.6,21.027,35.318,17.0
2026-05-31T18:17:40Z,232,44.0,30.0,55.0,21.0,29.9,21.027,35.941,17.0
2026-05-31T18:22:40Z,232,45.0,30.0,54.0,21.0,30.1,21.005,36.342,17.0
2026-05-31T18:27:40Z,232,46.0,30.0,56.0,21.0,30.2,21.024,36.529,17.0
2026-05-31T18:32:40Z,232,47.0,31.0,57.0,21.0,30.5,21.021,36.891,17.0
2026-05-31T18:37:40Z,232,47.0,30.0,58.0,21.0,30.5,21.0,36.666,17.0
2026-05-31T18:42:40Z,232,47.0,30.0,57.0,20.9,30.7,21.005,37.166,17.0
2026-05-31T18:47:40Z,232,47.0,31.0,57.0,21.0,30.8,21.011,37.107,17.0
2026-05-31T18:52:40Z,232,48.0,31.0,60.0,20.9,30.8,21.008,37.482,17.0
2026-05-31T18:57:40Z,232,45.0,30.0,55.0,20.9,30.9,20.989,37.395,17.0
2026-05-31T19:02:40Z,232,48.0,32.0,61.0,21.0,31.2,20.962,37.833,17.0
2026-05-31T19:07:40Z,232,48.0,31.0,61.0,20.9,31.3,20.968,38.001,17.0
2026-05-31T19:12:40Z,232,49.0,32.0,60.0,20.9,31.5,20.946,38.1,17.0
2026-05-31T19:17:40Z,232,49.0,33.0,60.0,20.9,31.5,20.938,38.413,17.0
2026-05-31T19:22:40Z,232,47.0,31.0,58.0,20.9,31.7,20.968,38.381,17.0
2026-05-31T19:27:40Z,232,50.0,32.0,61.0,20.9,31.8,20.92,38.736,17.0
2026-05-31T19:32:40Z,232,49.0,32.0,61.0,20.9,31.9,20.925,38.881,17.0
2026-05-31T19:37:40Z,232,50.0,32.0,61.0,20.9,32.2,20.914,39.172,17.0
2026-05-31T19:42:41Z,232,50.0,33.0,62.0,20.9,32.4,20.88,39.548,17.0
2026-05-31T19:47:40Z,232,49.0,32.0,61.0,20.9,32.4,20.909,39.581,17.0
2026-05-31T19:52:41Z,232,51.0,32.0,62.0,20.9,32.7,20.866,39.977,17.0
2026-05-31T19:57:41Z,232,51.0,33.0,64.0,20.9,32.9,20.882,40.275,17.0
2026-05-31T20:02:40Z,232,52.0,34.0,65.0,20.8,33.0,20.866,40.391,17.0
2026-05-31T20:07:40Z,232,52.0,34.0,65.0,20.8,33.1,20.864,40.628,17.0
2026-05-31T20:12:40Z,232,51.0,33.0,64.0,20.8,33.2,20.85,40.719,17.0
2026-05-31T20:17:41Z,232,51.0,33.0,62.0,20.8,33.3,20.84,40.58,17.0
2026-05-31T20:22:41Z,232,55.0,35.0,68.0,20.8,33.3,20.824,40.748,17.0
2026-05-31T20:27:41Z,232,52.0,34.0,65.0,20.8,33.6,20.808,40.901,17.0
2026-05-31T20:32:41Z,232,52.0,34.0,64.0,20.8,33.6,20.81,41.034,17.0
2026-05-31T20:37:40Z,232,52.0,34.0,65.0,20.7,33.6,20.786,41.036,17.0
2026-05-31T20:42:41Z,232,51.0,33.0,62.0,20.8,33.8,20.76,41.213,17.0
2026-05-31T20:47:40Z,232,55.0,34.0,66.0,20.8,33.9,20.77,41.711,17.0
2026-05-31T20:52:41Z,232,53.0,35.0,66.0,20.7,34.0,20.738,41.974,17.0
2026-05-31T20:57:41Z,232,55.0,34.0,67.0,20.7,34.2,20.757,41.974,17.0
2026-05-31T21:02:40Z,232,54.0,35.0,66.0,20.7,34.3,20.743,42.075,17.0
2026-05-31T21:07:40Z,232,55.0,35.0,67.0,20.7,34.4,20.743,42.23,17.0
2026-05-31T21:12:40Z,232,60.0,38.0,69.0,20.7,34.5,20.738,42.405,17.0
2026-05-31T21:17:41Z,232,58.0,36.0,70.0,20.7,34.7,20.722,42.522,17.0
2026-05-31T21:22:41Z,232,56.0,36.0,69.0,20.7,34.6,20.714,42.64,17.0
2026-05-31T21:27:40Z,232,57.0,35.0,69.0,20.7,34.8,20.722,42.526,17.0
2026-05-31T21:32:41Z,232,55.0,36.0,68.0,20.7,34.7,20.663,42.56,17.0
2026-05-31T21:37:41Z,232,60.0,36.0,69.0,20.7,34.9,20.653,42.676,17.0
2026-05-31T21:42:41Z,232,56.0,35.0,68.0,20.6,35.1,20.621,42.93,17.0
2026-05-31T21:47:40Z,232,52.0,34.0,66.0,20.6,35.0,20.65,42.802,17.0
2026-05-31T21:52:40Z,232,59.0,35.0,69.0,20.6,35.1,20.642,42.959,17.0
2026-05-31T21:57:40Z,232,55.0,35.0,68.0,20.6,35.2,20.674,43.039,17.0
2026-05-31T22:02:41Z,232,56.0,36.0,69.0,20.6,35.2,20.653,43.067,17.0
2026-05-31T22:07:40Z,232,56.0,35.0,69.0,20.6,35.2,20.658,43.159,17.0
2026-05-31T22:12:41Z,232,56.0,35.0,67.0,20.6,35.2,20.65,43.054,17.0
2026-05-31T22:17:40Z,232,56.0,35.0,67.0,20.6,35.3,20.631,43.069,17.0
2026-05-31T22:22:40Z,232,59.0,35.0,70.0,20.6,35.3,20.621,42.943,17.0
2026-05-31T22:27:40Z,232,55.0,35.0,66.0,20.6,35.2,20.642,42.888,17.0
2026-05-31T22:32:40Z,232,52.0,34.0,65.0,20.5,35.1,20.621,42.758,17.0
2026-05-31T22:37:40Z,232,53.0,34.0,65.0,20.5,35.1,20.613,42.688,17.0
2026-05-31T22:42:40Z,232,58.0,35.0,67.0,20.6,35.2,20.562,42.716,17.0
2026-05-31T22:47:41Z,232,52.0,32.0,65.0,20.5,35.1,20.535,42.667,17.0
2026-05-31T22:57:41Z,232,52.0,33.0,65.0,20.6,34.9,20.53,42.466,17.0
2026-05-31T23:02:41Z,232,51.0,33.0,63.0,20.5,34.8,20.543,42.339,17.0
2026-05-31T23:07:41Z,232,51.0,32.0,63.0,20.5,34.6,20.53,41.98,17.0
2026-05-31T23:12:41Z,232,50.0,32.0,62.0,20.5,34.4,20.551,41.448,17.0
2026-05-31T23:17:41Z,232,48.0,31.0,59.0,20.5,34.0,20.53,41.005,17.0
2026-05-31T23:22:40Z,232,47.0,30.0,60.0,20.5,33.8,20.519,40.782,17.0
2026-05-31T23:27:40Z,232,47.0,31.0,60.0,20.5,33.6,20.506,40.302,17.0
2026-05-31T23:32:41Z,232,46.0,30.0,56.0,20.5,33.4,20.482,39.979,17.0
2026-05-31T23:37:41Z,232,45.0,30.0,55.0,20.5,33.1,20.466,39.787,17.0
2026-05-31T23:42:40Z,232,45.0,30.0,55.0,20.4,32.9,20.434,39.388,17.0
2026-05-31T23:47:41Z,232,46.0,31.0,56.0,20.4,32.9,20.386,39.348,17.0
2026-05-31T23:52:41Z,232,44.0,28.0,54.0,20.4,32.9,20.383,39.306,17.0
2026-05-31T23:57:40Z,232,43.0,28.0,53.0,20.4,32.5,20.364,38.926,17.0
2026-06-01T00:02:41Z,232,42.0,27.0,51.0,20.5,32.2,20.38,38.642,17.0
2026-06-01T00:07:40Z,232,42.0,27.0,51.0,20.4,32.1,20.359,38.442,17.0
2026-06-01T00:12:40Z,232,42.0,27.0,49.0,20.4,31.9,20.37,38.142,17.0
2026-06-01T00:17:41Z,232,40.0,26.0,51.0,20.4,31.9,20.383,37.914,17.0
2026-06-01T00:22:41Z,232,40.0,25.0,49.0,20.4,31.7,20.391,37.637,17.0
2026-06-01T00:27:40Z,232,40.0,26.0,47.0,20.4,31.6,20.38,37.582,17.0
2026-06-01T00:32:41Z,232,38.0,25.0,46.0,20.4,31.4,20.375,37.317,17.0
2026-06-01T00:37:41Z,232,39.0,26.0,46.0,20.4,31.3,20.364,37.029,17.0
2026-06-01T00:42:41Z,232,37.0,25.0,46.0,20.3,31.1,20.351,36.813,17.0
2026-06-01T00:47:41Z,232,36.0,24.0,45.0,20.4,31.1,20.327,36.741,17.0
2026-06-01T00:52:41Z,232,34.0,22.0,39.0,20.3,31.0,20.338,36.372,17.0
2026-06-01T00:57:41Z,232,38.0,23.0,45.0,20.3,30.8,20.332,36.189,17.0
2026-06-01T01:02:41Z,232,36.0,23.0,42.0,20.3,30.7,20.316,35.909,17.0
2026-06-01T01:07:41Z,232,35.0,24.0,41.0,20.3,30.6,20.319,35.81,17.0
2026-06-01T01:12:41Z,232,35.0,23.0,41.0,20.3,30.3,20.311,35.627,17.0
2026-06-01T01:17:41Z,232,34.0,22.0,38.0,20.3,30.3,20.29,35.285,17.0
2026-06-01T01:22:41Z,232,34.0,21.0,39.0,20.3,30.2,20.247,35.476,17.0
2026-06-01T01:27:41Z,232,33.0,22.0,40.0,20.3,29.9,20.247,34.867,17.0
2026-06-01T01:32:41Z,232,32.0,22.0,37.0,20.3,29.9,20.217,34.984,17.0
2026-06-01T01:37:41Z,232,31.0,21.0,34.0,20.3,29.8,20.215,34.799,17.0
2026-06-01T01:42:41Z,232,31.0,20.0,35.0,20.3,29.7,20.204,34.682,17.0
2026-06-01T01:47:41Z,232,30.0,20.0,30.0,20.3,29.5,20.188,34.518,17.0
2026-06-01T01:52:41Z,232,32.0,21.0,34.0,20.3,29.3,20.188,34.311,17.0
2026-06-01T01:57:41Z,232,29.0,19.0,29.0,20.2,29.3,20.185,34.171,17.0
2026-06-01T02:02:41Z,232,30.0,20.0,31.0,20.2,29.4,20.156,33.961,17.0
2026-06-01T02:07:41Z,232,28.0,18.0,29.0,20.2,29.2,20.151,34.0,17.0
2026-06-01T02:12:41Z,232,28.0,19.0,29.0,20.2,29.2,20.124,33.801,17.0
2026-06-01T02:17:41Z,232,27.0,17.0,29.0,20.2,29.1,20.129,33.738,17.0
2026-06-01T02:22:41Z,232,29.0,18.0,29.0,20.2,29.0,20.127,33.641,17.0
2026-06-01T02:27:41Z,232,27.0,18.0,29.0,20.2,29.0,20.124,33.641,17.0
2026-06-01T02:32:41Z,232,28.0,18.0,30.0,20.2,28.8,20.097,33.498,17.0
2026-06-01T02:37:41Z,232,25.0,18.0,28.0,20.2,29.0,20.087,33.445,17.0
2026-06-01T02:42:41Z,232,26.0,13.0,28.0,20.2,28.8,20.065,33.298,17.0
2026-06-01T02:47:41Z,232,25.0,14.0,27.0,20.2,28.9,20.073,33.197,17.0
2026-06-01T02:52:41Z,232,24.0,14.0,26.0,20.2,28.5,20.065,33.014,17.0
2026-06-01T02:57:41Z,232,23.0,15.0,25.0,20.2,28.7,20.06,33.025,17.0
2026-06-01T03:02:41Z,232,27.0,18.0,28.0,20.2,28.8,20.049,33.298,17.0
2026-06-01T03:07:42Z,232,25.0,15.0,26.0,20.1,28.9,20.06,33.719,17.0
2026-06-01T03:12:42Z,232,29.0,21.0,31.0,20.1,29.3,19.998,34.431,17.0
2026-06-01T03:17:42Z,232,33.0,22.0,36.0,20.1,29.6,19.996,35.278,17.0
2026-06-01T03:22:41Z,232,34.0,22.0,37.0,20.1,30.1,19.964,36.185,17.0
2026-06-01T03:27:41Z,232,33.0,22.0,38.0,20.1,30.5,19.958,36.803,17.0
2026-06-01T03:32:41Z,232,35.0,23.0,39.0,20.1,30.8,19.942,37.301,17.0
2026-06-01T03:37:42Z,232,34.0,23.0,39.0,20.1,31.2,19.929,37.843,17.0
2026-06-01T03:42:42Z,232,36.0,24.0,42.0,20.1,31.6,19.916,38.404,17.0
2026-06-01T03:47:41Z,232,36.0,24.0,43.0,20.0,31.9,19.884,38.709,17.0
2026-06-01T03:52:41Z,232,39.0,25.0,47.0,20.0,32.2,19.878,39.1,17.0
2026-06-01T03:57:41Z,232,37.0,23.0,44.0,20.0,32.4,19.868,39.319,17.0
2026-06-01T04:02:41Z,232,38.0,25.0,46.0,20.0,32.5,19.838,39.443,17.0
2026-06-01T04:03:02Z,232,38.0,25.0,45.0,20.0,32.5,19.846,39.43,17.0
2026-06-01T04:07:56Z,232,36.0,25.0,45.0,20.0,32.6,19.825,39.56,17.0
2026-06-01T04:12:55Z,232,38.0,23.0,45.0,19.9,32.7,19.833,39.457,17.0
2026-06-01T04:17:55Z,232,35.0,24.0,42.0,19.9,32.5,19.769,39.348,17.0
2026-06-01T04:22:55Z,232,36.0,23.0,42.0,19.9,32.4,19.745,39.3,17.0
2026-06-01T04:27:56Z,232,35.0,23.0,39.0,19.9,32.3,19.755,38.93,17.0
2026-06-01T04:32:56Z,232,36.0,23.0,42.0,19.9,32.1,19.737,38.675,17.0
2026-06-01T04:37:55Z,232,37.0,24.0,42.0,19.9,32.3,19.755,38.482,17.0
2026-06-01T04:42:56Z,232,34.0,23.0,41.0,19.9,32.1,19.697,38.677,17.0
2026-06-01T04:47:56Z,232,36.0,24.0,40.0,19.9,32.2,19.67,38.753,17.0
2026-06-01T04:52:56Z,232,39.0,24.0,46.0,19.9,32.2,19.675,39.008,17.0
2026-06-01T04:57:55Z,232,35.0,23.0,42.0,19.9,32.5,19.694,39.212,17.0
2026-06-01T05:02:56Z,232,40.0,25.0,47.0,19.8,32.8,19.681,39.577,17.0
2026-06-01T05:07:56Z,232,38.0,25.0,47.0,19.8,33.0,19.675,39.848,17.0
2026-06-01T05:12:56Z,232,38.0,25.0,46.0,19.8,33.2,19.654,40.061,17.0
2026-06-01T05:17:56Z,232,38.0,25.0,44.0,19.8,33.3,19.659,40.374,17.0
2026-06-01T05:22:56Z,232,41.0,27.0,48.0,19.8,33.4,19.659,40.651,17.0
2026-06-01T05:27:56Z,232,43.0,28.0,51.0,19.8,33.6,19.641,40.767,17.0
2026-06-01T05:32:56Z,232,42.0,27.0,49.0,19.8,33.5,19.601,40.981,17.0
2026-06-01T05:37:56Z,232,42.0,28.0,50.0,19.8,33.9,19.515,41.421,17.0
2026-06-01T05:42:56Z,232,42.0,28.0,50.0,19.8,34.1,19.496,41.663,17.0
2026-06-01T05:47:56Z,232,42.0,27.0,52.0,19.7,34.1,19.499,41.915,17.0
2026-06-01T05:52:56Z,232,42.0,27.0,51.0,19.7,34.5,19.47,42.167,17.0
2026-06-01T05:57:56Z,232,45.0,29.0,53.0,19.7,34.6,19.456,42.398,17.0
2026-06-01T06:02:56Z,232,45.0,28.0,54.0,19.7,34.7,19.435,42.636,17.0
2026-06-01T06:07:56Z,232,44.0,28.0,55.0,19.6,34.8,19.379,42.85,17.0
2026-06-01T06:12:56Z,232,43.0,28.0,54.0,19.6,35.0,19.344,42.981,17.0
2026-06-01T06:17:56Z,232,44.0,28.0,54.0,19.6,35.2,19.304,43.172,17.0
2026-06-01T06:22:56Z,232,45.0,29.0,54.0,19.5,35.2,19.312,43.224,17.0
2026-06-01T06:27:56Z,232,45.0,29.0,54.0,19.5,35.3,19.251,43.372,17.0
2026-06-01T06:32:56Z,232,46.0,31.0,56.0,19.5,35.4,19.256,43.504,17.0
2026-06-01T06:37:56Z,232,45.0,27.0,54.0,19.5,35.7,19.227,43.582,17.0
2026-06-01T06:42:56Z,232,44.0,27.0,54.0,19.5,35.7,19.197,43.752,17.0
2026-06-01T06:47:56Z,232,44.0,30.0,53.0,19.4,35.6,19.197,43.914,17.0
2026-06-01T06:52:56Z,232,44.0,27.0,53.0,19.4,35.8,19.131,44.088,17.0
2026-06-01T06:57:56Z,232,46.0,30.0,56.0,19.4,35.9,19.093,44.351,17.0
2026-06-01T07:02:56Z,232,46.0,29.0,56.0,19.4,36.0,19.083,44.399,17.0
2026-06-01T07:07:57Z,232,44.0,29.0,54.0,19.4,36.1,19.093,44.612,17.0
2026-06-01T07:12:56Z,232,44.0,27.0,55.0,19.4,36.2,19.08,44.647,17.0
2026-06-01T07:17:56Z,232,44.0,28.0,52.0,19.4,36.3,19.083,44.755,17.0
2026-06-01T07:22:56Z,232,44.0,28.0,54.0,19.4,36.4,19.045,44.82,17.0
2026-06-01T07:27:57Z,232,43.0,28.0,53.0,19.4,36.4,19.029,44.921,17.0
2026-06-01T07:32:56Z,232,44.0,27.0,55.0,19.3,36.4,18.992,45.038,17.0
2026-06-01T07:37:56Z,232,46.0,30.0,56.0,19.3,36.6,18.994,45.164,17.0
2026-06-01T07:42:56Z,232,45.0,28.0,56.0,19.3,36.6,18.93,45.232,17.0
2026-06-01T07:47:56Z,232,46.0,28.0,56.0,19.3,36.7,18.912,45.392,17.0
2026-06-01T07:52:57Z,232,45.0,28.0,55.0,19.2,36.7,18.904,45.539,17.0
2026-06-01T07:57:56Z,232,46.0,30.0,56.0,19.2,36.9,18.866,45.646,17.0
2026-06-01T08:02:57Z,232,46.0,30.0,56.0,19.2,36.9,18.853,45.772,17.0
2026-06-01T08:07:56Z,232,46.0,28.0,56.0,19.1,36.9,18.842,45.797,17.0
2026-06-01T08:12:56Z,232,45.0,28.0,54.0,19.2,37.0,18.816,45.831,17.0
2026-06-01T08:17:57Z,232,46.0,29.0,57.0,19.1,36.8,18.781,45.934,17.0
2026-06-01T08:22:56Z,232,46.0,30.0,55.0,19.1,36.9,18.773,45.85,17.0
2026-06-01T08:27:56Z,232,45.0,29.0,55.0,19.1,36.9,18.741,45.94,17.0
2026-06-01T08:32:56Z,232,44.0,28.0,55.0,19.1,36.9,18.762,45.896,17.0
2026-06-01T08:37:56Z,232,45.0,27.0,54.0,19.1,36.8,18.746,45.77,17.0
2026-06-01T08:42:56Z,232,44.0,27.0,54.0,19.1,36.9,18.735,45.894,17.0
2026-06-01T08:47:56Z,232,44.0,28.0,55.0,19.1,36.8,18.703,45.942,17.0
2026-06-01T08:52:56Z,232,43.0,28.0,53.0,19.1,36.9,18.698,45.858,17.0
2026-06-01T08:57:56Z,232,44.0,28.0,53.0,19.1,37.0,18.682,45.995,17.0
2026-06-01T09:02:56Z,232,44.0,28.0,54.0,19.1,37.0,18.671,45.963,17.0
2026-06-01T09:07:56Z,232,45.0,28.0,55.0,19.1,36.9,18.661,45.997,17.0
2026-06-01T09:12:56Z,232,45.0,29.0,56.0,19.0,37.0,18.634,45.963,17.0
2026-06-01T09:17:56Z,232,44.0,27.0,53.0,19.0,36.9,18.618,46.029,17.0
2026-06-01T09:22:56Z,232,44.0,28.0,56.0,19.0,37.0,18.61,46.016,17.0
2026-06-01T09:27:56Z,232,45.0,29.0,55.0,19.0,36.9,18.602,46.039,17.0
2026-06-01T09:32:56Z,232,46.0,28.0,55.0,19.0,37.0,18.605,46.007,17.0
2026-06-01T09:37:56Z,232,44.0,28.0,53.0,19.0,36.9,18.607,45.957,17.0
2026-06-01T09:42:56Z,232,44.0,27.0,54.0,19.0,37.1,18.597,45.984,17.0
2026-06-01T09:47:57Z,232,44.0,28.0,55.0,19.0,36.9,18.573,46.094,17.0
2026-06-01T09:52:57Z,232,42.0,27.0,52.0,19.0,36.9,18.548,45.987,17.0
2026-06-01T09:57:56Z,232,42.0,27.0,52.0,19.0,37.0,18.562,46.012,17.0
2026-06-01T10:02:56Z,232,42.0,28.0,51.0,19.0,37.0,18.559,46.15,17.0
2026-06-01T10:07:57Z,232,45.0,28.0,55.0,19.0,37.0,18.559,46.1,17.0
2026-06-01T10:12:56Z,232,43.0,28.0,53.0,19.0,36.9,18.578,46.138,17.0
2026-06-01T10:17:57Z,232,44.0,28.0,53.0,19.0,37.1,18.554,46.136,17.0
2026-06-01T10:22:56Z,232,44.0,28.0,53.0,19.0,37.2,18.562,46.144,17.0
2026-06-01T10:27:57Z,232,43.0,27.0,53.0,19.0,37.2,18.546,46.117,17.0
2026-06-01T10:32:57Z,232,45.0,28.0,53.0,19.0,37.1,18.538,46.199,17.0
2026-06-01T10:37:57Z,232,42.0,27.0,51.0,19.0,37.0,18.519,46.224,17.0
2026-06-01T10:42:57Z,232,44.0,28.0,53.0,19.0,37.1,18.532,46.142,17.0
2026-06-01T10:47:57Z,232,43.0,28.0,53.0,18.9,37.0,18.519,46.157,17.0
2026-06-01T10:52:57Z,232,44.0,29.0,53.0,19.0,37.1,18.514,46.211,17.0
2026-06-01T10:57:57Z,232,43.0,28.0,53.0,19.0,37.0,18.522,46.211,17.0
2026-06-01T11:02:57Z,232,43.0,28.0,53.0,18.9,37.1,18.498,46.371,17.0
2026-06-01T11:07:57Z,232,43.0,27.0,52.0,18.9,37.1,18.458,46.344,17.0
2026-06-01T11:12:57Z,232,45.0,27.0,53.0,18.9,37.2,18.436,46.42,17.0
2026-06-01T11:13:04Z,232,44.0,27.0,52.0,18.9,37.1,18.426,46.405,19.0
2026-06-01T11:22:57Z,232,44.0,28.0,53.0,18.9,37.4,18.412,46.543,19.0
2026-06-01T11:27:57Z,232,44.0,28.0,53.0,18.9,37.2,18.396,46.537,19.0
2026-06-01T11:32:58Z,232,46.0,29.0,57.0,18.9,37.3,18.351,46.527,19.0
2026-06-01T11:37:58Z,232,45.0,30.0,54.0,18.8,37.4,18.338,46.548,19.0
2026-06-01T11:42:58Z,232,46.0,29.0,56.0,18.8,37.3,18.346,46.491,19.0
2026-06-01T11:47:58Z,232,43.0,27.0,53.0,18.8,37.4,18.338,46.359,19.0
2026-06-01T11:52:57Z,232,43.0,27.0,52.0,18.8,37.1,18.332,46.207,19.0
2026-06-01T11:57:57Z,232,43.0,27.0,52.0,18.8,37.3,18.431,46.125,19.0
2026-06-01T12:02:57Z,232,43.0,28.0,53.0,18.8,37.1,18.375,46.024,19.0
2026-06-01T12:07:57Z,232,41.0,27.0,49.0,18.8,37.0,18.404,45.85,19.0
2026-06-01T12:12:57Z,232,41.0,28.0,49.0,18.8,37.0,18.396,45.516,19.0
2026-06-01T12:17:57Z,232,41.0,26.0,49.0,18.8,36.9,18.402,45.171,19.0
2026-06-01T12:22:57Z,232,41.0,26.0,49.0,18.8,36.6,18.41,44.83,19.0
2026-06-01T12:27:58Z,232,39.0,24.0,46.0,18.8,36.4,18.434,44.526,19.0
2026-06-01T12:32:58Z,232,36.0,25.0,44.0,18.8,36.3,18.442,43.855,19.0
2026-06-01T12:37:58Z,232,35.0,23.0,40.0,18.8,36.1,18.45,43.601,19.0
2026-06-01T12:42:58Z,232,35.0,23.0,41.0,18.8,35.9,18.444,43.134,19.0
2026-06-01T12:47:58Z,232,34.0,23.0,38.0,18.8,35.8,18.484,43.123,19.0
2026-06-01T12:52:58Z,232,34.0,21.0,38.0,18.8,35.6,18.487,42.943,19.0
2026-06-01T12:57:58Z,232,34.0,22.0,38.0,18.8,35.4,18.479,42.716,19.0
2026-06-01T13:02:58Z,232,33.0,23.0,37.0,18.8,35.2,18.503,42.522,19.0
2026-06-01T13:07:58Z,232,33.0,22.0,37.0,18.8,35.3,18.535,42.379,19.0
2026-06-01T13:12:58Z,232,32.0,21.0,37.0,18.8,35.0,18.543,42.316,19.0
2026-06-01T13:17:58Z,232,32.0,22.0,35.0,18.9,35.0,18.551,42.192,19.0
2026-06-01T13:22:58Z,232,33.0,22.0,39.0,18.9,34.9,18.554,42.136,19.0
2026-06-01T13:27:58Z,232,32.0,21.0,35.0,18.9,34.8,18.562,41.988,19.0
2026-06-01T13:32:58Z,232,32.0,21.0,35.0,18.9,34.8,18.594,41.826,19.0
2026-06-01T13:37:58Z,232,34.0,22.0,39.0,18.9,34.7,18.597,41.904,19.0
2026-06-01T13:42:58Z,232,30.0,21.0,34.0,18.9,34.7,18.615,41.845,19.0
2026-06-01T13:47:58Z,232,34.0,22.0,38.0,19.0,34.7,18.639,41.877,19.0
2026-06-01T13:52:58Z,232,32.0,21.0,37.0,19.0,34.7,18.663,41.89,19.0
2026-06-01T13:57:58Z,232,31.0,21.0,35.0,19.0,34.5,18.706,41.442,19.0
2026-06-01T14:02:58Z,232,32.0,19.0,33.0,19.0,34.5,18.687,41.547,19.0
2026-06-01T14:07:58Z,232,36.0,23.0,42.0,19.0,34.4,18.589,41.894,19.0
2026-06-01T14:12:58Z,232,35.0,22.0,41.0,19.0,34.6,18.586,42.301,19.0
2026-06-01T14:17:58Z,232,38.0,23.0,45.0,19.0,34.8,18.695,42.661,19.0
2026-06-01T14:22:58Z,232,35.0,22.0,42.0,19.0,35.2,18.808,42.734,19.0
2026-06-01T14:27:58Z,232,39.0,25.0,45.0,19.1,35.4,18.901,43.094,19.0
2026-06-01T14:32:58Z,232,36.0,24.0,42.0,19.1,35.9,18.968,43.72,19.0
2026-06-01T14:37:58Z,232,34.0,22.0,38.0,19.2,36.1,19.083,44.01,19.0
2026-06-01T14:42:58Z,232,38.0,24.0,45.0,19.3,36.5,19.168,44.488,19.0
2026-06-01T14:47:58Z,232,36.0,24.0,41.0,19.3,36.6,19.195,44.71,19.0
2026-06-01T14:52:58Z,232,37.0,24.0,43.0,19.4,36.8,19.256,44.87,19.0
2026-06-01T14:57:58Z,232,37.0,24.0,43.0,19.4,36.8,19.312,45.005,19.0
2026-06-01T15:02:58Z,232,37.0,24.0,45.0,19.5,37.0,19.398,45.263,19.0
2026-06-01T15:07:58Z,232,36.0,24.0,42.0,19.5,36.9,19.371,45.177,19.0
2026-06-01T15:12:58Z,232,39.0,24.0,45.0,19.5,37.0,19.424,45.707,19.0
2026-06-01T15:22:58Z,232,35.0,24.0,41.0,19.6,37.2,19.526,45.562,19.0
2026-06-01T15:27:58Z,232,37.0,24.0,45.0,19.7,37.2,19.553,45.661,19.0
2026-06-01T15:32:58Z,232,37.0,23.0,44.0,19.7,37.3,19.59,45.766,19.0
2026-06-01T15:37:58Z,232,34.0,22.0,39.0,19.7,37.2,19.627,45.534,19.0
2026-06-01T15:42:58Z,232,36.0,24.0,43.0,19.8,37.1,19.657,45.383,19.0
2026-06-01T15:47:58Z,232,36.0,24.0,42.0,19.8,37.2,19.723,45.459,19.0
2026-06-01T15:52:58Z,232,38.0,25.0,45.0,19.8,37.1,19.739,45.511,19.0
2026-06-01T16:02:58Z,232,35.0,22.0,40.0,19.9,37.2,19.793,45.484,19.0
2026-06-01T16:07:58Z,232,39.0,25.0,46.0,19.9,37.5,19.886,46.066,19.0
2026-06-01T16:12:58Z,232,41.0,27.0,49.0,20.0,37.7,19.932,46.403,19.0
2026-06-01T16:17:58Z,232,41.0,27.0,50.0,20.0,37.8,19.964,46.466,19.0
2026-06-01T16:22:58Z,232,45.0,28.0,55.0,20.1,37.9,20.012,46.617,19.0
2026-06-01T16:27:58Z,232,46.0,29.0,55.0,20.1,37.9,20.023,46.604,19.0
2026-06-01T16:32:58Z,232,45.0,29.0,55.0,20.1,37.9,20.041,46.602,19.0
2026-06-01T16:42:58Z,232,46.0,29.0,57.0,20.2,38.1,20.092,46.993,19.0
2026-06-01T16:47:58Z,232,48.0,30.0,60.0,20.2,37.9,20.151,47.088,19.0
2026-06-01T16:52:58Z,232,48.0,30.0,59.0,20.2,38.0,20.097,47.01,19.0
2026-06-01T16:57:58Z,232,46.0,29.0,56.0,20.2,37.9,20.105,46.996,19.0
2026-06-01T17:02:58Z,232,45.0,29.0,56.0,20.2,37.9,20.135,46.903,19.0
2026-06-01T17:07:58Z,232,48.0,30.0,58.0,20.2,38.0,20.156,46.892,19.0
2026-06-01T17:12:58Z,232,48.0,30.0,59.0,20.2,38.0,20.172,46.932,19.0
2026-06-01T17:17:58Z,232,46.0,29.0,56.0,20.3,37.9,20.183,46.953,19.0
2026-06-01T17:22:58Z,232,47.0,30.0,57.0,20.3,37.9,20.191,46.819,19.0
2026-06-01T17:27:58Z,232,47.0,28.0,58.0,20.3,38.0,20.215,46.897,19.0
2026-06-01T17:32:58Z,232,46.0,29.0,56.0,20.3,38.2,20.247,46.901,19.0
2026-06-01T17:37:58Z,232,43.0,28.0,52.0,20.4,38.2,20.29,47.252,19.0
2026-06-01T17:42:58Z,232,43.0,28.0,54.0,20.3,38.4,20.348,47.386,19.0
2026-06-01T17:47:58Z,232,43.0,27.0,52.0,20.4,38.4,20.383,47.418,19.0
2026-06-01T17:52:58Z,232,42.0,27.0,52.0,20.4,38.4,20.396,47.368,19.0
2026-06-01T17:57:58Z,232,44.0,28.0,53.0,20.4,38.4,20.45,47.189,19.0
2026-06-01T18:02:58Z,232,42.0,27.0,52.0,20.5,38.3,20.471,47.147,19.0
2026-06-01T18:07:58Z,232,42.0,28.0,50.0,20.5,38.4,20.514,47.178,19.0
2026-06-01T18:12:58Z,232,45.0,28.0,55.0,20.5,38.3,20.533,47.222,19.0
2026-06-01T18:17:58Z,232,41.0,27.0,49.0,20.5,38.4,20.578,47.189,19.0
2026-06-01T18:22:58Z,232,41.0,27.0,49.0,20.6,38.1,20.578,47.138,19.0
2026-06-01T18:27:58Z,232,43.0,28.0,52.0,20.6,38.3,20.626,47.037,19.0
2026-06-01T18:32:59Z,232,42.0,27.0,51.0,20.7,38.1,20.674,46.966,19.0
2026-06-01T18:37:59Z,232,42.0,27.0,52.0,20.7,38.1,20.703,46.943,19.0
2026-06-01T18:42:59Z,232,43.0,28.0,53.0,20.7,38.0,20.76,46.914,19.0
2026-06-01T18:47:59Z,232,44.0,29.0,53.0,20.8,38.2,20.797,47.006,19.0
2026-06-01T18:52:59Z,232,44.0,28.0,53.0,20.8,38.3,20.808,47.075,19.0
2026-06-01T19:02:59Z,232,43.0,27.0,52.0,20.8,38.3,20.853,47.285,19.0
2026-06-01T19:07:59Z,232,44.0,28.0,55.0,20.8,38.5,20.888,47.374,19.0
2026-06-01T19:12:59Z,232,46.0,29.0,57.0,20.9,38.5,20.904,47.59,19.0
2026-06-01T19:17:59Z,232,47.0,30.0,57.0,20.8,38.6,20.898,47.71,19.0
2026-06-01T19:22:59Z,232,46.0,29.0,56.0,20.9,38.6,20.898,47.784,19.0
2026-06-01T19:27:59Z,232,45.0,28.0,56.0,20.9,38.4,20.88,47.758,19.0
2026-06-01T19:32:59Z,232,47.0,29.0,59.0,20.9,38.7,20.888,48.227,19.0
2026-06-01T19:37:59Z,232,47.0,30.0,60.0,20.9,39.2,20.984,49.688,19.0
2026-06-01T19:42:59Z,232,47.0,29.0,58.0,20.9,39.0,21.144,47.786,19.0
2026-06-01T19:47:59Z,232,47.0,28.0,57.0,21.0,38.7,21.267,47.643,19.0
2026-06-01T19:52:59Z,232,46.0,30.0,57.0,21.1,39.1,21.398,47.738,19.0
2026-06-01T19:57:59Z,232,45.0,29.0,55.0,21.2,39.0,21.523,47.616,19.0
2026-06-01T20:02:59Z,232,46.0,29.0,55.0,21.3,38.9,21.657,47.311,19.0
2026-06-01T20:07:59Z,232,46.0,29.0,56.0,21.4,38.7,21.774,47.281,19.0
2026-06-01T20:12:59Z,232,46.0,29.0,59.0,21.5,38.8,21.881,47.212,19.0
2026-06-01T20:22:59Z,232,45.0,28.0,56.0,21.7,38.9,22.234,46.907,19.0
2026-06-01T20:27:59Z,232,44.0,28.0,54.0,21.8,38.8,22.207,47.054,19.0
2026-06-01T20:32:59Z,232,48.0,30.0,60.0,21.9,39.1,22.34,47.63,19.0
2026-06-01T20:37:59Z,232,46.0,29.0,56.0,22.0,38.7,22.431,47.004,19.0
2026-06-01T20:42:59Z,232,51.0,33.0,63.0,22.0,38.4,22.439,46.768,19.0
2026-06-01T20:47:59Z,232,49.0,32.0,59.0,22.1,38.4,22.469,46.737,19.0
2026-06-01T20:52:59Z,232,53.0,34.0,67.0,22.1,38.3,22.533,46.531,19.0
2026-06-01T20:57:59Z,232,50.0,32.0,63.0,22.2,37.8,22.591,45.74,19.0
2026-06-02T17:39:48Z,232,0.0,0.0,0.0,,,,,28.0
2026-06-02T18:06:01Z,232,25.0,18.0,25.0,16.6,38.9,22.047,34.673,28.0
2026-06-25T21:12:30Z,232,22.0,9.0,26.0,14.9,36.0,19.654,34.332,27.0
2026-06-25T21:17:01Z,232,25.0,19.0,27.0,17.3,33.5,20.001,32.804,27.0
2026-06-25T21:22:01Z,232,34.0,21.0,39.0,18.2,32.0,20.124,31.524,27.0
2026-06-25T21:27:01Z,232,27.0,19.0,27.0,18.8,31.2,20.199,32.252,27.0
2026-06-25T21:32:01Z,232,27.0,19.0,28.0,19.3,30.6,20.38,31.68,27.0
2026-06-25T21:37:01Z,232,32.0,22.0,33.0,19.7,29.8,20.479,31.432,27.0
2026-06-25T21:42:01Z,232,30.0,19.0,33.0,20.1,29.3,20.599,31.278,27.0
2026-06-25T21:47:01Z,232,30.0,22.0,33.0,20.4,28.8,20.685,30.997,27.0
2026-06-25T21:52:01Z,232,43.0,28.0,51.0,20.6,27.3,20.567,27.862,27.0
2026-06-25T21:57:01Z,232,39.0,24.0,45.0,20.8,27.3,20.647,29.504,27.0
2026-06-25T22:02:01Z,232,35.0,23.0,40.0,20.9,27.2,20.762,29.588,27.0
2026-06-25T22:07:01Z,232,33.0,22.0,37.0,21.1,27.0,20.797,29.296,27.0
2026-06-25T22:12:01Z,232,42.0,25.0,52.0,21.2,26.2,20.797,27.238,27.0
2026-06-25T22:17:01Z,232,41.0,22.0,51.0,21.3,25.4,20.695,26.893,27.0
2026-06-25T22:22:01Z,232,34.0,22.0,42.0,21.3,25.1,20.786,26.341,27.0
2026-06-25T22:27:02Z,232,35.0,22.0,38.0,21.4,25.0,20.8,26.927,27.0
2026-06-25T22:32:01Z,232,31.0,21.0,37.0,21.4,25.1,20.808,27.003,27.0
2026-06-25T22:37:02Z,232,32.0,20.0,38.0,21.5,25.0,20.818,26.784,27.0
2026-06-25T22:42:01Z,232,32.0,20.0,34.0,21.5,24.7,20.845,26.559,27.0
2026-06-25T22:47:02Z,232,29.0,17.0,32.0,21.5,24.6,20.81,26.387,27.0
2026-06-25T22:52:01Z,232,26.0,16.0,29.0,21.6,24.4,20.834,26.231,27.0
2026-06-25T22:57:02Z,232,30.0,17.0,30.0,21.6,24.3,20.789,26.177,27.0
2026-06-25T23:02:01Z,232,27.0,16.0,27.0,21.6,24.2,20.797,26.195,27.0
2026-06-25T23:07:02Z,232,26.0,19.0,27.0,21.6,24.1,20.773,26.101,27.0
2026-06-25T23:12:02Z,232,25.0,14.0,25.0,21.6,24.0,20.733,25.916,27.0
2026-06-25T23:17:02Z,232,26.0,13.0,27.0,21.6,24.0,20.749,25.727,27.0
2026-06-25T23:22:02Z,232,25.0,15.0,25.0,21.6,23.9,20.711,25.577,27.0
2026-06-25T23:27:02Z,232,25.0,11.0,25.0,21.6,23.7,20.834,25.394,27.0
2026-06-25T23:32:02Z,232,25.0,10.0,26.0,21.6,23.5,20.853,24.612,27.0
2026-06-25T23:37:02Z,232,21.0,10.0,22.0,21.6,23.4,20.824,25.191,27.0
2026-06-25T23:42:02Z,232,22.0,10.0,22.0,21.6,23.3,20.885,24.739,27.0
2026-06-25T23:47:02Z,232,24.0,12.0,24.0,21.6,23.2,20.896,24.97,27.0
2026-06-25T23:52:02Z,232,22.0,9.0,22.0,21.6,23.3,20.861,24.877,27.0
2026-06-25T23:57:02Z,232,18.0,8.0,19.0,21.6,23.1,20.786,23.805,27.0
2026-06-26T00:02:02Z,232,13.0,5.0,15.0,21.6,22.8,20.944,24.192,27.0
2026-06-26T00:07:02Z,232,16.0,7.0,18.0,21.6,22.8,20.93,23.774,27.0
2026-06-26T00:12:02Z,232,19.0,7.0,22.0,21.6,22.8,20.914,23.982,27.0
2026-06-26T00:17:02Z,232,23.0,10.0,23.0,21.7,22.7,20.973,23.734,27.0
2026-06-26T00:22:02Z,232,22.0,10.0,23.0,21.7,22.4,20.995,23.475,27.0
2026-06-26T00:27:02Z,232,22.0,9.0,24.0,21.7,22.7,21.056,23.639,27.0
2026-06-26T00:32:02Z,232,22.0,10.0,24.0,21.7,22.4,21.064,23.826,27.0
2026-06-26T00:37:02Z,232,19.0,7.0,20.0,21.7,22.4,21.0,23.356,27.0
2026-06-26T00:42:02Z,232,18.0,7.0,19.0,21.7,22.4,20.973,23.328,27.0
2026-06-26T00:47:02Z,232,16.0,5.0,17.0,21.8,22.2,20.946,23.067,27.0
2026-06-26T00:52:02Z,232,18.0,6.0,20.0,21.7,22.1,20.925,23.385,27.0
2026-06-26T00:57:02Z,232,9.0,5.0,11.0,21.7,21.9,20.922,22.805,27.0
2026-06-26T01:02:02Z,232,10.0,4.0,13.0,21.7,21.9,20.888,22.748,27.0
2026-06-26T01:07:02Z,232,9.0,4.0,9.0,21.7,21.8,20.904,22.84,27.0
2026-06-26T01:12:02Z,232,7.0,3.0,7.0,21.7,21.7,20.917,22.662,27.0
2026-06-26T01:17:02Z,232,8.0,2.0,8.0,21.6,21.6,20.898,22.321,27.0
2026-06-26T01:22:02Z,232,9.0,5.0,9.0,21.6,21.4,20.901,22.538,27.0
2026-06-26T01:27:02Z,232,7.0,3.0,8.0,21.6,21.4,20.872,22.029,27.0
2026-06-26T01:32:02Z,232,7.0,4.0,8.0,21.7,21.1,20.85,22.042,27.0
2026-06-26T01:37:02Z,232,6.0,3.0,6.0,21.6,21.1,20.869,21.93,27.0
2026-06-26T01:42:02Z,232,7.0,3.0,7.0,21.6,21.0,20.824,21.937,27.0
2026-06-26T01:47:02Z,232,4.0,2.0,4.0,21.6,21.1,20.864,21.958,27.0
2026-06-26T01:52:02Z,232,5.0,2.0,5.0,21.6,21.3,20.808,22.132,27.0
2026-06-26T01:57:02Z,232,4.0,2.0,5.0,21.6,20.9,20.794,22.342,27.0
2026-06-26T02:02:02Z,232,5.0,3.0,5.0,21.6,21.3,20.77,22.13,27.0
2026-06-26T02:07:02Z,232,6.0,4.0,7.0,21.6,21.0,20.743,22.269,27.0
2026-06-26T02:12:02Z,232,6.0,4.0,6.0,21.6,21.0,20.741,22.254,27.0
2026-06-26T02:17:02Z,232,6.0,3.0,7.0,21.5,21.0,20.76,22.25,27.0
2026-06-26T02:22:02Z,232,6.0,2.0,6.0,21.5,21.1,20.735,22.187,27.0
2026-06-26T02:27:02Z,232,7.0,4.0,7.0,21.5,21.2,20.743,22.21,27.0
2026-06-26T02:32:02Z,232,7.0,3.0,7.0,21.5,21.0,20.706,22.191,27.0
2026-06-26T02:37:02Z,232,9.0,4.0,9.0,21.5,21.0,20.768,22.201,27.0
2026-06-26T02:42:02Z,232,9.0,5.0,9.0,21.5,21.0,20.722,22.199,27.0
2026-06-26T02:47:02Z,232,8.0,4.0,8.0,21.5,20.9,20.735,22.182,27.0
2026-06-26T02:52:02Z,232,6.0,3.0,6.0,21.5,21.0,20.735,22.269,27.0
2026-06-26T02:57:02Z,232,7.0,4.0,7.0,21.4,21.0,20.674,22.328,27.0
2026-06-26T03:02:02Z,232,7.0,4.0,8.0,21.5,20.9,20.661,22.388,27.0
2026-06-26T03:07:02Z,232,6.0,4.0,6.0,21.5,20.9,20.658,22.563,27.0
2026-06-26T03:12:02Z,232,11.0,5.0,11.0,21.4,21.0,20.613,22.618,27.0
2026-06-26T03:17:02Z,232,11.0,6.0,12.0,21.4,21.2,20.607,22.672,27.0
2026-06-26T03:22:02Z,232,9.0,6.0,12.0,21.4,21.0,20.583,22.786,27.0
2026-06-26T03:27:02Z,232,10.0,5.0,10.0,21.4,21.1,20.541,22.807,27.0
2026-06-26T03:32:02Z,232,11.0,7.0,12.0,21.4,21.1,20.541,22.771,27.0
2026-06-26T03:37:02Z,232,9.0,4.0,9.0,21.4,21.0,20.538,22.595,27.0
2026-06-26T03:42:02Z,232,7.0,3.0,7.0,21.4,20.9,20.546,22.542,27.0
2026-06-26T03:47:02Z,232,7.0,4.0,8.0,21.4,20.9,20.482,22.405,27.0
2026-06-26T03:52:02Z,232,7.0,4.0,8.0,21.3,20.8,20.458,22.47,27.0
2026-06-26T03:57:02Z,232,7.0,3.0,7.0,21.3,20.8,20.476,22.279,27.0
2026-06-26T04:02:02Z,232,9.0,5.0,9.0,21.3,20.8,20.452,22.42,27.0
2026-06-26T04:07:02Z,232,6.0,4.0,6.0,21.3,20.9,20.434,22.5,27.0
2026-06-26T04:12:02Z,232,6.0,3.0,6.0,21.2,20.9,20.402,22.473,27.0
2026-06-26T04:17:02Z,232,6.0,2.0,7.0,21.2,20.8,20.436,22.386,27.0
2026-06-26T04:22:02Z,232,5.0,3.0,5.0,21.2,20.6,20.439,22.202,27.0
2026-06-26T04:27:02Z,232,7.0,3.0,7.0,21.2,20.5,20.447,22.099,27.0
2026-06-26T04:32:02Z,232,5.0,3.0,5.0,21.2,20.7,20.412,22.079,27.0
2026-06-26T04:37:02Z,232,5.0,2.0,5.0,21.2,20.7,20.356,22.054,27.0
2026-06-26T04:42:02Z,232,6.0,5.0,6.0,21.2,20.5,20.346,21.966,27.0
2026-06-26T04:47:02Z,232,5.0,1.0,5.0,21.2,20.5,20.359,21.819,27.0
2026-06-26T04:52:02Z,232,5.0,3.0,5.0,21.1,20.5,20.346,21.626,27.0
2026-06-26T04:57:02Z,232,4.0,3.0,4.0,21.1,20.4,20.354,21.548,27.0
2026-06-26T05:02:02Z,232,5.0,1.0,6.0,21.1,20.2,20.335,21.592,27.0
2026-06-26T05:07:02Z,232,3.0,0.0,3.0,21.1,20.3,20.249,21.634,27.0
2026-06-26T05:12:02Z,232,4.0,2.0,4.0,21.1,20.3,20.244,21.564,27.0
2026-06-26T05:17:03Z,232,3.0,1.0,3.0,21.1,20.3,20.215,21.649,27.0
2026-06-26T05:22:03Z,232,4.0,2.0,5.0,21.0,20.4,20.212,21.543,27.0
2026-06-26T05:27:03Z,232,4.0,2.0,4.0,21.1,20.3,20.172,21.586,27.0
2026-06-26T05:32:03Z,232,3.0,0.0,4.0,21.0,20.2,20.14,21.598,27.0
2026-06-26T05:37:03Z,232,4.0,1.0,5.0,21.0,20.3,20.153,21.569,27.0
2026-06-26T05:42:03Z,232,3.0,1.0,3.0,20.9,20.2,20.119,21.518,27.0
2026-06-26T05:47:03Z,232,4.0,1.0,4.0,20.9,20.0,20.127,21.438,27.0
2026-06-26T05:52:03Z,232,3.0,1.0,4.0,20.9,20.2,20.111,21.367,27.0
2026-06-26T05:57:03Z,232,2.0,0.0,2.0,20.9,20.2,20.124,21.331,27.0
2026-06-26T06:02:03Z,232,5.0,1.0,5.0,20.9,20.2,20.1,21.293,27.0
2026-06-26T06:07:03Z,232,3.0,1.0,3.0,20.9,20.0,20.055,21.369,27.0
2026-06-26T06:12:03Z,232,3.0,1.0,3.0,20.9,20.0,20.073,21.281,27.0
2026-06-26T06:17:03Z,232,3.0,2.0,3.0,20.9,19.9,20.049,21.358,27.0
2026-06-26T06:22:03Z,232,2.0,0.0,2.0,20.9,20.0,20.017,21.285,27.0
2026-06-26T06:27:03Z,232,2.0,1.0,2.0,20.8,19.9,20.044,21.203,27.0
2026-06-26T06:32:03Z,232,5.0,1.0,5.0,20.9,19.9,20.06,21.144,27.0
2026-06-26T06:37:03Z,232,2.0,1.0,3.0,20.9,20.0,20.071,21.144,27.0
2026-06-26T06:42:05Z,232,5.0,4.0,5.0,20.8,19.9,20.044,21.127,27.0
2026-06-26T06:47:22Z,232,5.0,2.0,6.0,20.8,19.9,20.052,21.132,27.0
2026-06-26T06:52:22Z,232,4.0,1.0,4.0,20.8,19.9,20.044,21.144,27.0
2026-06-26T06:57:22Z,232,5.0,1.0,5.0,20.8,19.8,20.052,21.117,27.0
2026-06-26T07:02:03Z,232,4.0,1.0,4.0,20.8,19.9,20.012,21.083,27.0
2026-06-26T07:07:04Z,232,4.0,1.0,4.0,20.8,20.0,20.036,20.974,27.0
2026-06-26T07:12:03Z,232,5.0,2.0,5.0,20.8,19.8,20.055,21.024,27.0
2026-06-26T07:17:03Z,232,5.0,2.0,5.0,20.8,19.8,20.033,21.007,27.0
2026-06-26T07:22:03Z,232,5.0,3.0,5.0,20.8,19.7,20.041,21.077,27.0
2026-06-26T07:27:03Z,232,5.0,2.0,5.0,20.8,19.8,20.023,21.106,27.0
2026-06-26T07:32:03Z,232,5.0,3.0,7.0,20.8,19.9,19.996,21.062,27.0
2026-06-26T07:37:03Z,232,3.0,2.0,4.0,20.8,19.7,19.996,21.081,27.0
2026-06-26T07:42:03Z,232,4.0,3.0,6.0,20.8,19.7,19.982,21.132,27.0
2026-06-26T07:47:03Z,232,6.0,3.0,6.0,20.8,19.9,19.996,21.028,27.0
2026-06-26T07:52:03Z,232,4.0,1.0,4.0,20.8,19.8,19.99,20.934,27.0
2026-06-26T07:57:03Z,232,4.0,1.0,4.0,20.8,19.7,19.974,20.753,27.0
2026-06-26T08:02:03Z,232,5.0,3.0,5.0,20.8,19.7,19.961,20.724,27.0
2026-06-26T08:07:03Z,232,4.0,2.0,4.0,20.8,19.7,19.95,20.698,27.0
2026-06-26T08:12:03Z,232,3.0,1.0,4.0,20.8,19.6,19.932,20.719,27.0
2026-06-26T08:17:03Z,232,4.0,2.0,4.0,20.8,19.6,19.953,20.602,27.0
2026-06-26T08:22:03Z,232,3.0,2.0,5.0,20.8,19.6,19.926,20.669,27.0
2026-06-26T08:27:03Z,232,3.0,1.0,3.0,20.8,19.7,19.908,20.64,27.0
2026-06-26T08:32:03Z,232,5.0,0.0,5.0,20.7,19.6,19.836,20.722,27.0
2026-06-26T08:37:03Z,232,4.0,2.0,4.0,20.7,19.6,19.876,20.766,27.0
2026-06-26T08:42:03Z,232,3.0,0.0,3.0,20.7,19.7,19.841,20.844,27.0
2026-06-26T08:47:03Z,232,6.0,2.0,6.0,20.7,19.7,19.82,20.978,27.0
2026-06-26T08:52:03Z,232,5.0,2.0,5.0,20.7,19.6,19.806,21.07,27.0
2026-06-26T08:57:03Z,232,4.0,2.0,4.0,20.6,19.6,19.804,21.119,27.0
2026-06-26T09:02:03Z,232,5.0,1.0,5.0,20.7,19.7,19.785,21.125,27.0
2026-06-26T09:07:03Z,232,4.0,1.0,4.0,20.7,19.8,19.782,21.068,27.0
2026-06-26T09:12:04Z,232,4.0,2.0,4.0,20.7,19.7,19.771,21.18,27.0
2026-06-26T09:17:03Z,232,7.0,4.0,8.0,20.7,19.7,19.801,21.245,27.0
2026-06-26T09:22:03Z,232,6.0,4.0,6.0,20.7,19.8,19.777,21.377,27.0
2026-06-26T09:27:03Z,232,6.0,3.0,7.0,20.7,19.8,19.782,21.459,27.0
2026-06-26T09:32:03Z,232,6.0,3.0,6.0,20.6,20.0,19.766,21.647,27.0
2026-06-26T09:37:03Z,232,6.0,3.0,6.0,20.7,19.8,19.747,21.726,27.0
2026-06-26T09:42:04Z,232,6.0,3.0,6.0,20.6,20.0,19.75,21.743,27.0
2026-06-26T09:47:03Z,232,6.0,3.0,7.0,20.6,20.0,19.747,21.796,27.0
2026-06-26T09:52:03Z,232,7.0,4.0,7.0,20.6,20.1,19.705,21.871,27.0
2026-06-26T09:57:03Z,232,4.0,3.0,5.0,20.6,20.0,19.721,21.976,27.0
2026-06-26T10:02:03Z,232,6.0,4.0,6.0,20.6,20.1,19.715,22.035,27.0
2026-06-26T10:07:03Z,232,8.0,3.0,8.0,20.6,20.2,19.694,22.105,27.0
2026-06-26T10:12:03Z,232,7.0,4.0,7.0,20.6,20.1,19.667,21.945,27.0
2026-06-26T10:17:03Z,232,7.0,4.0,8.0,20.6,20.0,19.625,21.735,27.0
2026-06-26T10:22:04Z,232,7.0,4.0,8.0,20.5,20.0,19.627,21.714,27.0
2026-06-26T10:27:04Z,232,5.0,3.0,5.0,20.5,20.0,19.622,21.605,27.0
2026-06-26T10:32:03Z,232,5.0,2.0,5.0,20.5,20.0,19.659,21.485,27.0
2026-06-26T10:37:04Z,232,5.0,4.0,5.0,20.5,19.9,19.638,21.459,27.0
2026-06-26T10:42:04Z,232,6.0,4.0,7.0,20.5,20.0,19.63,21.459,27.0
2026-06-26T10:47:04Z,232,6.0,3.0,6.0,20.5,19.9,19.681,21.403,27.0
2026-06-26T10:52:03Z,232,8.0,3.0,9.0,20.5,19.9,19.646,21.401,27.0
2026-06-26T10:57:03Z,232,5.0,2.0,6.0,20.5,19.8,19.641,21.459,27.0
2026-06-26T11:02:04Z,232,5.0,3.0,6.0,20.5,20.0,19.603,21.457,27.0
2026-06-26T11:07:04Z,232,6.0,2.0,6.0,20.5,19.9,19.585,21.499,27.0
2026-06-26T11:12:04Z,232,6.0,3.0,6.0,20.5,19.9,19.577,21.298,27.0
2026-06-26T11:17:04Z,232,6.0,3.0,6.0,20.5,19.8,19.574,21.127,27.0
2026-06-26T11:22:04Z,232,5.0,1.0,7.0,20.5,19.7,19.545,21.039,27.0
2026-06-26T11:27:04Z,232,3.0,1.0,4.0,20.5,19.6,19.526,20.955,27.0
2026-06-26T11:32:04Z,232,4.0,1.0,5.0,20.5,19.6,19.518,20.886,27.0
2026-06-26T11:37:04Z,232,4.0,2.0,4.0,20.5,19.6,19.51,20.797,27.0
2026-06-26T11:42:04Z,232,4.0,1.0,4.0,20.4,19.5,19.491,20.85,27.0
2026-06-26T11:47:04Z,232,3.0,1.0,3.0,20.4,19.6,19.472,20.69,27.0
2026-06-26T11:52:04Z,232,1.0,0.0,2.0,20.4,19.4,19.488,20.644,27.0
2026-06-26T11:57:04Z,232,4.0,1.0,4.0,20.4,19.5,19.459,20.614,27.0
2026-06-26T12:02:04Z,232,3.0,0.0,3.0,20.4,19.3,19.44,20.669,27.0
2026-06-26T12:07:04Z,232,2.0,0.0,2.0,20.4,19.4,19.427,20.73,27.0
2026-06-26T12:12:04Z,232,3.0,1.0,3.0,20.3,19.3,19.424,20.783,27.0
2026-06-26T12:17:04Z,232,4.0,2.0,4.0,20.3,19.4,19.232,20.656,27.0
2026-06-26T12:22:04Z,232,3.0,1.0,4.0,20.3,19.4,19.307,20.724,27.0
2026-06-26T12:27:04Z,232,4.0,2.0,4.0,20.3,19.4,19.312,20.806,27.0
2026-06-26T12:32:04Z,232,3.0,2.0,3.0,20.3,19.6,19.312,20.938,27.0
2026-06-26T12:37:04Z,232,3.0,0.0,3.0,20.3,19.6,19.31,21.144,27.0
2026-06-26T12:42:04Z,232,5.0,2.0,5.0,20.3,19.6,19.315,21.26,27.0
2026-06-26T12:47:04Z,232,7.0,2.0,7.0,20.2,19.6,19.296,21.369,27.0
2026-06-26T12:52:04Z,232,5.0,3.0,6.0,20.2,19.7,19.307,21.527,27.0
2026-06-26T12:57:04Z,232,4.0,1.0,4.0,20.2,19.8,19.275,21.813,27.0
2026-06-26T13:02:04Z,232,8.0,4.0,8.0,20.2,20.0,19.136,22.124,27.0
2026-06-26T13:07:04Z,232,7.0,5.0,8.0,20.2,19.9,19.251,22.155,27.0
2026-06-26T13:12:04Z,232,6.0,2.0,6.0,20.2,20.2,19.315,22.315,27.0
2026-06-26T13:17:04Z,232,11.0,5.0,11.0,20.2,20.2,19.36,22.395,27.0
2026-06-26T13:22:04Z,232,8.0,3.0,9.0,20.2,20.2,19.371,22.41,27.0
2026-06-26T13:27:04Z,232,7.0,3.0,7.0,20.2,20.4,19.454,22.311,27.0
2026-06-26T13:37:04Z,232,8.0,4.0,8.0,20.2,20.3,19.48,22.416,27.0
2026-06-26T13:42:04Z,232,8.0,3.0,8.0,20.3,20.3,19.478,22.689,27.0
2026-06-26T13:47:04Z,232,7.0,3.0,8.0,20.3,20.4,19.52,22.418,27.0
2026-06-26T13:52:04Z,232,7.0,3.0,7.0,20.3,20.4,19.593,22.134,27.0
2026-06-26T13:57:04Z,232,4.0,2.0,5.0,20.4,20.2,19.681,21.909,27.0
2026-06-26T14:02:04Z,232,4.0,1.0,4.0,20.4,20.0,19.694,21.562,27.0
2026-06-26T14:07:04Z,232,5.0,1.0,6.0,20.4,20.1,19.691,21.79,27.0
2026-06-26T14:12:04Z,232,5.0,2.0,5.0,20.5,19.8,19.534,21.235,27.0
2026-06-26T14:17:04Z,232,7.0,3.0,7.0,20.4,19.8,19.416,21.232,27.0
2026-06-26T14:22:04Z,232,9.0,4.0,9.0,20.4,19.8,19.36,22.105,27.0
2026-06-26T14:27:04Z,232,9.0,6.0,9.0,20.4,20.2,19.478,22.346,27.0
2026-06-26T14:32:05Z,232,7.0,4.0,7.0,20.4,20.3,19.398,22.685,27.0
2026-06-26T14:37:04Z,232,7.0,4.0,8.0,20.4,20.4,19.499,22.748,27.0
2026-06-26T14:42:04Z,232,8.0,4.0,8.0,20.4,20.2,19.683,22.676,27.0
2026-06-26T14:47:04Z,232,12.0,5.0,12.0,20.5,20.5,19.745,22.971,27.0
2026-06-26T14:52:04Z,232,17.0,8.0,19.0,20.5,20.8,19.729,23.639,27.0
2026-06-26T14:57:04Z,232,19.0,7.0,22.0,20.5,20.9,19.553,23.431,27.0
2026-06-26T15:02:04Z,232,13.0,7.0,17.0,20.5,20.7,19.526,23.622,27.0
2026-06-26T15:07:04Z,232,14.0,8.0,16.0,20.5,21.2,19.673,23.814,27.0
2026-07-03T19:49:27Z,232,52.0,31.0,65.0,15.4,35.6,,,31.0
2026-07-03T19:53:59Z,232,60.0,35.0,71.0,17.3,32.0,,,31.0
2026-07-03T19:58:59Z,232,59.0,35.0,71.0,17.6,31.2,,,31.0
2026-07-03T20:03:59Z,232,61.0,39.0,70.0,17.7,30.7,,,31.0
2026-07-03T20:08:59Z,232,59.0,37.0,70.0,17.6,30.7,,,31.0
2026-07-03T20:13:59Z,232,58.0,34.0,68.0,17.4,30.7,,,31.0
2026-07-03T20:18:59Z,232,55.0,34.0,67.0,17.3,30.7,,,31.0
2026-07-03T20:23:59Z,232,63.0,38.0,72.0,17.2,31.2,,,31.0
2026-07-03T20:28:59Z,232,64.0,39.0,73.0,17.0,31.3,,,31.0
2026-07-03T20:33:59Z,232,61.0,37.0,72.0,16.9,31.6,,,31.0
2026-07-03T20:39:00Z,232,66.0,41.0,74.0,16.8,31.5,,,31.0
2026-07-03T20:43:59Z,232,66.0,40.0,74.0,16.7,31.8,,,31.0
2026-07-03T20:48:59Z,232,66.0,41.0,74.0,16.6,31.8,,,31.0
2026-07-03T20:53:59Z,232,65.0,40.0,73.0,16.4,32.1,,,31.0
2026-07-03T20:58:59Z,232,69.0,42.0,75.0,16.3,32.3,,,31.0
2026-07-03T21:03:59Z,232,71.0,43.0,77.0,16.2,32.5,,,31.0
2026-07-03T21:08:59Z,232,67.0,41.0,74.0,16.1,32.6,,,31.0
2026-07-03T21:13:59Z,232,67.0,41.0,75.0,16.0,33.0,,,31.0
2026-07-03T21:18:59Z,232,73.0,44.0,78.0,15.9,33.0,,,31.0
2026-07-03T21:23:59Z,232,71.0,43.0,77.0,15.8,33.4,,,31.0
2026-07-03T21:28:59Z,232,79.0,48.0,84.0,15.6,33.4,,,31.0
2026-07-03T21:33:59Z,232,70.0,44.0,76.0,15.6,33.6,,,31.0
2026-07-03T21:39:00Z,232,67.0,42.0,75.0,15.4,33.8,,,31.0
2026-07-03T21:44:00Z,232,68.0,42.0,76.0,15.4,33.9,,,31.0
2026-07-03T21:49:00Z,232,70.0,43.0,77.0,15.2,34.3,,,31.0
2026-07-03T21:54:00Z,232,71.0,44.0,79.0,15.1,34.6,,,31.0
2026-07-03T21:59:00Z,232,66.0,42.0,75.0,15.0,34.5,,,31.0
2026-07-03T22:04:00Z,232,71.0,44.0,79.0,14.9,34.7,,,31.0
2026-07-03T22:09:00Z,232,65.0,42.0,76.0,14.8,34.6,,,31.0
2026-07-03T22:14:00Z,232,70.0,43.0,77.0,14.6,34.8,,,31.0
2026-07-03T22:19:00Z,232,72.0,45.0,78.0,14.5,34.9,,,31.0
2026-07-03T22:24:00Z,232,63.0,39.0,73.0,14.4,35.1,,,31.0
2026-07-03T22:29:00Z,232,64.0,39.0,74.0,14.3,35.1,,,31.0
2026-07-03T22:34:00Z,232,52.0,33.0,64.0,14.2,34.4,,,31.0
2026-07-03T22:39:00Z,232,51.0,34.0,64.0,14.2,34.4,,,31.0
2026-07-03T22:44:00Z,232,49.0,32.0,61.0,14.1,34.6,,,31.0
2026-07-03T22:49:00Z,232,52.0,32.0,62.0,14.0,34.8,,,31.0
2026-07-03T22:54:00Z,232,47.0,29.0,57.0,14.0,34.2,,,31.0
2026-07-03T22:59:00Z,232,47.0,29.0,56.0,13.9,34.3,,,31.0
2026-07-03T23:04:00Z,232,53.0,34.0,65.0,13.9,34.7,,,31.0
2026-07-03T23:09:00Z,232,57.0,36.0,71.0,13.8,35.2,,,31.0
2026-07-03T23:14:00Z,232,57.0,36.0,70.0,13.8,35.6,,,31.0
2026-07-03T23:19:00Z,232,54.0,34.0,68.0,13.7,35.5,,,31.0
2026-07-03T23:24:00Z,232,54.0,35.0,66.0,13.6,35.2,,,31.0
2026-07-03T23:29:00Z,232,53.0,34.0,67.0,13.6,35.4,,,31.0
2026-07-03T23:34:00Z,232,55.0,36.0,69.0,13.6,35.5,,,31.0
2026-07-03T23:39:00Z,232,56.0,36.0,70.0,13.5,35.9,,,31.0
2026-07-03T23:44:00Z,232,61.0,37.0,73.0,13.4,36.2,,,31.0
2026-07-03T23:49:00Z,232,62.0,40.0,74.0,13.4,36.4,,,31.0
2026-07-03T23:54:00Z,232,63.0,38.0,74.0,13.3,36.6,,,31.0
2026-07-03T23:59:00Z,232,70.0,43.0,78.0,13.3,36.6,,,31.0
2026-07-04T00:04:00Z,232,68.0,43.0,79.0,13.2,36.7,,,31.0
2026-07-04T00:09:00Z,232,74.0,44.0,83.0,13.2,36.8,,,31.0
2026-07-04T00:14:00Z,232,76.0,44.0,81.0,13.1,36.9,,,31.0
2026-07-04T00:19:00Z,232,68.0,40.0,76.0,13.1,37.0,,,31.0
2026-07-04T00:24:00Z,232,67.0,38.0,77.0,13.0,36.9,,,31.0
2026-07-04T00:29:00Z,232,62.0,37.0,75.0,13.0,37.2,,,31.0
2026-07-04T00:34:00Z,232,59.0,37.0,72.0,13.0,37.1,,,31.0
2026-07-04T00:39:00Z,232,64.0,40.0,75.0,12.9,37.5,,,31.0
2026-07-04T00:44:00Z,232,59.0,36.0,72.0,12.9,37.6,,,31.0
2026-07-04T00:49:00Z,232,57.0,36.0,71.0,12.8,37.5,,,31.0
2026-07-04T00:54:00Z,232,54.0,35.0,66.0,12.8,37.1,,,31.0
2026-07-04T00:59:00Z,232,53.0,34.0,66.0,12.7,36.8,,,31.0
2026-07-04T01:04:00Z,232,55.0,35.0,67.0,12.7,36.6,,,31.0
2026-07-04T01:09:00Z,232,51.0,32.0,63.0,12.7,36.7,,,31.0
2026-07-04T01:14:00Z,232,51.0,32.0,64.0,12.6,36.6,,,31.0
2026-07-04T01:19:00Z,232,51.0,33.0,64.0,12.6,37.0,,,31.0
2026-07-04T01:24:00Z,232,51.0,32.0,63.0,12.5,37.1,,,31.0
2026-07-04T01:29:00Z,232,52.0,33.0,65.0,12.5,37.3,,,31.0
2026-07-04T01:34:00Z,232,54.0,33.0,65.0,12.4,37.5,,,31.0
2026-07-04T01:39:00Z,232,54.0,33.0,66.0,12.4,37.8,,,31.0
2026-07-04T01:44:00Z,232,51.0,33.0,64.0,12.3,38.1,,,31.0
2026-07-04T01:49:00Z,232,55.0,33.0,69.0,12.3,38.4,,,31.0
2026-07-04T01:54:00Z,232,54.0,33.0,67.0,12.2,38.7,,,31.0
2026-07-04T01:59:00Z,232,54.0,35.0,66.0,12.1,39.0,,,31.0
2026-07-04T02:04:00Z,232,52.0,34.0,66.0,12.1,39.0,,,31.0
2026-07-04T02:09:00Z,232,52.0,34.0,66.0,12.0,39.2,,,31.0
2026-07-04T02:14:00Z,232,54.0,36.0,67.0,12.0,39.2,,,31.0
2026-07-04T02:19:00Z,232,54.0,35.0,68.0,11.9,39.6,,,31.0
2026-07-04T02:24:00Z,232,52.0,33.0,65.0,11.9,39.8,,,31.0
2026-07-04T02:29:00Z,232,53.0,34.0,65.0,11.9,39.8,,,31.0
2026-07-04T02:34:00Z,232,55.0,34.0,67.0,11.8,40.1,,,31.0
2026-07-04T02:39:00Z,232,53.0,34.0,66.0,11.8,40.0,,,31.0
2026-07-04T02:44:00Z,232,51.0,34.0,64.0,11.7,40.2,,,31.0
2026-07-04T02:49:00Z,232,52.0,32.0,63.0,11.6,40.3,,,31.0
2026-07-04T02:54:00Z,232,52.0,33.0,65.0,11.6,40.5,,,31.0
2026-07-04T02:59:00Z,232,51.0,33.0,63.0,11.6,40.6,,,31.0
2026-07-04T03:04:00Z,232,52.0,33.0,63.0,11.5,40.6,,,31.0
2026-07-04T03:09:00Z,232,53.0,34.0,66.0,11.5,40.5,,,31.0
2026-07-04T03:14:00Z,232,50.0,34.0,64.0,11.4,40.7,,,31.0
2026-07-04T03:19:00Z,232,52.0,34.0,63.0,11.4,40.9,,,31.0
2026-07-04T03:24:00Z,232,56.0,34.0,68.0,11.3,41.0,,,31.0
2026-07-04T03:29:00Z,232,52.0,33.0,63.0,11.2,41.3,,,31.0
2026-07-04T03:34:01Z,232,54.0,35.0,67.0,11.1,41.5,,,31.0
2026-07-04T03:39:00Z,232,53.0,34.0,65.0,11.1,41.5,,,31.0
2026-07-04T03:44:00Z,232,53.0,33.0,64.0,11.0,41.6,,,31.0
2026-07-04T03:49:00Z,232,50.0,32.0,61.0,11.0,41.8,,,31.0
2026-07-04T03:54:00Z,232,53.0,33.0,65.0,11.0,41.8,,,31.0
2026-07-04T03:59:00Z,232,52.0,34.0,65.0,10.9,41.9,,,31.0
2026-07-04T04:04:00Z,232,52.0,32.0,64.0,10.9,42.1,,,31.0
2026-07-04T04:09:00Z,232,52.0,33.0,63.0,10.9,42.1,,,31.0
2026-07-04T04:14:00Z,232,53.0,33.0,64.0,10.9,42.1,,,31.0
2026-07-04T04:19:00Z,232,52.0,34.0,64.0,10.8,42.1,,,31.0
2026-07-04T04:24:00Z,232,53.0,33.0,65.0,10.8,41.9,,,31.0
2026-07-04T04:29:00Z,232,50.0,32.0,63.0,10.8,41.6,,,31.0
2026-07-04T04:34:01Z,232,53.0,35.0,67.0,10.8,41.7,,,31.0
2026-07-04T04:39:00Z,232,54.0,33.0,67.0,10.7,41.8,,,31.0
2026-07-04T04:44:00Z,232,53.0,35.0,68.0,10.7,41.8,,,31.0
2026-07-04T04:49:00Z,232,51.0,32.0,64.0,10.7,41.8,,,31.0
2026-07-04T04:54:00Z,232,53.0,33.0,64.0,10.7,41.6,,,31.0
2026-07-04T04:59:00Z,232,50.0,32.0,62.0,10.7,41.5,,,31.0
2026-07-04T05:04:00Z,232,51.0,32.0,63.0,10.7,41.3,,,31.0
2026-07-04T05:09:00Z,232,48.0,31.0,60.0,10.7,41.2,,,31.0
2026-07-04T05:14:00Z,232,49.0,31.0,61.0,10.6,41.0,,,31.0
2026-07-04T05:19:00Z,232,46.0,29.0,56.0,10.7,40.4,,,31.0
2026-07-04T05:24:00Z,232,43.0,26.0,52.0,10.7,40.1,,,31.0
2026-07-04T05:29:00Z,232,42.0,26.0,51.0,10.6,39.8,,,31.0
2026-07-04T05:34:00Z,232,44.0,26.0,54.0,10.7,39.6,,,31.0
2026-07-04T05:39:00Z,232,45.0,27.0,54.0,10.6,39.8,,,31.0
2026-07-04T05:44:00Z,232,42.0,27.0,47.0,10.7,39.7,,,31.0
2026-07-04T05:49:00Z,232,40.0,26.0,47.0,10.7,39.5,,,31.0
2026-07-04T05:54:00Z,232,40.0,26.0,51.0,10.7,39.6,,,31.0
2026-07-04T05:59:00Z,232,43.0,27.0,53.0,10.6,39.2,,,31.0
2026-07-04T06:04:00Z,232,40.0,27.0,51.0,10.6,39.2,,,31.0
2026-07-04T06:09:00Z,232,40.0,27.0,48.0,10.7,39.1,,,31.0
2026-07-04T06:14:00Z,232,41.0,27.0,48.0,10.6,39.0,,,31.0
2026-07-04T06:19:00Z,232,41.0,27.0,50.0,10.7,39.3,,,31.0
2026-07-04T06:24:00Z,232,42.0,25.0,50.0,10.6,39.2,,,31.0
2026-07-04T06:29:00Z,232,46.0,27.0,55.0,10.6,39.0,,,31.0
2026-07-04T06:34:00Z,232,44.0,28.0,53.0,10.5,39.3,,,31.0
2026-07-04T06:39:00Z,232,43.0,27.0,51.0,10.6,39.5,,,31.0
2026-07-04T06:44:00Z,232,45.0,27.0,53.0,10.5,39.6,,,31.0
2026-07-04T06:49:00Z,232,46.0,29.0,55.0,10.5,40.0,,,31.0
2026-07-04T06:54:00Z,232,42.0,26.0,48.0,10.4,39.6,,,31.0
2026-07-04T06:59:00Z,232,40.0,26.0,47.0,10.4,39.4,,,31.0
2026-07-04T07:04:00Z,232,37.0,24.0,44.0,10.3,39.1,,,31.0
2026-07-04T07:09:00Z,232,37.0,25.0,42.0,10.3,39.1,,,31.0
2026-07-04T07:14:00Z,232,34.0,21.0,41.0,10.3,38.8,,,31.0
2026-07-04T07:19:00Z,232,37.0,25.0,42.0,10.3,38.7,,,31.0
2026-07-04T07:24:00Z,232,39.0,26.0,43.0,10.3,39.2,,,31.0
2026-07-04T07:29:00Z,232,41.0,26.0,49.0,10.3,39.5,,,31.0
2026-07-04T07:34:00Z,232,43.0,26.0,51.0,10.3,39.5,,,31.0
2026-07-04T07:39:01Z,232,36.0,24.0,39.0,10.2,38.6,,,31.0
2026-07-04T07:44:00Z,232,34.0,22.0,37.0,10.2,37.8,,,31.0
2026-07-04T07:49:00Z,232,36.0,25.0,40.0,10.2,37.7,,,31.0
2026-07-04T07:54:01Z,232,39.0,26.0,46.0,10.2,38.2,,,31.0
2026-07-04T07:59:01Z,232,41.0,25.0,47.0,10.2,38.6,,,31.0
2026-07-04T08:04:01Z,232,39.0,25.0,43.0,10.1,39.0,,,31.0
2026-07-04T08:09:01Z,232,40.0,26.0,45.0,10.0,39.4,,,31.0
2026-07-04T08:14:01Z,232,41.0,26.0,48.0,10.0,39.8,,,31.0
2026-07-04T08:19:01Z,232,40.0,26.0,46.0,10.0,39.8,,,31.0
2026-07-04T08:24:04Z,232,41.0,26.0,48.0,10.0,40.0,,,31.0
2026-07-04T08:29:03Z,232,41.0,26.0,51.0,10.0,40.1,,,31.0
2026-07-04T08:34:01Z,232,42.0,26.0,51.0,10.0,40.4,,,31.0
2026-07-04T08:39:04Z,232,41.0,26.0,47.0,9.9,40.7,,,31.0
2026-07-04T08:44:01Z,232,43.0,27.0,52.0,9.9,40.8,,,31.0
2026-07-04T08:49:01Z,232,44.0,27.0,52.0,9.9,41.3,,,31.0
2026-07-04T08:54:01Z,232,46.0,28.0,54.0,9.9,41.6,,,31.0
2026-07-04T08:59:01Z,232,48.0,30.0,57.0,9.9,42.1,,,31.0
2026-07-04T09:04:01Z,232,47.0,29.0,56.0,9.9,42.0,,,31.0
2026-07-04T09:09:01Z,232,47.0,31.0,57.0,9.9,42.0,,,31.0
2026-07-04T09:14:01Z,232,47.0,30.0,55.0,9.9,41.8,,,31.0
2026-07-04T09:19:01Z,232,46.0,27.0,54.0,9.9,41.4,,,31.0
2026-07-04T09:24:01Z,232,40.0,25.0,48.0,9.9,40.7,,,31.0
2026-07-04T09:29:01Z,232,41.0,25.0,50.0,9.9,40.6,,,31.0
2026-07-04T09:34:01Z,232,40.0,25.0,48.0,10.0,40.0,,,31.0
2026-07-04T09:39:01Z,232,40.0,25.0,44.0,10.1,39.6,,,31.0
2026-07-04T09:44:01Z,232,40.0,26.0,48.0,10.1,39.5,,,31.0
2026-07-04T09:49:01Z,232,40.0,26.0,48.0,10.1,39.3,,,31.0
2026-07-04T09:54:01Z,232,41.0,25.0,47.0,10.1,39.5,,,31.0
2026-07-04T09:59:01Z,232,40.0,25.0,46.0,10.2,39.7,,,31.0
2026-07-04T10:04:01Z,232,40.0,25.0,45.0,10.1,39.3,,,31.0
2026-07-04T10:09:01Z,232,41.0,26.0,53.0,10.1,39.3,,,31.0
2026-07-04T10:14:01Z,232,41.0,25.0,48.0,10.0,39.2,,,31.0
2026-07-04T10:19:01Z,232,39.0,25.0,43.0,10.0,39.4,,,31.0
2026-07-04T10:24:01Z,232,38.0,24.0,42.0,9.9,39.1,,,31.0
2026-07-04T10:29:01Z,232,39.0,24.0,46.0,10.0,39.1,,,31.0
2026-07-04T10:34:01Z,232,38.0,24.0,45.0,9.9,39.1,,,31.0
2026-07-04T10:39:01Z,232,38.0,24.0,42.0,9.9,39.3,,,31.0
2026-07-04T10:44:01Z,232,38.0,25.0,42.0,9.9,39.3,,,31.0
2026-07-04T10:49:01Z,232,41.0,25.0,47.0,9.8,39.5,,,31.0
2026-07-04T10:54:01Z,232,41.0,26.0,48.0,9.8,39.5,,,31.0
2026-07-04T10:59:01Z,232,41.0,26.0,53.0,9.8,39.7,,,31.0
2026-07-04T11:04:01Z,232,38.0,24.0,45.0,9.8,39.7,,,31.0
2026-07-04T11:09:01Z,232,37.0,24.0,41.0,9.8,40.0,,,31.0
2026-07-04T11:14:01Z,232,31.0,18.0,33.0,9.9,38.9,,,31.0
2026-07-04T11:19:01Z,232,34.0,18.0,35.0,9.9,38.6,,,31.0
2026-07-04T11:24:01Z,232,31.0,18.0,33.0,9.9,38.6,,,31.0
2026-07-04T11:29:01Z,232,29.0,14.0,29.0,9.9,38.4,,,31.0
2026-07-04T11:34:01Z,232,22.0,9.0,26.0,9.9,37.6,,,31.0
2026-07-04T11:39:01Z,232,25.0,10.0,25.0,9.9,37.5,,,31.0
2026-07-04T11:44:01Z,232,32.0,20.0,34.0,10.0,38.6,,,31.0
2026-07-04T11:49:01Z,232,33.0,18.0,34.0,10.0,38.6,,,31.0
2026-07-04T11:54:01Z,232,28.0,14.0,28.0,10.0,38.4,,,31.0
2026-07-04T11:59:01Z,232,26.0,10.0,27.0,10.0,37.6,,,31.0
2026-07-04T12:04:01Z,232,28.0,14.0,30.0,10.0,37.5,,,31.0
2026-07-04T12:09:01Z,232,36.0,20.0,41.0,10.0,38.3,,,31.0
2026-07-04T12:14:01Z,232,40.0,26.0,45.0,10.0,38.8,,,31.0
2026-07-04T12:19:01Z,232,41.0,25.0,47.0,10.0,39.3,,,31.0
2026-07-04T12:24:01Z,232,39.0,25.0,44.0,10.0,39.5,,,31.0
2026-07-04T12:29:01Z,232,41.0,25.0,46.0,9.9,39.6,,,31.0
2026-07-04T12:34:01Z,232,40.0,26.0,48.0,9.9,39.8,,,31.0
2026-07-04T12:39:01Z,232,43.0,26.0,52.0,9.9,40.0,,,31.0
2026-07-04T12:44:01Z,232,42.0,26.0,52.0,10.0,39.6,,,31.0
2026-07-04T12:49:01Z,232,43.0,26.0,51.0,10.0,39.8,,,31.0
2026-07-04T12:54:01Z,232,39.0,24.0,43.0,10.1,39.7,,,31.0
2026-07-04T12:59:01Z,232,39.0,26.0,46.0,10.3,39.8,,,31.0
2026-07-04T13:04:01Z,232,37.0,25.0,44.0,10.4,39.7,,,31.0
2026-07-04T13:09:01Z,232,39.0,25.0,45.0,10.8,39.4,,,31.0
2026-07-04T13:14:01Z,232,37.0,23.0,44.0,11.4,39.0,,,31.0
2026-07-04T13:19:01Z,232,33.0,22.0,37.0,12.2,37.7,,,31.0
2026-07-04T13:24:01Z,232,34.0,21.0,38.0,13.0,36.2,,,31.0
2026-07-04T13:29:01Z,232,33.0,21.0,38.0,14.0,35.2,,,31.0
2026-07-04T13:34:01Z,232,29.0,19.0,33.0,14.8,33.6,,,31.0
2026-07-04T13:39:01Z,232,29.0,19.0,29.0,15.5,32.2,,,31.0
2026-07-04T13:44:01Z,232,32.0,17.0,39.0,16.3,30.8,,,31.0
2026-07-04T13:49:01Z,232,29.0,18.0,33.0,17.1,29.7,,,31.0
2026-07-04T13:54:01Z,232,23.0,11.0,25.0,17.8,28.6,,,31.0
2026-07-04T13:59:01Z,232,22.0,10.0,24.0,18.6,27.8,,,31.0
2026-07-04T14:04:01Z,232,20.0,8.0,22.0,19.3,27.0,,,31.0
2026-07-04T14:09:01Z,232,22.0,9.0,24.0,20.0,26.4,,,31.0
2026-07-04T14:14:01Z,232,23.0,11.0,24.0,20.7,25.4,,,31.0
2026-07-04T14:19:01Z,232,17.0,6.0,19.0,21.4,25.0,,,31.0
2026-07-04T14:24:01Z,232,23.0,7.0,23.0,22.1,24.3,,,31.0
2026-07-04T14:29:01Z,232,23.0,12.0,24.0,22.7,23.8,,,31.0
2026-07-04T14:34:01Z,232,20.0,12.0,24.0,23.3,23.1,,,31.0
2026-07-04T14:39:01Z,232,22.0,8.0,22.0,23.9,22.6,,,31.0
2026-07-04T14:44:01Z,232,22.0,9.0,23.0,24.6,21.9,,,31.0
2026-07-04T14:49:01Z,232,21.0,8.0,21.0,25.1,21.9,,,31.0
2026-07-04T14:54:01Z,232,20.0,8.0,23.0,25.7,21.2,,,31.0
2026-07-04T14:59:01Z,232,23.0,11.0,25.0,26.2,20.7,,,31.0
2026-07-04T15:04:01Z,232,23.0,12.0,23.0,26.6,20.5,,,31.0
2026-07-04T15:09:01Z,232,15.0,6.0,17.0,27.0,19.9,,,31.0
2026-07-04T15:14:01Z,232,8.0,4.0,8.0,27.4,19.7,,,31.0
2026-07-04T15:19:01Z,232,13.0,5.0,14.0,27.8,19.2,,,31.0
2026-07-04T15:24:01Z,232,11.0,5.0,12.0,28.3,19.2,,,31.0
2026-07-04T15:29:01Z,232,19.0,8.0,20.0,28.7,18.9,,,31.0
2026-07-04T15:34:01Z,232,25.0,13.0,28.0,29.1,18.7,,,31.0
2026-07-04T15:39:01Z,232,21.0,7.0,21.0,29.4,18.6,,,31.0
2026-07-04T15:44:01Z,232,22.0,10.0,23.0,30.0,18.3,,,31.0
2026-07-04T15:49:01Z,232,28.0,18.0,29.0,30.5,18.3,,,31.0
2026-07-04T15:54:02Z,232,32.0,21.0,34.0,30.9,17.9,,,31.0
2026-07-04T15:59:01Z,232,36.0,23.0,45.0,31.3,17.7,,,31.0
2026-07-04T16:04:01Z,232,38.0,23.0,45.0,31.7,17.6,,,31.0
2026-07-04T16:09:02Z,232,36.0,24.0,43.0,32.0,17.3,,,31.0
2026-07-04T16:14:01Z,232,43.0,28.0,53.0,32.4,17.2,,,31.0
2026-07-04T16:19:02Z,232,41.0,26.0,50.0,32.7,16.9,,,31.0
2026-07-04T16:24:02Z,232,39.0,25.0,46.0,33.2,16.7,,,31.0
2026-07-04T16:29:02Z,232,37.0,24.0,45.0,33.7,16.2,,,31.0
2026-07-04T16:34:02Z,232,34.0,23.0,39.0,34.0,16.0,,,31.0
2026-07-04T16:39:02Z,232,33.0,22.0,37.0,34.3,15.6,,,31.0
2026-07-04T16:44:02Z,232,36.0,23.0,44.0,34.4,15.7,,,31.0
2026-07-04T16:49:02Z,232,41.0,28.0,50.0,34.0,15.9,,,31.0
2026-07-04T16:54:02Z,232,42.0,27.0,52.0,33.4,16.1,,,31.0
2026-07-04T16:59:02Z,232,40.0,25.0,47.0,32.1,16.4,,,31.0
2026-07-04T17:04:02Z,232,37.0,24.0,43.0,30.6,16.9,,,31.0
2026-07-04T17:09:02Z,232,39.0,26.0,46.0,28.8,17.3,,,31.0
2026-07-04T17:14:02Z,232,40.0,26.0,47.0,27.2,18.1,,,31.0
2026-07-04T17:19:02Z,232,40.0,26.0,48.0,25.9,18.7,,,31.0
2026-07-04T17:24:02Z,232,40.0,26.0,49.0,24.6,19.6,,,31.0
2026-07-04T17:29:02Z,232,41.0,27.0,50.0,23.4,20.5,,,31.0
2026-07-04T17:34:02Z,232,41.0,27.0,51.0,22.5,21.0,,,31.0
2026-07-04T17:39:02Z,232,48.0,31.0,59.0,21.7,22.6,,,31.0
2026-07-04T17:44:02Z,232,47.0,30.0,56.0,21.0,23.1,,,31.0
2026-07-04T17:49:02Z,232,48.0,31.0,59.0,20.4,23.9,,,31.0
2026-07-04T17:54:02Z,232,48.0,31.0,57.0,19.9,24.4,,,31.0
2026-07-04T17:59:02Z,232,39.0,24.0,46.0,19.5,23.9,,,31.0
2026-07-04T18:04:02Z,232,47.0,30.0,59.0,19.1,24.6,,,31.0
2026-07-04T18:09:02Z,232,46.0,29.0,57.0,18.8,25.3,,,31.0
2026-07-04T18:14:02Z,232,45.0,29.0,53.0,18.5,25.4,,,31.0
2026-07-04T18:19:02Z,232,45.0,29.0,55.0,18.3,25.8,,,31.0
2026-07-04T18:24:02Z,232,43.0,28.0,51.0,18.0,25.9,,,31.0
2026-07-04T18:29:02Z,232,40.0,25.0,48.0,17.8,26.1,,,31.0
2026-07-04T18:34:02Z,232,40.0,26.0,48.0,17.6,26.2,,,31.0
2026-07-04T18:39:02Z,232,37.0,24.0,43.0,17.5,25.9,,,31.0
2026-07-04T18:44:02Z,232,35.0,24.0,39.0,17.3,25.8,,,31.0
2026-07-04T18:49:02Z,232,38.0,23.0,45.0,17.2,25.9,,,31.0
2026-07-04T18:54:02Z,232,43.0,28.0,51.0,17.0,26.4,,,31.0
2026-07-04T18:59:02Z,232,39.0,25.0,46.0,16.9,26.4,,,31.0
2026-07-04T19:04:02Z,232,39.0,25.0,47.0,16.8,26.4,,,31.0
2026-07-04T19:09:02Z,232,39.0,24.0,45.0,16.7,26.3,,,31.0
2026-07-04T19:14:02Z,232,36.0,24.0,43.0,16.5,26.7,,,31.0
2026-07-04T19:19:02Z,232,29.0,20.0,32.0,16.3,26.3,,,31.0
2026-07-04T19:24:02Z,232,22.0,10.0,23.0,16.1,25.9,,,31.0
2026-07-04T19:29:02Z,232,19.0,6.0,19.0,16.0,24.9,,,31.0
2026-07-04T19:34:02Z,232,6.0,4.0,7.0,15.9,24.5,,,31.0
2026-07-04T19:39:02Z,232,4.0,2.0,4.0,15.7,24.1,,,31.0
2026-07-04T19:44:02Z,232,5.0,2.0,6.0,15.6,24.2,,,31.0
2026-07-04T19:49:02Z,232,4.0,2.0,4.0,15.5,24.1,,,31.0
2026-07-04T19:54:02Z,232,5.0,3.0,5.0,15.4,24.2,,,31.0
2026-07-04T19:59:02Z,232,5.0,3.0,5.0,15.4,24.3,,,31.0
2026-07-04T20:04:19Z,232,7.0,4.0,7.0,15.3,24.3,,,31.0
2026-07-04T20:09:03Z,232,6.0,3.0,6.0,15.3,24.6,,,31.0
2026-07-04T20:14:02Z,232,15.0,7.0,18.0,15.2,25.0,,,31.0
2026-07-04T20:19:02Z,232,32.0,21.0,35.0,15.2,26.6,,,31.0
2026-07-04T20:24:02Z,232,36.0,24.0,42.0,15.1,27.8,,,31.0
2026-07-04T20:29:02Z,232,40.0,26.0,47.0,15.0,28.7,,,31.0
2026-07-04T20:34:02Z,232,39.0,26.0,45.0,14.9,29.2,,,31.0
2026-07-04T20:39:02Z,232,34.0,22.0,41.0,14.7,29.4,,,31.0
2026-07-04T20:44:02Z,232,33.0,22.0,35.0,14.6,29.2,,,31.0
2026-07-04T20:49:02Z,232,26.0,19.0,27.0,14.5,29.3,,,31.0
2026-07-04T20:54:04Z,232,26.0,16.0,27.0,14.4,29.7,,,31.0
2026-07-04T20:59:02Z,232,25.0,17.0,26.0,14.3,30.2,,,31.0
2026-07-04T21:04:02Z,232,24.0,14.0,27.0,14.2,30.3,,,31.0
2026-07-04T21:09:02Z,232,24.0,13.0,26.0,14.1,30.8,,,31.0
2026-07-04T21:14:02Z,232,26.0,15.0,26.0,14.0,31.2,,,31.0
2026-07-04T21:19:02Z,232,29.0,19.0,29.0,13.8,31.7,,,31.0
2026-07-04T21:24:02Z,232,29.0,18.0,30.0,13.7,31.9,,,31.0
2026-07-04T21:29:02Z,232,30.0,21.0,30.0,13.6,32.4,,,31.0
2026-07-04T21:34:02Z,232,30.0,20.0,32.0,13.5,32.5,,,31.0
2026-07-04T21:39:02Z,232,31.0,22.0,32.0,13.4,32.9,,,31.0
2026-07-04T21:44:02Z,232,29.0,20.0,31.0,13.3,33.1,,,31.0
2026-07-04T21:49:03Z,232,31.0,18.0,31.0,13.2,33.3,,,31.0
2026-07-04T21:54:02Z,232,28.0,21.0,28.0,13.1,33.4,,,31.0
2026-07-04T21:59:02Z,232,34.0,23.0,36.0,13.0,33.7,,,31.0
2026-07-04T22:04:03Z,232,30.0,22.0,30.0,13.0,34.1,,,31.0
2026-07-04T22:09:03Z,232,29.0,18.0,29.0,12.9,34.0,,,31.0
2026-07-04T22:14:03Z,232,31.0,21.0,31.0,12.9,34.2,,,31.0
2026-07-04T22:19:03Z,232,29.0,19.0,30.0,12.8,34.3,,,31.0
2026-07-04T22:24:03Z,232,31.0,20.0,32.0,12.7,34.4,,,31.0
2026-07-04T22:29:03Z,232,30.0,21.0,31.0,12.7,34.3,,,31.0
2026-07-04T22:34:03Z,232,26.0,15.0,27.0,12.6,34.4,,,31.0
2026-07-04T22:39:03Z,232,26.0,17.0,28.0,12.6,34.2,,,31.0
2026-07-04T22:44:03Z,232,30.0,18.0,31.0,12.5,34.2,,,31.0
2026-07-04T22:49:03Z,232,29.0,19.0,29.0,12.5,34.0,,,31.0
2026-07-04T22:54:03Z,232,27.0,17.0,27.0,12.4,33.8,,,31.0
2026-07-04T22:59:03Z,232,28.0,17.0,29.0,12.4,33.6,,,31.0
2026-07-04T23:04:03Z,232,26.0,17.0,27.0,12.3,32.9,,,31.0
2026-07-04T23:09:03Z,232,27.0,19.0,27.0,12.3,32.9,,,31.0
2026-07-04T23:14:03Z,232,26.0,15.0,28.0,12.2,32.8,,,31.0
2026-07-04T23:19:03Z,232,27.0,16.0,27.0,12.2,32.6,,,31.0
2026-07-04T23:24:03Z,232,27.0,16.0,29.0,12.2,32.4,,,31.0
2026-07-04T23:29:03Z,232,27.0,13.0,27.0,12.2,32.2,,,31.0
2026-07-04T23:34:03Z,232,28.0,17.0,28.0,12.1,32.1,,,31.0
2026-07-04T23:39:03Z,232,28.0,16.0,29.0,12.2,32.0,,,31.0
2026-07-04T23:44:03Z,232,26.0,15.0,27.0,12.2,31.8,,,31.0
2026-07-04T23:49:03Z,232,27.0,17.0,31.0,12.2,31.9,,,31.0
2026-07-04T23:54:03Z,232,27.0,19.0,29.0,12.2,32.0,,,31.0
2026-07-04T23:59:03Z,232,26.0,18.0,27.0,12.2,32.0,,,31.0
2026-07-05T00:04:03Z,232,31.0,20.0,31.0,12.2,31.9,,,31.0
2026-07-05T00:09:03Z,232,28.0,17.0,29.0,12.2,31.9,,,31.0
2026-07-05T00:14:03Z,232,31.0,22.0,33.0,12.2,32.4,,,31.0
2026-07-05T00:19:03Z,232,32.0,21.0,36.0,12.2,32.9,,,31.0
2026-07-05T00:24:03Z,232,29.0,20.0,31.0,12.2,32.9,,,31.0
2026-07-05T00:29:03Z,232,30.0,20.0,30.0,12.2,33.1,,,31.0
2026-07-05T00:34:03Z,232,30.0,22.0,31.0,12.2,33.2,,,31.0
2026-07-05T00:39:03Z,232,30.0,18.0,32.0,12.2,33.2,,,31.0
2026-07-05T00:44:03Z,232,30.0,16.0,30.0,12.2,33.2,,,31.0
2026-07-05T00:49:03Z,232,29.0,18.0,30.0,12.2,33.5,,,31.0
2026-07-05T00:54:03Z,232,24.0,14.0,24.0,12.2,33.2,,,31.0
2026-07-05T00:59:03Z,232,25.0,15.0,27.0,12.2,33.4,,,31.0
2026-07-05T01:04:03Z,232,25.0,14.0,25.0,12.2,33.4,,,31.0
2026-07-05T01:09:03Z,232,27.0,14.0,29.0,12.2,33.5,,,31.0
2026-07-05T01:14:03Z,232,24.0,15.0,27.0,12.1,33.6,,,31.0
2026-07-05T01:19:03Z,232,24.0,15.0,27.0,12.1,33.4,,,31.0
2026-07-05T01:24:03Z,232,29.0,16.0,29.0,12.1,33.4,,,31.0
2026-07-05T01:29:03Z,232,26.0,17.0,26.0,12.1,33.4,,,31.0
2026-07-05T01:34:03Z,232,27.0,14.0,28.0,12.1,33.7,,,31.0
2026-07-05T01:39:03Z,232,25.0,15.0,28.0,12.1,33.9,,,31.0
2026-07-05T01:44:03Z,232,29.0,18.0,30.0,12.1,33.5,,,31.0
2026-07-05T01:49:03Z,232,25.0,12.0,26.0,12.1,33.1,,,31.0
2026-07-05T01:54:03Z,232,27.0,13.0,28.0,12.1,33.4,,,31.0
2026-07-05T01:59:03Z,232,25.0,11.0,27.0,12.1,33.4,,,31.0
2026-07-05T02:04:03Z,232,28.0,17.0,28.0,12.1,33.5,,,31.0
2026-07-05T02:09:03Z,232,26.0,11.0,26.0,12.1,33.5,,,31.0
2026-07-05T02:14:03Z,232,25.0,9.0,25.0,12.1,33.4,,,31.0
2026-07-05T02:19:03Z,232,24.0,12.0,24.0,12.1,33.4,,,31.0
2026-07-05T02:24:03Z,232,24.0,11.0,25.0,12.1,33.4,,,31.0
2026-07-05T02:29:03Z,232,25.0,12.0,26.0,12.0,33.4,,,31.0
2026-07-05T02:34:03Z,232,27.0,14.0,27.0,12.1,33.5,,,31.0
2026-07-05T02:39:03Z,232,25.0,14.0,25.0,12.0,33.5,,,31.0
2026-07-05T02:44:03Z,232,28.0,18.0,29.0,12.0,33.4,,,31.0
2026-07-05T02:49:03Z,232,31.0,21.0,32.0,12.0,33.5,,,31.0
2026-07-05T02:54:03Z,232,31.0,21.0,36.0,11.9,33.4,,,31.0
2026-07-05T02:59:03Z,232,26.0,9.0,27.0,11.9,33.4,,,31.0
2026-07-05T03:04:03Z,232,20.0,9.0,20.0,11.9,33.0,,,31.0
2026-07-05T03:09:03Z,232,25.0,9.0,25.0,11.9,32.8,,,31.0
2026-07-05T03:14:03Z,232,24.0,12.0,25.0,11.9,32.8,,,31.0
2026-07-05T03:19:03Z,232,21.0,9.0,26.0,11.9,32.7,,,31.0
2026-07-05T03:24:03Z,232,23.0,9.0,25.0,11.9,32.6,,,31.0
2026-07-05T03:29:03Z,232,27.0,16.0,28.0,11.9,32.9,,,31.0
2026-07-05T03:34:03Z,232,26.0,15.0,29.0,11.9,32.9,,,31.0
2026-07-05T03:39:03Z,232,24.0,11.0,27.0,11.9,33.3,,,31.0
2026-07-05T03:44:03Z,232,26.0,17.0,26.0,11.9,33.4,,,31.0
2026-07-05T03:49:03Z,232,31.0,21.0,33.0,11.9,33.5,,,31.0
2026-07-05T03:54:03Z,232,32.0,21.0,36.0,11.9,33.0,,,31.0
2026-07-05T03:59:03Z,232,32.0,24.0,37.0,11.8,33.1,,,31.0
2026-07-05T04:04:03Z,232,30.0,20.0,32.0,11.9,33.6,,,31.0
2026-07-05T04:09:03Z,232,28.0,16.0,28.0,11.8,33.4,,,31.0
2026-07-05T04:14:03Z,232,30.0,18.0,31.0,11.9,33.2,,,31.0
2026-07-05T04:19:03Z,232,28.0,18.0,29.0,11.9,33.4,,,31.0
2026-07-05T04:24:03Z,232,30.0,20.0,30.0,11.9,33.2,,,31.0
2026-07-05T04:29:03Z,232,28.0,20.0,30.0,11.9,33.1,,,31.0
2026-07-05T04:34:04Z,232,30.0,19.0,30.0,11.9,33.0,,,31.0
2026-07-05T04:39:04Z,232,29.0,17.0,30.0,11.9,32.7,,,31.0
2026-07-05T04:44:03Z,232,30.0,18.0,31.0,11.8,32.9,,,31.0
2026-07-05T04:49:04Z,232,30.0,21.0,31.0,11.9,33.2,,,31.0
2026-07-05T04:54:04Z,232,30.0,20.0,30.0,11.9,33.4,,,31.0
2026-07-05T04:59:04Z,232,29.0,21.0,29.0,11.9,33.9,,,31.0
2026-07-05T05:04:04Z,232,29.0,20.0,32.0,11.9,34.2,,,31.0
2026-07-05T05:09:04Z,232,29.0,20.0,29.0,11.9,34.2,,,31.0
2026-07-05T05:14:04Z,232,29.0,18.0,31.0,11.9,34.3,,,31.0
2026-07-05T05:19:04Z,232,27.0,16.0,27.0,11.8,34.1,,,31.0
2026-07-05T05:24:04Z,232,27.0,16.0,28.0,11.9,33.9,,,31.0
2026-07-05T05:29:04Z,232,27.0,17.0,27.0,11.9,33.9,,,31.0
2026-07-05T05:34:04Z,232,28.0,15.0,28.0,11.9,33.9,,,31.0
2026-07-05T05:39:04Z,232,28.0,20.0,30.0,11.9,34.1,,,31.0
2026-07-05T05:44:04Z,232,31.0,20.0,31.0,11.8,34.6,,,31.0
2026-07-05T05:49:04Z,232,32.0,23.0,33.0,11.8,35.2,,,31.0
2026-07-05T05:54:04Z,232,32.0,22.0,33.0,11.8,35.8,,,31.0
2026-07-05T05:59:04Z,232,34.0,20.0,35.0,11.8,36.3,,,31.0
2026-07-05T06:04:04Z,232,36.0,21.0,38.0,11.8,36.7,,,31.0
2026-07-05T06:09:04Z,232,32.0,22.0,35.0,11.7,37.2,,,31.0
2026-07-05T06:14:04Z,232,31.0,22.0,35.0,11.7,37.9,,,31.0
2026-07-05T06:19:04Z,232,32.0,23.0,34.0,11.7,38.4,,,31.0
2026-07-05T06:24:04Z,232,32.0,23.0,34.0,11.7,38.8,,,31.0
2026-07-05T06:29:04Z,232,31.0,21.0,32.0,11.6,38.8,,,31.0
2026-07-05T06:34:04Z,232,29.0,20.0,30.0,11.6,39.1,,,31.0
2026-07-05T06:39:04Z,232,29.0,18.0,31.0,11.6,39.1,,,31.0
2026-07-05T06:44:04Z,232,26.0,19.0,27.0,11.6,39.2,,,31.0
2026-07-05T06:49:04Z,232,25.0,16.0,28.0,11.6,38.9,,,31.0
2026-07-05T06:54:04Z,232,28.0,17.0,31.0,11.5,38.8,,,31.0
2026-07-05T06:59:04Z,232,28.0,17.0,29.0,11.5,38.5,,,31.0
2026-07-05T07:04:04Z,232,27.0,14.0,28.0,11.5,38.2,,,31.0
2026-07-05T07:09:04Z,232,28.0,17.0,31.0,11.5,37.8,,,31.0
2026-07-05T07:14:04Z,232,27.0,13.0,29.0,11.5,37.2,,,31.0
2026-07-05T07:19:04Z,232,25.0,13.0,25.0,11.6,36.6,,,31.0
2026-07-05T07:24:04Z,232,25.0,13.0,27.0,11.6,36.7,,,31.0
2026-07-05T07:29:04Z,232,27.0,15.0,28.0,11.6,36.7,,,31.0
2026-07-05T07:34:04Z,232,28.0,15.0,28.0,11.6,36.4,,,31.0
2026-07-05T07:39:04Z,232,27.0,15.0,28.0,11.6,36.4,,,31.0
2026-07-05T07:44:04Z,232,29.0,18.0,29.0,11.6,36.7,,,31.0
2026-07-05T07:49:04Z,232,30.0,20.0,33.0,11.6,37.1,,,31.0
2026-07-05T07:54:04Z,232,27.0,18.0,31.0,11.6,37.1,,,31.0
2026-07-05T07:59:04Z,232,29.0,19.0,31.0,11.6,37.8,,,31.0
2026-07-05T08:04:04Z,232,27.0,18.0,29.0,11.5,38.3,,,31.0
2026-07-05T08:09:04Z,232,29.0,19.0,32.0,11.4,38.2,,,31.0
2026-07-05T08:14:04Z,232,29.0,17.0,30.0,11.4,38.4,,,31.0
2026-07-05T08:19:04Z,232,27.0,18.0,28.0,11.3,38.6,,,31.0
2026-07-05T08:24:04Z,232,27.0,14.0,28.0,11.2,38.0,,,31.0
2026-07-05T08:29:04Z,232,27.0,15.0,27.0,11.2,38.2,,,31.0
2026-07-05T08:34:04Z,232,28.0,16.0,29.0,11.1,38.3,,,31.0
2026-07-05T08:39:04Z,232,28.0,17.0,28.0,11.0,38.4,,,31.0
2026-07-05T08:44:04Z,232,31.0,16.0,32.0,11.0,38.4,,,31.0
2026-07-05T08:49:04Z,232,27.0,19.0,28.0,10.9,38.3,,,31.0
2026-07-05T08:54:04Z,232,27.0,16.0,28.0,10.9,38.4,,,31.0
2026-07-05T08:59:05Z,232,30.0,17.0,31.0,10.9,38.6,,,31.0
2026-07-05T09:04:06Z,232,26.0,16.0,30.0,10.8,38.4,,,31.0
2026-07-05T09:09:04Z,232,29.0,16.0,32.0,10.8,38.6,,,31.0
2026-07-05T09:14:04Z,232,29.0,22.0,31.0,10.8,39.2,,,31.0
2026-07-05T09:19:05Z,232,31.0,20.0,31.0,10.8,39.2,,,31.0
2026-07-05T09:24:04Z,232,32.0,18.0,32.0,10.8,39.1,,,31.0
2026-07-05T09:29:04Z,232,31.0,18.0,31.0,10.9,39.3,,,31.0
2026-07-05T09:34:04Z,232,29.0,16.0,30.0,10.8,39.2,,,31.0
2026-07-05T09:39:04Z,232,26.0,14.0,29.0,10.8,39.1,,,31.0
2026-07-05T09:44:05Z,232,29.0,16.0,32.0,10.9,39.1,,,31.0
2026-07-05T09:49:04Z,232,28.0,15.0,29.0,10.8,38.7,,,31.0
2026-07-05T09:54:04Z,232,29.0,15.0,29.0,10.9,38.5,,,31.0
2026-07-05T09:59:05Z,232,25.0,12.0,25.0,10.8,38.2,,,31.0
2026-07-05T10:04:04Z,232,24.0,12.0,26.0,10.8,38.1,,,31.0
2026-07-05T10:09:04Z,232,26.0,12.0,27.0,10.8,38.4,,,31.0
2026-07-05T10:14:04Z,232,24.0,12.0,26.0,10.7,38.3,,,31.0
2026-07-05T10:19:04Z,232,27.0,14.0,29.0,10.7,38.3,,,31.0
2026-07-05T10:24:04Z,232,24.0,14.0,27.0,10.6,38.5,,,31.0
2026-07-05T10:29:04Z,232,24.0,9.0,26.0,10.5,38.4,,,31.0
2026-07-05T10:34:05Z,232,25.0,12.0,25.0,10.5,38.4,,,31.0
2026-07-05T10:39:05Z,232,27.0,14.0,27.0,10.5,38.4,,,31.0
2026-07-05T10:44:05Z,232,24.0,10.0,24.0,10.4,38.4,,,31.0
2026-07-05T10:49:05Z,232,24.0,10.0,25.0,10.4,38.3,,,31.0
2026-07-05T10:54:05Z,232,23.0,10.0,23.0,10.4,38.4,,,31.0
2026-07-05T10:59:05Z,232,26.0,10.0,26.0,10.4,38.4,,,31.0
2026-07-05T11:04:04Z,232,22.0,8.0,22.0,10.4,38.3,,,31.0
2026-07-05T11:09:05Z,232,21.0,9.0,22.0,10.3,38.4,,,31.0
2026-07-05T11:14:05Z,232,22.0,9.0,24.0,10.3,38.7,,,31.0
2026-07-05T11:19:05Z,232,18.0,7.0,20.0,10.3,38.6,,,31.0
2026-07-05T11:24:05Z,232,20.0,7.0,21.0,10.2,38.7,,,31.0
2026-07-05T11:29:05Z,232,20.0,7.0,20.0,10.2,38.6,,,31.0
2026-07-05T11:34:05Z,232,19.0,7.0,21.0,10.2,38.5,,,31.0
2026-07-05T11:39:05Z,232,18.0,9.0,20.0,10.2,38.5,,,31.0
2026-07-05T11:44:05Z,232,18.0,7.0,19.0,10.2,38.5,,,31.0
2026-07-05T11:49:05Z,232,21.0,7.0,26.0,10.2,38.5,,,31.0
2026-07-05T11:54:05Z,232,19.0,7.0,20.0,10.2,38.3,,,31.0
2026-07-05T11:59:05Z,232,17.0,9.0,19.0,10.2,38.4,,,31.0
2026-07-05T12:04:05Z,232,20.0,7.0,21.0,10.2,38.5,,,31.0
2026-07-05T12:09:05Z,232,12.0,7.0,13.0,10.2,38.0,,,31.0
2026-07-05T12:14:05Z,232,14.0,5.0,14.0,10.1,38.1,,,31.0
2026-07-05T12:19:05Z,232,12.0,5.0,15.0,10.1,37.9,,,31.0
2026-07-05T12:24:05Z,232,13.0,6.0,15.0,10.1,38.1,,,31.0
2026-07-05T12:29:05Z,232,13.0,7.0,15.0,10.0,38.2,,,31.0
2026-07-05T12:34:05Z,232,9.0,4.0,9.0,10.0,38.0,,,31.0
2026-07-05T12:39:05Z,232,9.0,3.0,9.0,10.0,37.6,,,31.0
2026-07-05T12:44:05Z,232,6.0,4.0,6.0,10.0,37.5,,,31.0
2026-07-05T12:49:05Z,232,5.0,3.0,6.0,10.0,36.8,,,31.0
2026-07-05T12:54:05Z,232,5.0,3.0,5.0,10.0,37.1,,,31.0
2026-07-05T12:59:05Z,232,3.0,1.0,4.0,10.2,37.6,,,31.0
2026-07-05T13:04:05Z,232,3.0,1.0,4.0,10.3,36.8,,,31.0
2026-07-05T13:09:05Z,232,6.0,3.0,6.0,10.7,36.7,,,31.0
2026-07-05T13:14:05Z,232,6.0,2.0,6.0,11.3,35.8,,,31.0
2026-07-05T13:19:05Z,232,7.0,5.0,7.0,12.2,35.1,,,31.0
2026-07-05T13:24:05Z,232,14.0,7.0,14.0,13.0,34.6,,,31.0
2026-07-05T13:29:05Z,232,13.0,6.0,15.0,14.0,33.3,,,31.0
2026-07-05T13:34:05Z,232,11.0,5.0,13.0,14.8,32.3,,,31.0
2026-07-05T13:39:05Z,232,19.0,9.0,20.0,15.6,31.4,,,31.0
2026-07-05T13:44:05Z,232,25.0,13.0,25.0,16.4,30.6,,,31.0
2026-07-05T13:49:05Z,232,23.0,11.0,23.0,17.1,29.8,,,31.0
2026-07-05T13:54:05Z,232,27.0,16.0,27.0,17.9,29.2,,,31.0
2026-07-05T13:59:05Z,232,24.0,13.0,26.0,18.6,28.3,,,31.0
2026-07-05T14:04:05Z,232,25.0,16.0,25.0,19.2,27.5,,,31.0
2026-07-05T14:09:05Z,232,24.0,14.0,24.0,19.9,26.9,,,31.0
2026-07-05T14:14:05Z,232,22.0,9.0,22.0,20.6,25.8,,,31.0
2026-07-05T14:19:05Z,232,19.0,8.0,19.0,21.3,25.0,,,31.0
2026-07-05T14:24:05Z,232,23.0,9.0,23.0,22.0,24.4,,,31.0
2026-07-05T14:29:05Z,232,17.0,7.0,17.0,22.6,23.5,,,31.0
2026-07-05T14:34:05Z,232,21.0,8.0,22.0,23.2,23.2,,,31.0
2026-07-05T14:39:05Z,232,18.0,7.0,18.0,23.7,22.7,,,31.0
2026-07-05T14:44:05Z,232,17.0,7.0,19.0,24.3,22.1,,,31.0
2026-07-05T14:49:05Z,232,17.0,6.0,17.0,24.9,21.6,,,31.0
2026-07-05T14:54:05Z,232,19.0,8.0,20.0,25.5,20.9,,,31.0
2026-07-05T14:59:05Z,232,11.0,5.0,12.0,26.0,20.2,,,31.0
2026-07-05T15:04:05Z,232,14.0,6.0,15.0,26.5,20.1,,,31.0
2026-07-05T15:09:05Z,232,21.0,8.0,22.0,27.0,19.9,,,31.0
2026-07-05T15:14:05Z,232,26.0,17.0,27.0,27.4,19.9,,,31.0
2026-07-05T15:19:05Z,232,26.0,19.0,27.0,27.8,19.8,,,31.0
2026-07-05T15:24:05Z,232,28.0,19.0,28.0,28.2,19.6,,,31.0
2026-07-05T15:29:05Z,232,28.0,19.0,29.0,28.6,19.2,,,31.0
2026-07-05T15:34:05Z,232,28.0,18.0,29.0,28.9,19.0,,,31.0
2026-07-05T15:39:05Z,232,25.0,16.0,27.0,29.4,18.5,,,31.0
2026-07-05T15:44:05Z,232,26.0,19.0,26.0,29.8,18.2,,,31.0
2026-07-05T15:49:05Z,232,28.0,18.0,31.0,30.2,18.1,,,31.0
2026-07-05T15:54:05Z,232,25.0,16.0,26.0,30.6,17.8,,,31.0
2026-07-05T15:59:05Z,232,25.0,16.0,25.0,31.0,17.7,,,31.0
2026-07-05T16:04:05Z,232,28.0,20.0,28.0,31.4,17.5,,,31.0
2026-07-05T16:09:05Z,232,28.0,18.0,28.0,31.8,17.1,,,31.0
2026-07-05T16:14:05Z,232,29.0,19.0,30.0,32.2,16.9,,,31.0
2026-07-05T16:19:05Z,232,27.0,19.0,27.0,32.7,16.8,,,31.0
2026-07-05T16:24:06Z,232,25.0,19.0,27.0,33.1,16.5,,,31.0
2026-07-05T16:29:05Z,232,28.0,17.0,28.0,33.4,16.3,,,31.0
2026-07-05T16:34:05Z,232,26.0,19.0,26.0,33.8,16.1,,,31.0
2026-07-05T16:39:06Z,232,22.0,14.0,23.0,34.2,16.0,,,31.0
2026-07-05T16:44:06Z,232,24.0,14.0,26.0,34.6,15.7,,,31.0
2026-07-05T16:49:06Z,232,24.0,15.0,25.0,34.8,15.5,,,31.0
2026-07-05T16:54:06Z,232,22.0,12.0,22.0,35.0,15.4,,,31.0
2026-07-05T16:59:06Z,232,21.0,8.0,21.0,35.3,15.1,,,31.0
2026-07-05T17:04:06Z,232,18.0,7.0,18.0,35.2,14.9,,,31.0
2026-07-05T17:09:06Z,232,16.0,6.0,17.0,34.5,15.2,,,31.0
2026-07-05T17:14:06Z,232,12.0,7.0,13.0,33.1,15.4,,,31.0
2026-07-05T17:19:06Z,232,11.0,7.0,11.0,31.3,16.1,,,31.0
2026-07-05T17:24:06Z,232,11.0,6.0,12.0,29.5,16.8,,,31.0
2026-07-05T17:29:06Z,232,11.0,5.0,11.0,28.0,17.5,,,31.0
2026-07-05T17:34:06Z,232,19.0,7.0,20.0,26.7,18.3,,,31.0
2026-07-05T17:39:06Z,232,20.0,9.0,23.0,25.6,19.3,,,31.0
2026-07-05T17:44:06Z,232,15.0,6.0,16.0,24.5,19.7,,,31.0
2026-07-05T17:49:06Z,232,8.0,3.0,10.0,23.7,20.1,,,31.0
2026-07-05T17:54:06Z,232,10.0,5.0,10.0,23.0,20.5,,,31.0
2026-07-05T17:59:06Z,232,17.0,8.0,18.0,22.4,21.2,,,31.0
2026-07-05T18:04:06Z,232,16.0,7.0,16.0,21.8,22.0,,,31.0
2026-07-05T18:09:06Z,232,16.0,8.0,17.0,21.3,22.1,,,31.0
2026-07-05T18:14:06Z,232,14.0,6.0,15.0,20.9,22.6,,,31.0
2026-07-05T18:19:06Z,232,15.0,7.0,18.0,20.4,22.6,,,31.0
2026-07-05T18:24:06Z,232,17.0,7.0,18.0,20.0,23.1,,,31.0
2026-07-05T18:29:06Z,232,18.0,8.0,20.0,19.7,23.5,,,31.0
2026-07-05T18:34:06Z,232,19.0,11.0,19.0,19.6,24.1,,,31.0
2026-07-05T18:39:06Z,232,16.0,7.0,17.0,19.4,24.3,,,31.0
2026-07-05T18:44:06Z,232,19.0,9.0,19.0,19.2,24.5,,,31.0
2026-07-05T18:49:06Z,232,23.0,11.0,23.0,19.1,24.6,,,31.0
2026-07-05T18:54:06Z,232,19.0,9.0,19.0,19.0,24.9,,,31.0
2026-07-05T18:59:06Z,232,20.0,12.0,20.0,18.9,25.1,,,31.0
2026-07-05T19:04:06Z,232,18.0,8.0,21.0,18.8,25.3,,,31.0
2026-07-05T19:09:06Z,232,19.0,9.0,19.0,18.7,25.4,,,31.0
2026-07-05T19:14:06Z,232,20.0,9.0,23.0,18.6,25.6,,,31.0
2026-07-05T19:19:06Z,232,24.0,13.0,24.0,18.5,25.9,,,31.0
2026-07-05T19:24:06Z,232,23.0,12.0,24.0,18.4,26.2,,,31.0
2026-07-05T19:29:06Z,232,25.0,17.0,26.0,18.3,26.1,,,31.0
2026-07-05T19:34:06Z,232,24.0,15.0,25.0,18.2,26.2,,,31.0
2026-07-05T19:39:06Z,232,28.0,19.0,28.0,18.1,26.9,,,31.0
2026-07-05T19:44:06Z,232,26.0,18.0,26.0,18.0,26.9,,,31.0
2026-07-05T19:49:06Z,232,28.0,19.0,29.0,17.9,26.9,,,31.0
2026-07-05T19:54:06Z,232,31.0,20.0,33.0,17.8,27.3,,,31.0
2026-07-05T19:59:06Z,232,28.0,17.0,28.0,17.8,27.6,,,31.0
2026-07-05T20:04:16Z,232,30.0,20.0,30.0,17.7,27.5,,,31.0
2026-07-05T20:09:06Z,232,29.0,18.0,29.0,17.6,27.6,,,31.0
2026-07-05T20:14:07Z,232,29.0,18.0,29.0,17.5,27.9,,,31.0
2026-07-05T20:19:06Z,232,31.0,19.0,34.0,17.4,28.0,,,31.0
2026-07-05T20:24:07Z,232,29.0,19.0,29.0,17.4,28.0,,,31.0
2026-07-05T20:29:06Z,232,30.0,21.0,31.0,17.4,28.1,,,31.0
2026-07-05T20:34:06Z,232,32.0,21.0,33.0,17.3,28.3,,,31.0
2026-07-05T20:39:07Z,232,32.0,22.0,35.0,17.2,28.5,,,31.0
2026-07-05T20:44:06Z,232,31.0,21.0,34.0,17.1,28.5,,,31.0
2026-07-05T20:49:06Z,232,31.0,21.0,32.0,17.1,28.6,,,31.0
2026-07-05T20:54:06Z,232,32.0,21.0,36.0,17.0,28.7,,,31.0
2026-07-05T20:59:06Z,232,32.0,22.0,35.0,16.9,29.0,,,31.0
2026-07-05T21:04:06Z,232,32.0,23.0,36.0,16.9,29.0,,,31.0
2026-07-05T21:09:06Z,232,34.0,22.0,37.0,16.8,29.3,,,31.0
2026-07-05T21:14:06Z,232,34.0,22.0,39.0,16.7,29.4,,,31.0
2026-07-05T21:19:06Z,232,33.0,22.0,36.0,16.6,29.6,,,31.0
2026-07-05T21:24:06Z,232,34.0,22.0,38.0,16.6,29.8,,,31.0
2026-07-05T21:29:06Z,232,33.0,22.0,37.0,16.4,29.9,,,31.0
2026-07-05T21:34:06Z,232,32.0,22.0,35.0,16.3,30.0,,,31.0
2026-07-05T21:39:06Z,232,34.0,22.0,40.0,16.2,30.1,,,31.0
2026-07-05T21:44:06Z,232,35.0,23.0,39.0,16.1,30.3,,,31.0
2026-07-05T21:49:06Z,232,35.0,22.0,40.0,16.0,30.4,,,31.0
2026-07-05T21:54:06Z,232,35.0,23.0,41.0,15.9,30.7,,,31.0
2026-07-05T21:59:08Z,232,35.0,23.0,40.0,15.7,30.8,,,31.0
2026-07-05T22:04:06Z,232,38.0,24.0,46.0,15.7,31.1,,,31.0
2026-07-05T22:09:06Z,232,37.0,23.0,44.0,15.5,31.2,,,31.0
2026-07-05T22:14:06Z,232,36.0,23.0,42.0,15.5,31.3,,,31.0
2026-07-05T22:19:06Z,232,35.0,23.0,40.0,15.3,31.5,,,31.0
2026-07-05T22:24:06Z,232,36.0,23.0,43.0,15.2,31.5,,,31.0
2026-07-05T22:29:06Z,232,36.0,24.0,45.0,15.1,31.8,,,31.0
2026-07-05T22:34:07Z,232,37.0,24.0,46.0,15.0,31.9,,,31.0
2026-07-05T22:39:06Z,232,36.0,23.0,43.0,14.9,31.9,,,31.0
2026-07-05T22:44:06Z,232,36.0,25.0,43.0,14.8,31.8,,,31.0
2026-07-05T22:49:06Z,232,36.0,24.0,42.0,14.7,32.2,,,31.0
2026-07-05T22:54:06Z,232,35.0,23.0,42.0,14.6,32.2,,,31.0
2026-07-05T22:59:06Z,232,37.0,24.0,44.0,14.6,32.2,,,31.0
2026-07-05T23:04:06Z,232,35.0,23.0,39.0,14.5,32.2,,,31.0
2026-07-05T23:09:06Z,232,32.0,21.0,35.0,14.4,31.9,,,31.0
2026-07-05T23:14:06Z,232,33.0,21.0,35.0,14.3,31.8,,,31.0
2026-07-05T23:19:07Z,232,32.0,21.0,36.0,14.3,31.9,,,31.0
2026-07-05T23:24:06Z,232,33.0,22.0,35.0,14.2,31.8,,,31.0
2026-07-05T23:29:06Z,232,33.0,20.0,36.0,14.1,32.0,,,31.0
2026-07-05T23:34:07Z,232,32.0,21.0,35.0,14.1,32.1,,,31.0
2026-07-05T23:39:07Z,232,29.0,18.0,30.0,14.0,31.8,,,31.0
2026-07-05T23:44:07Z,232,28.0,15.0,29.0,13.9,31.6,,,31.0
2026-07-05T23:49:07Z,232,28.0,16.0,30.0,13.8,31.6,,,31.0
2026-07-05T23:54:07Z,232,25.0,12.0,29.0,13.6,31.5,,,31.0
2026-07-05T23:59:07Z,232,25.0,9.0,26.0,13.5,31.0,,,31.0
2026-07-06T00:04:07Z,232,23.0,9.0,23.0,13.5,30.6,,,31.0
2026-07-06T00:09:07Z,232,23.0,7.0,24.0,13.4,30.5,,,31.0
2026-07-06T00:14:07Z,232,23.0,11.0,24.0,13.3,30.4,,,31.0
2026-07-06T00:19:07Z,232,23.0,9.0,24.0,13.3,30.4,,,31.0
2026-07-06T00:24:07Z,232,26.0,12.0,28.0,13.3,30.8,,,31.0
2026-07-06T00:29:07Z,232,23.0,9.0,24.0,13.2,30.8,,,31.0
2026-07-06T00:34:07Z,232,29.0,19.0,31.0,13.2,31.1,,,31.0
2026-07-06T00:39:07Z,232,31.0,20.0,37.0,13.1,31.8,,,31.0
2026-07-06T00:44:07Z,232,29.0,21.0,30.0,13.1,32.2,,,31.0
2026-07-06T00:49:07Z,232,31.0,22.0,31.0,13.1,32.3,,,31.0
2026-07-06T00:54:07Z,232,33.0,23.0,35.0,13.1,32.5,,,31.0
2026-07-06T00:59:07Z,232,33.0,21.0,35.0,13.1,32.5,,,31.0
2026-07-06T01:04:07Z,232,31.0,21.0,34.0,13.0,32.5,,,31.0
2026-07-06T01:09:07Z,232,31.0,21.0,32.0,13.0,32.2,,,31.0
2026-07-06T01:14:07Z,232,31.0,20.0,31.0,13.0,32.2,,,31.0
2026-07-06T01:19:07Z,232,30.0,20.0,32.0,12.9,32.4,,,31.0
2026-07-06T01:24:07Z,232,28.0,15.0,28.0,12.9,32.3,,,31.0
2026-07-06T01:29:07Z,232,27.0,19.0,28.0,12.8,32.2,,,31.0
2026-07-06T01:34:07Z,232,26.0,19.0,28.0,12.8,32.2,,,31.0
2026-07-06T01:39:07Z,232,27.0,15.0,27.0,12.7,32.0,,,31.0
2026-07-06T01:44:07Z,232,21.0,11.0,24.0,12.7,31.6,,,31.0
2026-07-06T01:49:07Z,232,21.0,8.0,23.0,12.6,31.3,,,31.0
2026-07-06T01:54:07Z,232,20.0,9.0,21.0,12.5,31.1,,,31.0
2026-07-06T01:59:07Z,232,11.0,6.0,12.0,12.5,30.5,,,31.0
2026-07-06T02:04:07Z,232,8.0,5.0,8.0,12.5,29.9,,,31.0
2026-07-06T02:09:07Z,232,5.0,3.0,6.0,12.4,29.2,,,31.0
2026-07-06T02:14:07Z,232,4.0,2.0,5.0,12.4,29.3,,,31.0
2026-07-06T02:19:07Z,232,6.0,1.0,6.0,12.3,28.9,,,31.0
2026-07-06T02:24:07Z,232,5.0,3.0,5.0,12.3,29.3,,,31.0
2026-07-06T02:29:07Z,232,5.0,2.0,5.0,12.3,29.6,,,31.0
2026-07-06T02:34:07Z,232,4.0,2.0,4.0,12.2,29.0,,,31.0
2026-07-06T02:39:07Z,232,5.0,1.0,5.0,12.1,28.9,,,31.0
2026-07-06T02:44:07Z,232,3.0,0.0,4.0,12.1,27.9,,,31.0
2026-07-06T02:49:07Z,232,2.0,0.0,3.0,12.0,27.7,,,31.0
2026-07-06T02:54:07Z,232,4.0,1.0,5.0,12.0,27.9,,,31.0
2026-07-06T02:59:07Z,232,5.0,1.0,5.0,12.0,28.2,,,31.0
2026-07-06T03:04:07Z,232,4.0,1.0,4.0,12.0,28.4,,,31.0
2026-07-06T03:09:07Z,232,7.0,3.0,8.0,11.9,28.5,,,31.0
2026-07-06T03:14:07Z,232,5.0,4.0,5.0,11.9,28.8,,,31.0
2026-07-06T03:19:07Z,232,7.0,3.0,7.0,11.9,28.8,,,31.0
2026-07-06T03:24:07Z,232,7.0,4.0,8.0,11.8,29.2,,,31.0
2026-07-06T03:29:07Z,232,12.0,5.0,13.0,11.8,29.2,,,31.0
2026-07-06T03:34:07Z,232,8.0,3.0,12.0,11.8,29.1,,,31.0
2026-07-06T03:39:07Z,232,7.0,2.0,7.0,11.8,28.3,,,31.0
2026-07-06T03:44:07Z,232,4.0,2.0,4.0,11.7,28.2,,,31.0
2026-07-06T03:49:07Z,232,4.0,2.0,4.0,11.8,28.2,,,31.0
2026-07-06T03:54:07Z,232,5.0,2.0,6.0,11.7,28.2,,,31.0
2026-07-06T03:59:07Z,232,4.0,3.0,4.0,11.8,28.3,,,31.0
2026-07-06T04:04:07Z,232,3.0,1.0,3.0,11.8,28.0,,,31.0
2026-07-06T04:09:07Z,232,0.0,0.0,0.0,11.8,26.7,,,31.0
2026-07-06T04:14:07Z,232,0.0,0.0,0.0,11.8,25.6,,,31.0
2026-07-06T04:19:07Z,232,0.0,0.0,0.0,11.7,25.1,,,31.0
2026-07-06T04:24:07Z,232,0.0,0.0,0.0,11.8,24.9,,,31.0
2026-07-06T04:29:07Z,232,0.0,0.0,0.0,11.8,24.7,,,31.0
2026-07-06T04:34:07Z,232,0.0,0.0,0.0,11.8,24.8,,,31.0
2026-07-06T04:39:07Z,232,0.0,0.0,0.0,11.8,25.0,,,31.0
2026-07-06T04:44:07Z,232,1.0,0.0,1.0,11.9,25.2,,,31.0
2026-07-06T04:49:07Z,232,3.0,0.0,4.0,11.9,25.6,,,31.0
2026-07-06T04:54:07Z,232,4.0,1.0,6.0,11.8,25.7,,,31.0
2026-07-06T04:59:07Z,232,2.0,0.0,2.0,11.8,25.4,,,31.0
2026-07-06T05:04:07Z,232,0.0,0.0,0.0,11.9,24.2,,,31.0
2026-07-06T05:09:08Z,232,1.0,0.0,1.0,11.9,24.8,,,31.0
2026-07-06T05:14:08Z,232,0.0,0.0,0.0,11.8,24.6,,,31.0
2026-07-06T05:19:08Z,232,0.0,0.0,0.0,11.8,24.7,,,31.0
2026-07-06T05:24:08Z,232,0.0,0.0,0.0,11.8,25.1,,,31.0
2026-07-06T05:29:08Z,232,1.0,0.0,1.0,11.8,25.1,,,31.0
2026-07-06T05:34:08Z,232,1.0,0.0,1.0,11.8,25.1,,,31.0
2026-07-06T05:39:08Z,232,0.0,0.0,1.0,11.7,25.0,,,31.0
2026-07-06T05:44:08Z,232,0.0,0.0,0.0,11.7,25.2,,,31.0
2026-07-06T05:49:08Z,232,0.0,0.0,0.0,11.6,24.6,,,31.0
2026-07-06T05:54:08Z,232,0.0,0.0,0.0,11.6,24.0,,,31.0
2026-07-06T05:59:08Z,232,0.0,0.0,0.0,11.6,23.7,,,31.0
2026-07-06T06:04:08Z,232,0.0,0.0,0.0,11.6,23.7,,,31.0
2026-07-06T06:09:08Z,232,0.0,0.0,0.0,11.6,23.8,,,31.0
2026-07-06T06:14:08Z,232,0.0,0.0,0.0,11.6,23.7,,,31.0
2026-07-06T06:19:08Z,232,0.0,0.0,0.0,11.6,23.2,,,31.0
2026-07-06T06:24:08Z,232,0.0,0.0,0.0,11.6,23.0,,,31.0
2026-07-06T06:29:08Z,232,0.0,0.0,0.0,11.6,22.7,,,31.0
2026-07-06T06:34:08Z,232,0.0,0.0,0.0,11.6,22.8,,,31.0
2026-07-06T06:39:08Z,232,0.0,0.0,0.0,11.6,22.4,,,31.0
2026-07-06T06:44:08Z,232,0.0,0.0,0.0,11.6,22.0,,,31.0
2026-07-06T06:49:08Z,232,0.0,0.0,0.0,11.6,21.8,,,31.0
2026-07-06T06:54:08Z,232,0.0,0.0,0.0,11.6,21.6,,,31.0
2026-07-06T06:59:08Z,232,0.0,0.0,0.0,11.6,21.3,,,31.0
2026-07-06T07:04:08Z,232,0.0,0.0,0.0,11.6,21.7,,,31.0
2026-07-06T07:09:08Z,232,0.0,0.0,0.0,11.6,22.3,,,31.0
2026-07-06T07:14:08Z,232,0.0,0.0,0.0,11.6,22.2,,,31.0
2026-07-06T07:19:08Z,232,0.0,0.0,0.0,11.5,22.3,,,31.0
2026-07-06T07:24:08Z,232,0.0,0.0,0.0,11.5,22.3,,,31.0
2026-07-06T07:29:08Z,232,0.0,0.0,0.0,11.5,22.4,,,31.0
2026-07-06T07:34:08Z,232,0.0,0.0,0.0,11.4,22.2,,,31.0
2026-07-06T07:39:08Z,232,0.0,0.0,0.0,11.4,22.0,,,31.0
2026-07-06T07:44:08Z,232,0.0,0.0,0.0,11.4,22.1,,,31.0
2026-07-06T07:49:08Z,232,0.0,0.0,0.0,11.4,22.0,,,31.0
2026-07-06T07:54:08Z,232,0.0,0.0,0.0,11.4,21.7,,,31.0
2026-07-06T07:59:08Z,232,0.0,0.0,0.0,11.4,21.3,,,31.0
2026-07-06T08:04:08Z,232,0.0,0.0,0.0,11.4,20.4,,,31.0
2026-07-06T08:09:08Z,232,0.0,0.0,0.0,11.4,19.7,,,31.0
2026-07-06T08:14:08Z,232,0.0,0.0,0.0,11.5,19.7,,,31.0
2026-07-06T08:19:08Z,232,0.0,0.0,0.0,11.5,19.8,,,31.0
2026-07-06T08:24:08Z,232,0.0,0.0,0.0,11.5,19.8,,,31.0
2026-07-06T08:29:08Z,232,0.0,0.0,0.0,11.5,19.3,,,31.0
2026-07-06T08:34:08Z,232,0.0,0.0,0.0,11.6,19.6,,,31.0
2026-07-06T08:39:08Z,232,0.0,0.0,0.0,11.6,19.6,,,31.0
2026-07-06T08:44:08Z,232,0.0,0.0,0.0,11.7,19.6,,,31.0
2026-07-06T08:49:08Z,232,0.0,0.0,0.0,11.7,19.9,,,31.0
2026-07-06T08:54:08Z,232,0.0,0.0,0.0,11.7,19.7,,,31.0
2026-07-06T08:59:08Z,232,0.0,0.0,0.0,11.7,19.9,,,31.0
2026-07-06T09:04:08Z,232,0.0,0.0,0.0,11.6,19.9,,,31.0
2026-07-06T09:09:08Z,232,0.0,0.0,0.0,11.6,20.1,,,31.0
2026-07-06T09:14:08Z,232,0.0,0.0,0.0,11.6,20.0,,,31.0
2026-07-06T09:19:08Z,232,0.0,0.0,0.0,11.6,19.9,,,31.0
2026-07-06T09:24:09Z,232,0.0,0.0,0.0,11.6,19.5,,,31.0
2026-07-06T09:29:08Z,232,0.0,0.0,0.0,11.6,19.0,,,31.0
2026-07-06T09:34:08Z,232,0.0,0.0,0.0,11.6,18.6,,,31.0
2026-07-06T09:39:08Z,232,0.0,0.0,0.0,11.7,18.5,,,31.0
2026-07-06T09:44:09Z,232,0.0,0.0,0.0,11.6,18.7,,,31.0
2026-07-06T09:49:08Z,232,0.0,0.0,0.0,11.7,18.5,,,31.0
2026-07-06T09:54:08Z,232,0.0,0.0,0.0,11.7,18.5,,,31.0
2026-07-06T09:59:08Z,232,0.0,0.0,0.0,11.7,18.1,,,31.0
2026-07-06T10:04:09Z,232,0.0,0.0,0.0,11.7,17.9,,,31.0
2026-07-06T10:09:08Z,232,0.0,0.0,0.0,11.7,18.4,,,31.0
2026-07-06T10:14:08Z,232,0.0,0.0,0.0,11.7,18.4,,,31.0
2026-07-06T10:19:08Z,232,0.0,0.0,0.0,11.7,18.5,,,31.0
2026-07-06T10:24:08Z,232,0.0,0.0,0.0,11.7,18.0,,,31.0
2026-07-06T10:29:08Z,232,0.0,0.0,0.0,11.7,18.6,,,31.0
2026-07-06T10:34:08Z,232,0.0,0.0,0.0,11.7,18.6,,,31.0
2026-07-06T10:39:08Z,232,0.0,0.0,0.0,11.6,18.6,,,31.0
2026-07-06T10:44:08Z,232,0.0,0.0,0.0,11.6,18.7,,,31.0
2026-07-06T10:49:08Z,232,0.0,0.0,0.0,11.6,18.8,,,31.0
2026-07-06T10:54:08Z,232,0.0,0.0,0.0,11.6,18.7,,,31.0
2026-07-06T10:59:08Z,232,0.0,0.0,0.0,11.5,18.7,,,31.0
2026-07-06T11:04:08Z,232,0.0,0.0,0.0,11.5,18.2,,,31.0
2026-07-06T11:09:08Z,232,0.0,0.0,0.0,11.6,17.7,,,31.0
2026-07-06T11:14:08Z,232,0.0,0.0,0.0,11.6,17.7,,,31.0
2026-07-06T11:19:08Z,232,0.0,0.0,0.0,11.6,17.7,,,31.0
2026-07-06T11:24:08Z,232,0.0,0.0,0.0,11.6,17.6,,,31.0
2026-07-06T11:29:08Z,232,0.0,0.0,0.0,11.6,17.6,,,31.0
2026-07-06T11:34:08Z,232,0.0,0.0,0.0,11.6,17.4,,,31.0
2026-07-06T11:39:08Z,232,0.0,0.0,0.0,11.6,17.3,,,31.0
2026-07-06T11:44:08Z,232,0.0,0.0,0.0,11.6,18.1,,,31.0
2026-07-06T11:49:08Z,232,0.0,0.0,0.0,11.7,18.2,,,31.0
2026-07-06T11:54:08Z,232,0.0,0.0,0.0,11.7,18.2,,,31.0
2026-07-06T11:59:08Z,232,0.0,0.0,0.0,11.6,18.7,,,31.0
2026-07-06T12:04:08Z,232,0.0,0.0,0.0,11.5,18.7,,,31.0
2026-07-06T12:09:08Z,232,0.0,0.0,0.0,11.5,19.0,,,31.0
2026-07-06T12:14:08Z,232,0.0,0.0,0.0,11.5,19.2,,,31.0
2026-07-06T12:19:08Z,232,0.0,0.0,0.0,11.5,19.0,,,31.0
2026-07-06T12:24:08Z,232,0.0,0.0,0.0,11.5,19.3,,,31.0
2026-07-06T12:29:08Z,232,0.0,0.0,0.0,11.5,19.0,,,31.0
2026-07-06T12:34:08Z,232,0.0,0.0,0.0,11.5,18.8,,,31.0
2026-07-06T12:39:08Z,232,0.0,0.0,0.0,11.5,18.7,,,31.0
2026-07-06T12:44:08Z,232,0.0,0.0,0.0,11.5,18.8,,,31.0
2026-07-06T12:49:08Z,232,0.0,0.0,0.0,11.5,18.9,,,31.0
2026-07-06T12:54:08Z,232,0.0,0.0,0.0,11.6,18.9,,,31.0
2026-07-06T12:59:09Z,232,1.0,0.0,1.0,11.7,18.9,,,31.0
2026-07-06T13:04:08Z,232,9.0,4.0,9.0,11.8,19.2,,,31.0
2026-07-06T13:09:09Z,232,13.0,5.0,20.0,12.2,19.5,,,31.0
2026-07-06T13:14:08Z,232,8.0,4.0,13.0,13.0,19.9,,,31.0
2026-07-06T13:19:09Z,232,15.0,5.0,19.0,14.1,19.6,,,31.0
2026-07-06T13:24:09Z,232,25.0,9.0,27.0,15.1,19.1,,,31.0
2026-07-06T13:29:09Z,232,27.0,14.0,27.0,16.2,18.6,,,31.0
2026-07-06T13:34:09Z,232,22.0,10.0,23.0,17.3,17.9,,,31.0
2026-07-06T13:39:09Z,232,16.0,5.0,19.0,18.3,17.3,,,31.0
2026-07-06T13:44:09Z,232,13.0,4.0,14.0,19.3,16.8,,,31.0
2026-07-06T13:49:09Z,232,26.0,17.0,27.0,20.3,16.5,,,31.0
2026-07-06T13:54:09Z,232,38.0,25.0,47.0,21.2,16.2,,,31.0
2026-07-06T13:59:09Z,232,8.0,4.0,8.0,22.1,15.8,,,31.0
2026-07-06T14:04:09Z,232,4.0,1.0,4.0,23.0,15.2,,,31.0
2026-07-06T14:09:09Z,232,5.0,2.0,5.0,23.8,14.7,,,31.0
2026-07-06T14:14:09Z,232,5.0,1.0,5.0,24.8,14.6,,,31.0
2026-07-06T14:19:09Z,232,0.0,0.0,0.0,25.6,13.6,,,31.0
2026-07-06T14:24:09Z,232,1.0,0.0,1.0,26.4,13.5,,,31.0
2026-07-06T14:29:09Z,232,1.0,0.0,1.0,27.0,12.9,,,31.0
2026-07-06T14:34:09Z,232,0.0,0.0,0.0,27.5,12.5,,,31.0
2026-07-06T14:39:09Z,232,0.0,0.0,0.0,28.2,12.4,,,31.0
2026-07-06T14:44:09Z,232,61.0,38.0,72.0,28.7,12.3,,,31.0
2026-07-06T14:49:09Z,232,101.0,72.0,104.0,29.1,12.2,,,31.0
2026-07-06T14:54:09Z,232,37.0,25.0,45.0,29.6,12.3,,,31.0
2026-07-06T14:59:09Z,232,23.0,17.0,24.0,30.4,12.1,,,31.0
2026-07-06T15:04:09Z,232,2.0,1.0,3.0,31.1,11.7,,,31.0
2026-07-06T15:09:09Z,232,18.0,8.0,19.0,31.7,11.9,,,31.0
2026-07-06T15:14:09Z,232,9.0,5.0,9.0,32.2,11.7,,,31.0
2026-07-06T15:19:09Z,232,0.0,0.0,0.0,32.6,11.4,,,31.0
2026-07-06T15:24:09Z,232,0.0,0.0,0.0,33.0,11.3,,,31.0
2026-07-06T15:29:09Z,232,12.0,4.0,13.0,33.4,11.4,,,31.0
2026-07-06T15:34:09Z,232,1.0,0.0,2.0,33.7,11.2,,,31.0
2026-07-06T15:39:09Z,232,0.0,0.0,0.0,34.0,11.0,,,31.0
2026-07-06T15:44:09Z,232,4.0,3.0,4.0,34.2,11.3,,,31.0
2026-07-06T15:49:09Z,232,0.0,0.0,0.0,34.0,10.8,,,31.0
2026-07-06T15:54:09Z,232,0.0,0.0,0.0,33.9,10.7,,,31.0
2026-07-06T15:59:09Z,232,0.0,0.0,0.0,33.9,10.9,,,31.0
2026-07-06T16:04:09Z,232,0.0,0.0,0.0,34.3,10.8,,,31.0
2026-07-06T16:09:09Z,232,0.0,0.0,0.0,34.7,10.8,,,31.0
2026-07-06T16:14:09Z,232,0.0,0.0,0.0,34.8,10.6,,,31.0
2026-07-06T16:19:09Z,232,0.0,0.0,0.0,34.6,10.7,,,31.0
2026-07-06T16:24:09Z,232,0.0,0.0,0.0,34.4,10.8,,,31.0
2026-07-06T16:29:09Z,232,0.0,0.0,0.0,34.2,10.6,,,31.0
2026-07-06T16:34:09Z,232,0.0,0.0,0.0,33.7,10.8,,,31.0
2026-07-06T16:39:09Z,232,0.0,0.0,0.0,33.3,11.2,,,31.0
2026-07-06T16:44:09Z,232,0.0,0.0,0.0,32.9,11.1,,,31.0
2026-07-06T16:49:09Z,232,0.0,0.0,0.0,32.6,11.3,,,31.0
2026-07-06T16:54:09Z,232,2.0,0.0,2.0,32.1,11.4,,,31.0
2026-07-06T16:59:09Z,232,2.0,0.0,2.0,31.7,11.6,,,31.0
2026-07-06T17:04:09Z,232,0.0,0.0,0.0,31.3,11.6,,,31.0
2026-07-06T17:09:09Z,232,3.0,2.0,3.0,30.8,12.0,,,31.0
2026-07-06T17:14:09Z,232,1.0,0.0,1.0,30.1,12.3,,,31.0
2026-07-06T17:19:09Z,232,5.0,1.0,5.0,29.2,13.1,,,31.0
2026-07-06T17:24:09Z,232,7.0,4.0,8.0,28.4,13.7,,,31.0
2026-07-06T17:29:09Z,232,8.0,5.0,8.0,27.7,14.1,,,31.0
2026-07-06T17:34:09Z,232,8.0,5.0,8.0,27.0,14.4,,,31.0
2026-07-06T17:39:09Z,232,9.0,5.0,9.0,26.4,15.0,,,31.0
2026-07-06T17:44:09Z,232,13.0,5.0,15.0,25.9,15.2,,,31.0
2026-07-06T17:49:09Z,232,19.0,8.0,21.0,25.5,15.5,,,31.0
2026-07-06T17:54:09Z,232,18.0,7.0,21.0,25.1,15.8,,,31.0
2026-07-06T17:59:09Z,232,19.0,8.0,20.0,24.8,15.9,,,31.0
2026-07-06T18:04:09Z,232,18.0,8.0,20.0,24.3,16.2,,,31.0
2026-07-06T18:09:09Z,232,15.0,7.0,15.0,24.0,16.4,,,31.0
2026-07-06T18:14:09Z,232,25.0,14.0,25.0,23.6,16.7,,,31.0
2026-07-06T18:19:09Z,232,30.0,21.0,30.0,23.3,16.7,,,31.0
2026-07-06T18:24:09Z,232,33.0,22.0,35.0,23.1,17.2,,,31.0
2026-07-06T18:29:09Z,232,35.0,25.0,41.0,22.8,17.4,,,31.0
2026-07-06T18:34:09Z,232,41.0,29.0,49.0,22.6,17.5,,,31.0
2026-07-06T18:39:09Z,232,39.0,26.0,46.0,22.4,17.7,,,31.0
2026-07-06T18:44:09Z,232,34.0,23.0,39.0,22.3,17.9,,,31.0
2026-07-06T18:49:09Z,232,32.0,22.0,35.0,22.2,18.2,,,31.0
2026-07-06T18:52:38Z,232,32.0,21.0,33.0,22.1,18.3,,,31.0
2026-07-06T18:52:54Z,232,31.0,21.0,33.0,22.1,18.4,,,31.0
2026-07-06T18:54:09Z,232,30.0,21.0,30.0,22.0,18.5,,,31.0
2026-07-06T18:59:09Z,232,25.0,18.0,25.0,21.9,18.7,,,31.0
2026-07-06T19:04:09Z,232,26.0,21.0,26.0,21.7,18.8,,,31.0
2026-07-06T19:09:09Z,232,24.0,17.0,24.0,21.6,18.9,,,31.0
2026-07-06T19:14:09Z,232,25.0,17.0,26.0,21.4,19.1,,,31.0
2026-07-06T19:19:09Z,232,29.0,21.0,32.0,21.3,19.3,,,31.0
2026-07-06T19:24:09Z,232,29.0,21.0,32.0,21.2,19.4,,,31.0
2026-07-06T19:29:11Z,232,34.0,23.0,37.0,21.1,19.5,,,31.0
2026-07-06T19:34:09Z,232,35.0,23.0,42.0,21.0,19.7,,,31.0
2026-07-06T19:39:09Z,232,36.0,24.0,44.0,20.9,19.7,,,31.0
2026-07-06T19:44:09Z,232,40.0,28.0,46.0,20.7,19.9,,,31.0
2026-07-06T19:49:10Z,232,41.0,27.0,49.0,20.7,19.9,,,31.0
2026-07-06T19:54:10Z,232,42.0,29.0,49.0,20.6,20.0,,,31.0
2026-07-06T19:59:10Z,232,42.0,29.0,52.0,20.5,20.2,,,31.0
2026-07-06T20:04:59Z,232,43.0,29.0,51.0,20.4,20.1,,,31.0
2026-07-06T20:09:10Z,232,43.0,29.0,50.0,20.4,19.9,,,31.0
2026-07-06T20:14:49Z,232,38.0,27.0,45.0,20.3,20.1,,,31.0
2026-07-06T20:20:05Z,232,39.0,28.0,46.0,20.3,20.1,,,31.0
2026-07-06T20:24:10Z,232,38.0,26.0,44.0,20.2,20.2,,,31.0
2026-07-06T20:29:10Z,232,37.0,28.0,43.0,20.2,20.5,,,31.0
2026-07-06T20:34:10Z,232,38.0,25.0,45.0,20.1,20.5,,,31.0
2026-07-06T20:39:10Z,232,34.0,24.0,39.0,20.1,20.3,,,31.0
2026-07-06T20:44:10Z,232,28.0,20.0,29.0,20.1,19.6,,,31.0
2026-07-06T20:49:10Z,232,27.0,21.0,28.0,20.1,19.8,,,31.0
2026-07-06T20:54:10Z,232,32.0,22.0,35.0,20.0,19.8,,,31.0
2026-07-06T20:59:10Z,232,32.0,22.0,36.0,19.9,19.9,,,31.0
2026-07-06T21:04:10Z,232,35.0,23.0,40.0,19.8,20.0,,,31.0
2026-07-06T21:09:10Z,232,34.0,23.0,38.0,19.7,20.3,,,31.0
2026-07-06T21:14:10Z,232,40.0,27.0,47.0,19.7,20.3,,,31.0
2026-07-06T21:19:10Z,232,45.0,30.0,54.0,19.6,20.6,,,31.0
2026-07-06T21:24:10Z,232,53.0,36.0,66.0,19.4,21.0,,,31.0
2026-07-06T21:29:10Z,232,51.0,33.0,63.0,19.3,21.2,,,31.0
2026-07-06T21:34:10Z,232,49.0,33.0,60.0,19.2,21.6,,,31.0
2026-07-06T21:39:10Z,232,44.0,29.0,54.0,19.0,21.8,,,31.0
2026-07-06T21:44:10Z,232,41.0,28.0,48.0,18.9,22.0,,,31.0
2026-07-06T21:49:10Z,232,32.0,23.0,35.0,18.7,21.7,,,31.0
2026-07-06T21:54:10Z,232,22.0,16.0,24.0,18.6,21.3,,,31.0
2026-07-06T21:59:10Z,232,18.0,8.0,18.0,18.5,20.3,,,31.0
2026-07-06T22:04:10Z,232,30.0,21.0,34.0,18.3,20.3,,,31.0
2026-07-06T22:09:10Z,232,22.0,11.0,22.0,18.2,20.0,,,31.0
2026-07-06T22:14:10Z,232,18.0,8.0,18.0,18.1,20.1,,,31.0
2026-07-06T22:19:10Z,232,9.0,5.0,11.0,18.0,19.8,,,31.0
2026-07-06T22:24:10Z,232,27.0,15.0,28.0,17.9,20.1,,,31.0
2026-07-06T22:29:10Z,232,23.0,11.0,24.0,17.7,19.8,,,31.0
2026-07-06T22:34:10Z,232,13.0,6.0,15.0,17.6,19.8,,,31.0
2026-07-06T22:39:10Z,232,6.0,2.0,7.0,17.5,19.6,,,31.0
2026-07-06T22:44:10Z,232,8.0,4.0,8.0,17.4,19.6,,,31.0
2026-07-06T22:49:10Z,232,7.0,3.0,10.0,17.4,19.6,,,31.0
2026-07-06T22:54:10Z,232,2.0,0.0,2.0,17.2,19.0,,,31.0
2026-07-06T22:59:10Z,232,0.0,0.0,1.0,17.1,18.5,,,31.0
2026-07-06T23:04:10Z,232,2.0,0.0,2.0,17.0,18.2,,,31.0
2026-07-06T23:09:10Z,232,0.0,0.0,1.0,17.0,17.9,,,31.0
2026-07-06T23:14:10Z,232,2.0,1.0,2.0,16.9,18.1,,,31.0
2026-07-06T23:19:10Z,232,11.0,6.0,14.0,16.9,17.9,,,31.0
2026-07-06T23:24:10Z,232,16.0,7.0,17.0,16.8,17.8,,,31.0
2026-07-06T23:29:10Z,232,17.0,5.0,19.0,16.8,17.6,,,31.0
2026-07-06T23:34:10Z,232,28.0,14.0,29.0,16.7,17.7,,,31.0
2026-07-06T23:39:10Z,232,5.0,1.0,5.0,16.7,17.5,,,31.0
2026-07-06T23:44:10Z,232,1.0,0.0,1.0,16.6,17.5,,,31.0
2026-07-06T23:49:10Z,232,0.0,0.0,0.0,16.5,17.0,,,31.0
2026-07-06T23:54:10Z,232,2.0,0.0,3.0,16.4,17.2,,,31.0
2026-07-06T23:59:10Z,232,0.0,0.0,0.0,16.4,17.3,,,31.0
2026-07-07T00:04:12Z,232,2.0,1.0,3.0,16.3,17.2,,,31.0
2026-07-07T00:09:10Z,232,1.0,0.0,2.0,16.3,17.1,,,31.0
2026-07-07T00:14:10Z,232,4.0,1.0,5.0,16.3,17.4,,,31.0
2026-07-07T00:19:10Z,232,3.0,1.0,4.0,16.2,17.6,,,31.0
2026-07-07T00:24:10Z,232,4.0,1.0,5.0,16.2,17.3,,,31.0
2026-07-07T00:29:10Z,232,5.0,0.0,6.0,16.2,16.9,,,31.0
2026-07-07T00:34:10Z,232,2.0,0.0,2.0,16.2,16.8,,,31.0
2026-07-07T00:39:10Z,232,3.0,0.0,3.0,16.2,16.5,,,31.0
2026-07-07T00:44:10Z,232,3.0,0.0,4.0,16.2,16.3,,,31.0
2026-07-07T00:49:10Z,232,0.0,0.0,1.0,16.2,16.2,,,31.0
2026-07-07T00:54:10Z,232,0.0,0.0,0.0,16.2,16.4,,,31.0
2026-07-07T00:59:10Z,232,1.0,0.0,1.0,16.2,16.6,,,31.0
2026-07-07T01:04:10Z,232,5.0,0.0,6.0,16.1,16.5,,,31.0
2026-07-07T01:09:10Z,232,4.0,1.0,4.0,16.1,16.7,,,31.0
2026-07-07T01:14:10Z,232,0.0,0.0,0.0,16.1,16.1,,,31.0
2026-07-07T01:19:10Z,232,0.0,0.0,0.0,16.1,15.6,,,31.0
2026-07-07T01:24:10Z,232,0.0,0.0,0.0,16.1,15.7,,,31.0
2026-07-07T01:29:10Z,232,0.0,0.0,0.0,16.1,15.6,,,31.0
2026-07-07T01:34:10Z,232,15.0,6.0,17.0,16.1,16.4,,,31.0
2026-07-07T01:39:10Z,232,2.0,0.0,3.0,16.1,16.3,,,31.0
2026-07-07T01:44:10Z,232,1.0,0.0,2.0,16.0,16.2,,,31.0
2026-07-07T01:49:10Z,232,2.0,0.0,2.0,16.0,16.4,,,31.0
2026-07-07T01:54:10Z,232,1.0,0.0,1.0,16.0,16.7,,,31.0
2026-07-07T01:59:10Z,232,0.0,0.0,0.0,16.0,17.0,,,31.0
2026-07-07T02:04:10Z,232,0.0,0.0,0.0,15.9,17.1,,,31.0
2026-07-07T02:09:10Z,232,0.0,0.0,0.0,15.9,17.1,,,31.0
2026-07-07T02:14:11Z,232,0.0,0.0,0.0,15.9,17.0,,,31.0
2026-07-07T02:19:10Z,232,1.0,0.0,1.0,15.9,17.1,,,31.0
2026-07-07T02:24:11Z,232,0.0,0.0,0.0,15.8,16.7,,,31.0
2026-07-07T02:29:10Z,232,0.0,0.0,0.0,15.8,16.8,,,31.0
2026-07-07T02:34:11Z,232,2.0,1.0,2.0,15.8,17.0,,,31.0
2026-07-07T02:39:11Z,232,3.0,0.0,3.0,15.7,17.2,,,31.0
2026-07-07T02:44:11Z,232,0.0,0.0,0.0,15.7,16.9,,,31.0
2026-07-07T02:49:11Z,232,0.0,0.0,0.0,15.7,16.6,,,31.0
2026-07-07T02:54:11Z,232,0.0,0.0,0.0,15.7,16.5,,,31.0
2026-07-07T02:59:11Z,232,0.0,0.0,0.0,15.7,16.6,,,31.0
2026-07-07T03:04:11Z,232,0.0,0.0,0.0,15.6,16.6,,,31.0
2026-07-07T03:09:11Z,232,2.0,0.0,3.0,15.6,16.7,,,31.0
2026-07-07T03:14:11Z,232,0.0,0.0,0.0,15.6,16.8,,,31.0
2026-07-07T03:19:11Z,232,0.0,0.0,0.0,15.7,16.4,,,31.0
2026-07-07T03:24:11Z,232,0.0,0.0,1.0,15.7,16.2,,,31.0
2026-07-07T03:29:11Z,232,0.0,0.0,0.0,15.8,16.2,,,31.0
2026-07-07T03:34:11Z,232,0.0,0.0,0.0,15.8,15.4,,,31.0
2026-07-07T03:39:11Z,232,0.0,0.0,0.0,15.8,14.9,,,31.0
2026-07-07T03:44:11Z,232,0.0,0.0,0.0,15.9,15.4,,,31.0
2026-07-07T03:49:11Z,232,0.0,0.0,0.0,15.9,15.6,,,31.0
2026-07-07T03:54:11Z,232,0.0,0.0,0.0,15.9,15.9,,,31.0
2026-07-07T03:59:11Z,232,0.0,0.0,0.0,15.8,15.7,,,31.0
2026-07-07T04:04:11Z,232,0.0,0.0,0.0,15.9,15.6,,,31.0
2026-07-07T04:09:11Z,232,0.0,0.0,0.0,15.8,15.6,,,31.0
2026-07-07T04:14:11Z,232,0.0,0.0,0.0,15.8,15.9,,,31.0
2026-07-07T04:19:11Z,232,0.0,0.0,0.0,15.8,15.8,,,31.0
2026-07-07T04:24:11Z,232,0.0,0.0,0.0,15.8,15.8,,,31.0
2026-07-07T04:29:11Z,232,0.0,0.0,0.0,15.7,15.6,,,31.0
2026-07-07T04:34:11Z,232,0.0,0.0,0.0,15.8,15.4,,,31.0
2026-07-07T04:39:11Z,232,0.0,0.0,0.0,15.8,15.6,,,31.0
2026-07-07T04:44:11Z,232,0.0,0.0,0.0,15.8,15.6,,,31.0
2026-07-07T04:49:11Z,232,0.0,0.0,0.0,15.8,15.6,,,31.0
2026-07-07T04:54:11Z,232,0.0,0.0,0.0,15.8,15.7,,,31.0
2026-07-07T04:59:11Z,232,0.0,0.0,0.0,15.8,15.6,,,31.0
2026-07-07T05:04:11Z,232,0.0,0.0,0.0,15.8,15.7,,,31.0
2026-07-07T05:09:11Z,232,0.0,0.0,0.0,15.8,16.2,,,31.0
2026-07-07T05:14:11Z,232,0.0,0.0,0.0,15.8,16.0,,,31.0
2026-07-07T05:19:11Z,232,0.0,0.0,0.0,15.8,15.6,,,31.0
2026-07-07T05:24:11Z,232,0.0,0.0,0.0,15.8,15.8,,,31.0
2026-07-07T05:29:11Z,232,0.0,0.0,0.0,15.7,15.9,,,31.0
2026-07-07T05:34:11Z,232,0.0,0.0,0.0,15.6,16.0,,,31.0
2026-07-07T05:39:11Z,232,0.0,0.0,0.0,15.6,15.9,,,31.0
2026-07-07T05:44:11Z,232,0.0,0.0,0.0,15.6,16.2,,,31.0
2026-07-07T05:49:11Z,232,0.0,0.0,0.0,15.5,16.2,,,31.0
2026-07-07T05:54:11Z,232,0.0,0.0,0.0,15.5,16.2,,,31.0
2026-07-07T05:59:11Z,232,0.0,0.0,0.0,15.5,16.2,,,31.0
2026-07-07T06:04:11Z,232,0.0,0.0,0.0,15.4,16.3,,,31.0
2026-07-07T06:09:11Z,232,0.0,0.0,0.0,15.4,16.3,,,31.0
2026-07-07T06:14:11Z,232,0.0,0.0,0.0,15.4,16.4,,,31.0
2026-07-07T06:19:11Z,232,0.0,0.0,0.0,15.3,16.5,,,31.0
2026-07-07T06:24:11Z,232,0.0,0.0,0.0,15.3,16.3,,,31.0
2026-07-07T06:29:11Z,232,0.0,0.0,0.0,15.3,16.6,,,31.0
2026-07-07T06:34:11Z,232,0.0,0.0,0.0,15.3,16.7,,,31.0
2026-07-07T06:39:11Z,232,0.0,0.0,0.0,15.2,16.3,,,31.0
2026-07-07T06:44:11Z,232,0.0,0.0,0.0,15.2,16.5,,,31.0
2026-07-07T06:49:11Z,232,0.0,0.0,0.0,15.2,16.6,,,31.0
2026-07-07T06:54:11Z,232,0.0,0.0,0.0,15.2,16.6,,,31.0
2026-07-07T06:59:11Z,232,0.0,0.0,0.0,15.2,16.6,,,31.0
2026-07-07T07:04:11Z,232,0.0,0.0,0.0,15.2,16.5,,,31.0
2026-07-07T07:09:11Z,232,0.0,0.0,0.0,15.2,16.8,,,31.0
2026-07-07T07:14:11Z,232,0.0,0.0,0.0,15.2,16.6,,,31.0
2026-07-07T07:19:11Z,232,0.0,0.0,0.0,15.3,16.6,,,31.0
2026-07-07T07:24:11Z,232,0.0,0.0,0.0,15.3,17.4,,,31.0
2026-07-07T07:29:11Z,232,0.0,0.0,0.0,15.4,17.1,,,31.0
2026-07-07T07:34:11Z,232,0.0,0.0,0.0,15.4,17.3,,,31.0
2026-07-07T07:39:11Z,232,0.0,0.0,0.0,15.4,17.1,,,31.0
2026-07-07T07:44:11Z,232,0.0,0.0,0.0,15.4,16.9,,,31.0
2026-07-07T07:49:11Z,232,0.0,0.0,0.0,15.5,16.9,,,31.0
2026-07-07T07:54:11Z,232,0.0,0.0,0.0,15.6,17.2,,,31.0
2026-07-07T07:59:11Z,232,0.0,0.0,0.0,15.5,17.4,,,31.0
2026-07-07T08:04:11Z,232,0.0,0.0,0.0,15.5,17.3,,,31.0
2026-07-07T08:09:11Z,232,0.0,0.0,0.0,15.5,17.4,,,31.0
2026-07-07T08:14:11Z,232,0.0,0.0,0.0,15.4,17.4,,,31.0
2026-07-07T08:19:11Z,232,0.0,0.0,0.0,15.4,17.4,,,31.0
2026-07-07T08:24:12Z,232,0.0,0.0,0.0,15.4,17.1,,,31.0
2026-07-07T08:29:11Z,232,0.0,0.0,0.0,15.4,17.1,,,31.0
2026-07-07T08:34:11Z,232,0.0,0.0,0.0,15.5,17.2,,,31.0
2026-07-07T08:39:11Z,232,0.0,0.0,0.0,15.5,17.3,,,31.0
2026-07-07T08:44:11Z,232,0.0,0.0,0.0,15.5,17.1,,,31.0
2026-07-07T08:49:12Z,232,0.0,0.0,0.0,15.5,17.1,,,31.0
2026-07-07T08:54:12Z,232,0.0,0.0,0.0,15.5,17.3,,,31.0
2026-07-07T08:59:12Z,232,0.0,0.0,0.0,15.5,17.1,,,31.0
2026-07-07T09:04:12Z,232,0.0,0.0,0.0,15.5,17.3,,,31.0
2026-07-07T09:09:12Z,232,0.0,0.0,0.0,15.5,17.0,,,31.0
2026-07-07T09:14:12Z,232,0.0,0.0,0.0,15.5,16.8,,,31.0
2026-07-07T09:19:12Z,232,0.0,0.0,0.0,15.5,16.9,,,31.0
2026-07-07T09:24:14Z,232,0.0,0.0,0.0,15.5,17.1,,,31.0
2026-07-07T09:29:12Z,232,0.0,0.0,0.0,15.5,17.2,,,31.0
2026-07-07T09:34:12Z,232,0.0,0.0,0.0,15.5,15.4,,,31.0
2026-07-07T09:39:12Z,232,0.0,0.0,0.0,15.6,15.9,,,31.0
2026-07-07T09:44:12Z,232,0.0,0.0,0.0,15.6,16.3,,,31.0
2026-07-07T09:49:15Z,232,0.0,0.0,0.0,15.6,16.4,,,31.0
2026-07-07T09:54:12Z,232,0.0,0.0,0.0,15.6,16.5,,,31.0
2026-07-07T09:59:12Z,232,0.0,0.0,0.0,15.5,16.6,,,31.0
2026-07-07T10:04:12Z,232,0.0,0.0,0.0,15.5,16.8,,,31.0
2026-07-07T10:09:12Z,232,0.0,0.0,0.0,15.4,16.9,,,31.0
2026-07-07T10:14:12Z,232,0.0,0.0,0.0,15.4,17.1,,,31.0
2026-07-07T10:19:12Z,232,0.0,0.0,0.0,15.4,16.8,,,31.0
2026-07-07T10:24:15Z,232,0.0,0.0,0.0,15.4,16.5,,,31.0
2026-07-07T10:29:12Z,232,0.0,0.0,0.0,15.4,16.6,,,31.0
2026-07-07T10:34:12Z,232,0.0,0.0,0.0,15.4,16.5,,,31.0
2026-07-07T10:39:12Z,232,0.0,0.0,0.0,15.4,16.3,,,31.0
2026-07-07T10:44:12Z,232,0.0,0.0,0.0,15.4,16.0,,,31.0
2026-07-07T10:49:13Z,232,0.0,0.0,0.0,15.4,16.1,,,31.0
2026-07-07T10:54:12Z,232,0.0,0.0,0.0,15.5,15.9,,,31.0
2026-07-07T10:59:12Z,232,0.0,0.0,0.0,15.5,16.1,,,31.0
2026-07-07T11:04:12Z,232,0.0,0.0,0.0,15.5,16.1,,,31.0
2026-07-07T11:09:12Z,232,0.0,0.0,0.0,15.5,16.3,,,31.0
2026-07-07T11:14:12Z,232,0.0,0.0,0.0,15.6,15.7,,,31.0
2026-07-07T11:19:12Z,232,0.0,0.0,0.0,15.6,15.7,,,31.0
2026-07-07T11:24:12Z,232,0.0,0.0,0.0,15.7,16.2,,,31.0
2026-07-07T11:29:12Z,232,0.0,0.0,0.0,15.7,16.3,,,31.0
2026-07-07T11:34:12Z,232,0.0,0.0,0.0,15.7,16.7,,,31.0
2026-07-07T11:39:12Z,232,0.0,0.0,0.0,15.6,17.0,,,31.0
2026-07-07T11:44:12Z,232,0.0,0.0,0.0,15.6,16.7,,,31.0
2026-07-07T11:49:12Z,232,0.0,0.0,0.0,15.6,17.1,,,31.0
2026-07-07T11:54:12Z,232,0.0,0.0,2.0,15.5,17.2,,,31.0
2026-07-07T11:59:12Z,232,0.0,0.0,0.0,15.5,16.7,,,31.0
2026-07-07T12:04:12Z,232,0.0,0.0,0.0,15.6,16.8,,,31.0
2026-07-07T12:09:12Z,232,0.0,0.0,0.0,15.5,17.3,,,31.0
2026-07-07T12:14:12Z,232,0.0,0.0,0.0,15.6,17.2,,,31.0
2026-07-07T12:19:12Z,232,0.0,0.0,0.0,15.6,17.0,,,31.0
2026-07-07T12:24:12Z,232,1.0,0.0,1.0,15.6,17.3,,,31.0
2026-07-07T12:29:12Z,232,0.0,0.0,0.0,15.6,17.1,,,31.0
2026-07-07T12:34:12Z,232,0.0,0.0,0.0,15.6,17.1,,,31.0
2026-07-07T12:39:12Z,232,0.0,0.0,0.0,15.6,17.2,,,31.0
2026-07-07T12:44:12Z,232,0.0,0.0,0.0,15.6,17.8,,,31.0
2026-07-07T12:49:12Z,232,1.0,0.0,2.0,15.6,18.1,,,31.0
2026-07-07T12:54:12Z,232,1.0,0.0,1.0,15.7,17.9,,,31.0
2026-07-07T12:59:12Z,232,0.0,0.0,0.0,15.8,17.8,,,31.0
2026-07-07T13:04:13Z,232,3.0,0.0,3.0,15.9,17.8,,,31.0
2026-07-07T13:09:12Z,232,5.0,0.0,6.0,16.0,18.3,,,31.0
2026-07-07T13:14:12Z,232,3.0,0.0,3.0,16.2,17.6,,,31.0
2026-07-07T13:19:12Z,232,4.0,0.0,4.0,16.3,17.4,,,31.0
2026-07-07T13:24:12Z,232,8.0,2.0,8.0,16.6,18.0,,,31.0
2026-07-07T13:29:12Z,232,15.0,4.0,17.0,17.1,18.2,,,31.0
2026-07-07T13:34:12Z,232,26.0,12.0,28.0,17.7,18.4,,,31.0
2026-07-07T13:39:12Z,232,22.0,7.0,24.0,18.5,17.9,,,31.0
2026-07-07T13:44:12Z,232,13.0,3.0,14.0,19.4,17.6,,,31.0
2026-07-07T13:49:12Z,232,12.0,4.0,15.0,20.3,17.2,,,31.0
2026-07-07T13:54:12Z,232,5.0,2.0,7.0,21.3,16.4,,,31.0
2026-07-07T13:59:12Z,232,4.0,1.0,4.0,22.3,15.5,,,31.0
2026-07-07T14:04:12Z,232,6.0,2.0,7.0,23.1,15.2,,,31.0
2026-07-07T14:09:12Z,232,2.0,1.0,5.0,24.0,14.8,,,31.0
2026-07-07T14:14:12Z,232,4.0,1.0,4.0,25.1,14.4,,,31.0
2026-07-07T14:19:12Z,232,1.0,0.0,2.0,26.1,14.1,,,31.0
2026-07-07T14:24:12Z,232,0.0,0.0,0.0,27.1,13.9,,,31.0
2026-07-07T14:29:12Z,232,8.0,4.0,10.0,27.9,14.0,,,31.0
2026-07-07T14:34:12Z,232,2.0,1.0,2.0,28.9,13.9,,,31.0
2026-07-07T14:39:13Z,232,0.0,0.0,0.0,29.9,12.2,,,31.0
2026-07-07T14:44:12Z,232,0.0,0.0,0.0,30.7,11.9,,,31.0
2026-07-07T14:49:12Z,232,3.0,0.0,5.0,31.4,11.5,,,31.0
2026-07-07T14:54:12Z,232,34.0,21.0,37.0,32.1,11.5,,,31.0
2026-07-07T14:59:12Z,232,5.0,1.0,5.0,32.7,11.3,,,31.0
2026-07-07T15:04:12Z,232,1.0,0.0,2.0,33.3,11.3,,,31.0
2026-07-07T15:09:12Z,232,0.0,0.0,0.0,33.7,11.1,,,31.0
2026-07-07T15:14:12Z,232,0.0,0.0,0.0,33.8,11.4,,,31.0
2026-07-07T15:19:12Z,232,0.0,0.0,1.0,33.5,11.5,,,31.0
2026-07-07T15:24:12Z,232,0.0,0.0,0.0,33.6,11.5,,,31.0
2026-07-07T15:29:12Z,232,0.0,0.0,0.0,33.8,11.5,,,31.0
2026-07-07T15:34:12Z,232,0.0,0.0,0.0,33.9,11.5,,,31.0
2026-07-07T15:39:12Z,232,4.0,0.0,4.0,34.1,11.6,,,31.0
2026-07-07T15:44:12Z,232,2.0,0.0,2.0,34.6,11.4,,,31.0
2026-07-07T15:49:12Z,232,0.0,0.0,0.0,35.3,11.1,,,31.0
2026-07-07T15:54:12Z,232,5.0,0.0,5.0,35.6,11.1,,,31.0
2026-07-07T15:59:12Z,232,0.0,0.0,1.0,36.1,11.1,,,31.0
2026-07-07T16:04:12Z,232,0.0,0.0,1.0,36.7,10.9,,,31.0
2026-07-07T16:09:12Z,232,2.0,0.0,2.0,37.4,10.9,,,31.0
2026-07-07T16:14:13Z,232,6.0,3.0,7.0,37.9,10.8,,,31.0
2026-07-07T16:19:13Z,232,1.0,0.0,1.0,38.7,10.5,,,31.0
2026-07-07T16:24:13Z,232,1.0,0.0,1.0,39.5,10.3,,,31.0
2026-07-07T16:29:13Z,232,0.0,0.0,0.0,40.5,10.3,,,31.0
2026-07-07T16:34:12Z,232,0.0,0.0,0.0,41.2,9.7,,,31.0
2026-07-07T16:39:13Z,232,0.0,0.0,0.0,41.9,9.9,,,31.0
2026-07-07T16:44:12Z,232,1.0,0.0,1.0,42.4,9.7,,,31.0
2026-07-07T16:49:13Z,232,2.0,1.0,2.0,43.0,9.3,,,31.0
2026-07-07T16:54:13Z,232,0.0,0.0,0.0,43.4,9.4,,,31.0
2026-07-07T16:59:13Z,232,0.0,0.0,0.0,43.6,9.2,,,31.0
2026-07-07T17:04:13Z,232,0.0,0.0,0.0,43.5,9.1,,,31.0
2026-07-07T17:09:13Z,232,0.0,0.0,0.0,42.9,9.1,,,31.0
2026-07-07T17:14:13Z,232,0.0,0.0,0.0,41.7,9.5,,,31.0
2026-07-07T17:19:13Z,232,3.0,0.0,3.0,39.9,9.6,,,31.0
2026-07-07T17:24:13Z,232,0.0,0.0,0.0,38.2,9.6,,,31.0
2026-07-07T17:29:13Z,232,0.0,0.0,0.0,36.5,10.0,,,31.0
2026-07-07T17:34:13Z,232,0.0,0.0,0.0,35.0,10.3,,,31.0
2026-07-07T17:39:13Z,232,0.0,0.0,0.0,33.7,10.7,,,31.0
2026-07-07T17:44:13Z,232,0.0,0.0,0.0,32.6,10.9,,,31.0
2026-07-07T17:49:13Z,232,0.0,0.0,0.0,31.6,11.1,,,31.0
2026-07-07T17:54:13Z,232,0.0,0.0,0.0,30.9,11.3,,,31.0
2026-07-07T17:59:13Z,232,1.0,0.0,1.0,30.1,11.7,,,31.0
2026-07-07T18:04:13Z,232,0.0,0.0,0.0,29.4,11.6,,,31.0
2026-07-07T18:09:13Z,232,1.0,0.0,1.0,28.9,12.0,,,31.0
2026-07-07T18:14:13Z,232,2.0,0.0,2.0,28.4,12.2,,,31.0
2026-07-07T18:19:13Z,232,2.0,1.0,2.0,28.1,12.4,,,31.0
2026-07-07T18:24:13Z,232,0.0,0.0,0.0,27.7,12.6,,,31.0
2026-07-07T18:29:13Z,232,1.0,0.0,1.0,27.4,13.0,,,31.0
2026-07-07T18:34:13Z,232,0.0,0.0,0.0,27.1,13.4,,,31.0
2026-07-07T18:39:13Z,232,0.0,0.0,0.0,26.8,13.4,,,31.0
2026-07-07T18:44:13Z,232,0.0,0.0,0.0,26.5,13.4,,,31.0
2026-07-07T18:49:13Z,232,3.0,0.0,3.0,26.1,13.8,,,31.0
2026-07-07T18:54:13Z,232,4.0,2.0,4.0,25.8,13.4,,,31.0
2026-07-07T18:59:13Z,232,2.0,1.0,3.0,25.5,14.0,,,31.0
2026-07-07T19:04:13Z,232,4.0,2.0,4.0,25.2,14.1,,,31.0
2026-07-07T19:09:13Z,232,2.0,0.0,3.0,25.0,14.1,,,31.0
2026-07-07T19:14:13Z,232,2.0,0.0,2.0,24.8,14.2,,,31.0
2026-07-07T19:19:13Z,232,17.0,7.0,18.0,24.5,14.4,,,31.0
2026-07-07T19:23:21Z,232,24.0,19.0,24.0,24.3,14.5,,,31.0
2026-07-07T19:27:54Z,232,15.0,6.0,15.0,24.1,14.7,,,31.0
2026-07-07T19:32:54Z,232,7.0,3.0,7.0,24.0,14.8,,,31.0
2026-07-07T19:37:54Z,232,4.0,1.0,4.0,23.8,14.9,,,31.0
2026-07-07T19:42:54Z,232,4.0,2.0,5.0,23.6,15.1,,,31.0
2026-07-07T19:47:54Z,232,4.0,2.0,4.0,23.5,15.4,,,31.0
2026-07-07T19:52:54Z,232,3.0,1.0,3.0,23.3,15.6,,,31.0
2026-07-07T19:57:54Z,232,7.0,3.0,8.0,23.1,15.7,,,31.0
2026-07-07T20:03:15Z,232,9.0,4.0,12.0,23.0,15.7,,,31.0
2026-07-07T20:08:02Z,232,17.0,6.0,18.0,22.8,16.0,,,31.0
2026-07-07T20:12:55Z,232,23.0,8.0,23.0,22.7,16.1,,,31.0
2026-07-07T20:17:54Z,232,23.0,9.0,23.0,22.6,16.2,,,31.0
2026-07-07T20:22:55Z,232,19.0,6.0,22.0,22.4,16.5,,,31.0
2026-07-07T20:27:54Z,232,15.0,5.0,16.0,22.3,16.3,,,31.0
2026-07-07T20:32:54Z,232,8.0,4.0,13.0,22.2,16.4,,,31.0
2026-07-07T20:37:55Z,232,13.0,6.0,14.0,22.1,16.5,,,31.0
2026-07-07T20:42:55Z,232,16.0,7.0,17.0,22.0,16.5,,,31.0
2026-07-07T20:47:55Z,232,15.0,5.0,17.0,21.8,16.7,,,31.0
2026-07-07T20:52:55Z,232,15.0,6.0,19.0,21.7,16.6,,,31.0
2026-07-07T20:57:55Z,232,19.0,7.0,19.0,21.6,16.7,,,31.0
2026-07-07T21:02:55Z,232,19.0,9.0,20.0,21.5,16.8,,,31.0
2026-07-07T21:07:55Z,232,23.0,8.0,24.0,21.4,16.7,,,31.0
2026-07-07T21:12:55Z,232,25.0,16.0,26.0,21.3,16.8,,,31.0
2026-07-07T21:17:55Z,232,26.0,17.0,30.0,21.1,16.9,,,31.0
2026-07-07T21:22:55Z,232,122.0,48.0,137.0,21.1,17.3,,,31.0
2026-07-07T21:27:55Z,232,52.0,30.0,67.0,21.0,17.0,,,31.0
2026-07-07T21:32:55Z,232,33.0,21.0,39.0,20.9,16.6,,,31.0
2026-07-07T21:37:55Z,232,28.0,18.0,29.0,20.9,16.7,,,31.0
2026-07-07T21:42:55Z,232,24.0,16.0,25.0,20.8,16.4,,,31.0
2026-07-07T21:47:55Z,232,27.0,16.0,28.0,20.7,16.4,,,31.0
2026-07-07T21:52:55Z,232,24.0,17.0,25.0,20.7,16.2,,,31.0
2026-07-07T21:57:55Z,232,24.0,12.0,24.0,20.6,16.5,,,31.0
2026-07-07T22:02:55Z,232,19.0,11.0,19.0,20.5,16.4,,,31.0
2026-07-07T22:07:55Z,232,5.0,3.0,5.0,20.5,15.4,,,31.0
2026-07-07T22:12:55Z,232,5.0,0.0,6.0,20.5,15.1,,,31.0
2026-07-07T22:17:55Z,232,15.0,7.0,16.0,20.4,16.1,,,31.0
2026-07-07T22:22:55Z,232,17.0,7.0,17.0,20.4,16.4,,,31.0
2026-07-07T22:27:55Z,232,20.0,7.0,22.0,20.3,16.4,,,31.0
2026-07-07T22:32:55Z,232,13.0,6.0,13.0,20.3,16.4,,,31.0
2026-07-07T22:37:55Z,232,8.0,4.0,10.0,20.2,16.5,,,31.0
2026-07-07T22:42:55Z,232,6.0,5.0,7.0,20.2,16.7,,,31.0
2026-07-07T22:47:55Z,232,8.0,6.0,8.0,20.1,16.8,,,31.0
2026-07-07T22:52:55Z,232,15.0,7.0,18.0,20.1,16.9,,,31.0
2026-07-07T22:57:55Z,232,24.0,16.0,24.0,20.0,17.0,,,31.0
2026-07-07T23:02:55Z,232,20.0,8.0,20.0,20.0,16.7,,,31.0
2026-07-07T23:07:55Z,232,18.0,9.0,19.0,19.9,17.0,,,31.0
2026-07-07T23:12:55Z,232,12.0,6.0,15.0,19.9,16.9,,,31.0
2026-07-07T23:17:55Z,232,11.0,7.0,12.0,19.8,17.0,,,31.0
2026-07-07T23:22:55Z,232,13.0,5.0,14.0,19.8,17.1,,,31.0
2026-07-07T23:27:55Z,232,9.0,5.0,9.0,19.7,17.3,,,31.0
2026-07-07T23:32:55Z,232,7.0,3.0,8.0,19.6,16.9,,,31.0
2026-07-07T23:37:55Z,232,9.0,6.0,11.0,19.6,17.2,,,31.0
2026-07-07T23:42:55Z,232,5.0,3.0,7.0,19.6,16.5,,,31.0
2026-07-07T23:47:55Z,232,1.0,0.0,1.0,19.6,15.1,,,31.0
2026-07-07T23:52:55Z,232,1.0,0.0,2.0,19.6,16.0,,,31.0
2026-07-07T23:57:55Z,232,3.0,2.0,3.0,19.6,16.1,,,31.0
2026-07-08T00:02:55Z,232,4.0,1.0,5.0,19.5,16.5,,,31.0
2026-07-08T00:07:55Z,232,1.0,0.0,1.0,19.5,16.5,,,31.0
2026-07-08T00:12:55Z,232,1.0,0.0,1.0,19.5,16.3,,,31.0
2026-07-08T00:17:55Z,232,0.0,0.0,0.0,19.4,16.0,,,31.0
2026-07-08T00:22:55Z,232,2.0,0.0,3.0,19.3,16.2,,,31.0
2026-07-08T00:27:55Z,232,3.0,1.0,4.0,19.3,16.1,,,31.0
2026-07-08T00:32:55Z,232,2.0,0.0,3.0,19.3,16.1,,,31.0
2026-07-08T00:37:55Z,232,0.0,0.0,1.0,19.2,16.3,,,31.0
2026-07-08T00:42:55Z,232,15.0,5.0,16.0,19.2,16.5,,,31.0
2026-07-08T00:47:55Z,232,7.0,4.0,8.0,19.2,16.3,,,31.0
2026-07-08T00:52:55Z,232,11.0,4.0,11.0,19.1,16.5,,,31.0
2026-07-08T00:57:55Z,232,4.0,2.0,4.0,19.1,16.4,,,31.0
2026-07-08T01:02:55Z,232,3.0,0.0,3.0,19.0,16.4,,,31.0
2026-07-08T01:07:55Z,232,3.0,1.0,3.0,19.0,16.5,,,31.0
2026-07-08T01:12:55Z,232,5.0,1.0,5.0,19.0,16.5,,,31.0
2026-07-08T01:17:55Z,232,6.0,3.0,7.0,19.0,16.7,,,31.0
2026-07-08T01:22:55Z,232,5.0,3.0,7.0,18.9,16.8,,,31.0
2026-07-08T01:27:55Z,232,3.0,1.0,4.0,18.9,16.8,,,31.0
2026-07-08T01:32:55Z,232,4.0,2.0,4.0,18.9,16.5,,,31.0
2026-07-08T01:37:55Z,232,3.0,0.0,3.0,18.9,16.6,,,31.0
2026-07-08T01:42:55Z,232,5.0,1.0,5.0,18.8,16.8,,,31.0
2026-07-08T01:47:55Z,232,3.0,1.0,4.0,18.7,16.8,,,31.0
2026-07-08T01:52:55Z,232,4.0,2.0,4.0,18.7,16.5,,,31.0
2026-07-08T01:57:55Z,232,1.0,0.0,2.0,18.7,16.4,,,31.0
2026-07-08T02:02:55Z,232,1.0,0.0,2.0,18.7,16.2,,,31.0
2026-07-08T02:07:55Z,232,2.0,0.0,2.0,18.6,16.8,,,31.0
2026-07-08T02:12:55Z,232,1.0,0.0,1.0,18.6,16.8,,,31.0
2026-07-08T02:17:55Z,232,2.0,1.0,2.0,18.5,16.5,,,31.0
2026-07-08T02:22:55Z,232,2.0,0.0,3.0,18.5,16.7,,,31.0
2026-07-08T02:27:55Z,232,0.0,0.0,0.0,18.4,16.4,,,31.0
2026-07-08T02:32:55Z,232,3.0,0.0,3.0,18.4,16.4,,,31.0
2026-07-08T02:37:55Z,232,4.0,0.0,4.0,18.4,16.2,,,31.0
2026-07-08T02:42:55Z,232,10.0,5.0,12.0,18.4,16.3,,,31.0
2026-07-08T02:47:56Z,232,4.0,1.0,5.0,18.4,16.0,,,31.0
2026-07-08T02:52:56Z,232,10.0,4.0,13.0,18.4,16.1,,,31.0
2026-07-08T02:57:56Z,232,4.0,1.0,4.0,18.4,16.2,,,31.0
2026-07-08T03:02:56Z,232,3.0,1.0,4.0,18.3,16.0,,,31.0
2026-07-08T03:07:56Z,232,2.0,0.0,2.0,18.4,15.8,,,31.0
2026-07-08T03:12:56Z,232,4.0,0.0,5.0,18.3,16.0,,,31.0
2026-07-08T03:17:56Z,232,0.0,0.0,0.0,18.2,16.2,,,31.0
2026-07-08T03:22:56Z,232,0.0,0.0,0.0,18.2,15.9,,,31.0
2026-07-08T03:27:56Z,232,0.0,0.0,0.0,18.2,15.8,,,31.0
2026-07-08T03:32:56Z,232,0.0,0.0,0.0,18.1,16.0,,,31.0
2026-07-08T03:37:56Z,232,0.0,0.0,0.0,18.1,15.8,,,31.0
2026-07-08T03:42:56Z,232,0.0,0.0,0.0,18.0,15.8,,,31.0
2026-07-08T03:47:56Z,232,0.0,0.0,0.0,18.0,15.3,,,31.0
2026-07-08T03:52:56Z,232,0.0,0.0,0.0,18.0,15.5,,,31.0
2026-07-08T03:57:56Z,232,0.0,0.0,0.0,18.0,15.2,,,31.0
2026-07-08T04:02:56Z,232,0.0,0.0,0.0,18.0,15.4,,,31.0
2026-07-08T04:07:56Z,232,0.0,0.0,0.0,18.0,15.4,,,31.0
2026-07-08T04:12:56Z,232,0.0,0.0,0.0,18.1,15.3,,,31.0
2026-07-08T04:17:56Z,232,1.0,0.0,1.0,18.0,15.6,,,31.0
2026-07-08T04:22:56Z,232,0.0,0.0,0.0,18.0,15.4,,,31.0
2026-07-08T04:27:56Z,232,0.0,0.0,2.0,18.0,15.8,,,31.0
2026-07-08T04:32:56Z,232,0.0,0.0,0.0,18.0,15.7,,,31.0
2026-07-08T04:37:56Z,232,0.0,0.0,0.0,18.0,15.6,,,31.0
2026-07-08T04:42:56Z,232,0.0,0.0,1.0,18.0,15.6,,,31.0
2026-07-08T04:47:56Z,232,0.0,0.0,0.0,17.9,15.5,,,31.0
2026-07-08T04:52:56Z,232,1.0,0.0,1.0,18.0,15.6,,,31.0
2026-07-08T04:57:56Z,232,0.0,0.0,0.0,17.9,15.9,,,31.0
2026-07-08T05:02:56Z,232,0.0,0.0,0.0,17.9,15.5,,,31.0
2026-07-08T05:07:56Z,232,2.0,0.0,2.0,17.9,15.8,,,31.0
2026-07-08T05:12:56Z,232,1.0,0.0,1.0,17.9,15.9,,,31.0
2026-07-08T05:17:56Z,232,3.0,0.0,3.0,17.9,16.1,,,31.0
2026-07-08T05:22:56Z,232,2.0,2.0,2.0,17.9,15.7,,,31.0
2026-07-08T05:27:56Z,232,2.0,0.0,2.0,17.9,15.9,,,31.0
2026-07-08T05:32:56Z,232,4.0,2.0,4.0,17.9,16.2,,,31.0
2026-07-08T05:37:56Z,232,2.0,0.0,2.0,17.8,16.4,,,31.0
2026-07-08T05:42:56Z,232,2.0,0.0,2.0,17.8,16.5,,,31.0
2026-07-08T05:47:56Z,232,3.0,0.0,4.0,17.8,16.5,,,31.0
2026-07-08T05:52:56Z,232,2.0,1.0,2.0,17.8,16.1,,,31.0
2026-07-08T05:57:56Z,232,0.0,0.0,0.0,17.7,16.1,,,31.0
2026-07-08T06:02:56Z,232,0.0,0.0,0.0,17.7,16.1,,,31.0
2026-07-08T06:07:56Z,232,0.0,0.0,0.0,17.6,16.1,,,31.0
2026-07-08T06:12:56Z,232,1.0,0.0,1.0,17.5,16.2,,,31.0
2026-07-08T06:17:56Z,232,0.0,0.0,1.0,17.5,16.5,,,31.0
2026-07-08T06:22:56Z,232,1.0,0.0,2.0,17.4,16.8,,,31.0
2026-07-08T06:27:56Z,232,0.0,0.0,0.0,17.4,17.0,,,31.0
2026-07-08T06:32:56Z,232,0.0,0.0,0.0,17.3,16.9,,,31.0
2026-07-08T06:37:56Z,232,0.0,0.0,0.0,17.2,17.0,,,31.0
2026-07-08T06:42:56Z,232,0.0,0.0,0.0,17.2,16.8,,,31.0
2026-07-08T06:47:56Z,232,0.0,0.0,0.0,17.1,16.7,,,31.0
2026-07-08T06:52:56Z,232,0.0,0.0,0.0,17.1,16.5,,,31.0
2026-07-08T06:57:56Z,232,0.0,0.0,0.0,17.1,16.5,,,31.0
2026-07-08T07:02:56Z,232,0.0,0.0,0.0,17.1,16.5,,,31.0
2026-07-08T07:07:56Z,232,0.0,0.0,0.0,17.2,16.8,,,31.0
2026-07-08T07:12:56Z,232,0.0,0.0,0.0,17.2,16.6,,,31.0
2026-07-08T07:17:56Z,232,0.0,0.0,0.0,17.2,16.6,,,31.0
2026-07-08T07:22:56Z,232,0.0,0.0,0.0,17.2,16.6,,,31.0
2026-07-08T07:27:56Z,232,0.0,0.0,0.0,17.2,16.6,,,31.0
2026-07-08T07:32:56Z,232,0.0,0.0,0.0,17.2,16.7,,,31.0
2026-07-08T07:37:56Z,232,0.0,0.0,0.0,17.2,16.8,,,31.0
2026-07-08T07:42:56Z,232,0.0,0.0,0.0,17.2,17.0,,,31.0
2026-07-08T07:47:56Z,232,0.0,0.0,0.0,17.2,17.0,,,31.0
2026-07-08T07:52:56Z,232,0.0,0.0,1.0,17.2,16.8,,,31.0
2026-07-08T07:57:56Z,232,0.0,0.0,0.0,17.2,16.2,,,31.0
2026-07-08T08:02:56Z,232,0.0,0.0,0.0,17.2,16.3,,,31.0
2026-07-08T08:07:56Z,232,0.0,0.0,0.0,17.3,16.5,,,31.0
2026-07-08T08:12:56Z,232,0.0,0.0,0.0,17.3,16.6,,,31.0
2026-07-08T08:17:56Z,232,0.0,0.0,0.0,17.3,16.5,,,31.0
2026-07-08T08:22:56Z,232,0.0,0.0,0.0,17.3,16.6,,,31.0
2026-07-08T08:27:56Z,232,0.0,0.0,0.0,17.3,16.9,,,31.0
2026-07-08T08:32:56Z,232,0.0,0.0,0.0,17.2,16.7,,,31.0
2026-07-08T08:37:56Z,232,0.0,0.0,0.0,17.2,16.8,,,31.0
2026-07-08T08:42:56Z,232,0.0,0.0,0.0,17.3,16.7,,,31.0
2026-07-08T08:47:56Z,232,0.0,0.0,0.0,17.3,16.5,,,31.0
2026-07-08T08:52:56Z,232,0.0,0.0,0.0,17.3,16.2,,,31.0
2026-07-08T08:57:56Z,232,0.0,0.0,0.0,17.3,16.4,,,31.0
2026-07-08T09:02:56Z,232,0.0,0.0,0.0,17.3,16.6,,,31.0
2026-07-08T09:07:56Z,232,1.0,0.0,3.0,17.3,16.7,,,31.0
2026-07-08T09:12:56Z,232,6.0,2.0,7.0,17.3,16.7,,,31.0
2026-07-08T09:17:56Z,232,2.0,0.0,3.0,17.3,16.8,,,31.0
2026-07-08T09:22:56Z,232,4.0,2.0,4.0,17.3,17.0,,,31.0
2026-07-08T09:27:57Z,232,4.0,2.0,4.0,17.2,16.9,,,31.0
2026-07-08T09:32:56Z,232,2.0,0.0,2.0,17.2,16.8,,,31.0
2026-07-08T09:37:56Z,232,0.0,0.0,0.0,17.2,17.0,,,31.0
2026-07-08T09:42:56Z,232,2.0,1.0,2.0,17.2,16.8,,,31.0
2026-07-08T09:47:57Z,232,2.0,0.0,3.0,17.2,17.1,,,31.0
2026-07-08T09:52:57Z,232,1.0,0.0,1.0,17.2,16.8,,,31.0
2026-07-08T09:57:56Z,232,3.0,0.0,3.0,17.2,16.9,,,31.0
2026-07-08T10:02:56Z,232,5.0,3.0,5.0,17.2,17.2,,,31.0
2026-07-08T10:07:58Z,232,4.0,1.0,4.0,17.2,17.2,,,31.0
2026-07-08T10:12:56Z,232,4.0,2.0,4.0,17.2,17.0,,,31.0
2026-07-08T10:17:57Z,232,1.0,0.0,1.0,17.2,16.3,,,31.0
2026-07-08T10:22:57Z,232,0.0,0.0,0.0,17.3,16.3,,,31.0
2026-07-08T10:27:57Z,232,0.0,0.0,0.0,17.3,16.7,,,31.0
2026-07-08T10:32:57Z,232,1.0,0.0,1.0,17.3,16.6,,,31.0
2026-07-08T10:37:57Z,232,0.0,0.0,0.0,17.3,16.7,,,31.0
2026-07-08T10:42:57Z,232,0.0,0.0,1.0,17.3,16.8,,,31.0
2026-07-08T10:47:58Z,232,4.0,0.0,4.0,17.3,17.1,,,31.0
2026-07-08T10:52:57Z,232,4.0,2.0,4.0,17.3,16.8,,,31.0
2026-07-08T10:57:57Z,232,1.0,0.0,1.0,17.3,16.4,,,31.0
2026-07-08T11:02:57Z,232,0.0,0.0,1.0,17.3,16.2,,,31.0
2026-07-08T11:07:57Z,232,0.0,0.0,0.0,17.4,16.0,,,31.0
2026-07-08T11:12:57Z,232,0.0,0.0,0.0,17.3,16.2,,,31.0
2026-07-08T11:17:57Z,232,1.0,0.0,1.0,17.3,16.3,,,31.0
2026-07-08T11:22:57Z,232,0.0,0.0,1.0,17.3,16.3,,,31.0
2026-07-08T11:27:57Z,232,0.0,0.0,0.0,17.3,16.7,,,31.0
2026-07-08T11:32:57Z,232,0.0,0.0,0.0,17.3,16.7,,,31.0
2026-07-08T11:37:57Z,232,0.0,0.0,0.0,17.2,16.3,,,31.0
2026-07-08T11:42:57Z,232,0.0,0.0,0.0,17.3,16.2,,,31.0
2026-07-08T11:47:57Z,232,0.0,0.0,0.0,17.3,16.3,,,31.0
2026-07-08T11:52:57Z,232,0.0,0.0,0.0,17.3,16.4,,,31.0
2026-07-08T11:57:57Z,232,0.0,0.0,0.0,17.3,16.6,,,31.0
2026-07-08T12:02:57Z,232,0.0,0.0,1.0,17.3,16.7,,,31.0
2026-07-08T12:07:57Z,232,7.0,3.0,8.0,17.3,16.6,,,31.0
2026-07-08T12:12:57Z,232,1.0,0.0,2.0,17.3,16.9,,,31.0
2026-07-08T12:17:57Z,232,0.0,0.0,1.0,17.3,17.1,,,31.0
2026-07-08T12:22:57Z,232,1.0,0.0,3.0,17.2,17.2,,,31.0
2026-07-08T12:27:57Z,232,0.0,0.0,0.0,17.3,17.2,,,31.0
2026-07-08T12:32:57Z,232,0.0,0.0,0.0,17.3,16.9,,,31.0
2026-07-08T12:37:57Z,232,0.0,0.0,0.0,17.3,17.2,,,31.0
2026-07-08T12:42:57Z,232,0.0,0.0,0.0,17.2,17.4,,,31.0
2026-07-08T12:47:57Z,232,0.0,0.0,0.0,17.3,17.6,,,31.0
2026-07-08T12:52:57Z,232,0.0,0.0,0.0,17.3,17.4,,,31.0
2026-07-08T12:57:57Z,232,2.0,0.0,2.0,17.4,17.5,,,31.0
2026-07-08T13:02:57Z,232,6.0,0.0,7.0,17.4,17.9,,,31.0
2026-07-08T13:07:57Z,232,4.0,0.0,4.0,17.4,18.3,,,31.0
2026-07-08T13:12:57Z,232,1.0,0.0,2.0,17.5,18.4,,,31.0
2026-07-08T13:17:57Z,232,0.0,0.0,0.0,17.5,18.5,,,31.0
2026-07-08T13:22:57Z,232,16.0,7.0,18.0,17.6,18.2,,,31.0
2026-07-08T13:27:57Z,232,35.0,25.0,41.0,17.6,18.0,,,31.0
2026-07-08T13:32:57Z,232,16.0,6.0,17.0,17.7,18.8,,,31.0
2026-07-08T13:37:57Z,232,23.0,13.0,23.0,17.8,19.3,,,31.0
2026-07-08T13:42:57Z,232,9.0,5.0,11.0,17.8,19.5,,,31.0
2026-07-08T13:47:57Z,232,2.0,0.0,2.0,17.9,19.5,,,31.0
2026-07-08T13:52:57Z,232,11.0,4.0,11.0,17.9,19.3,,,31.0
2026-07-08T13:57:57Z,232,7.0,2.0,8.0,18.0,18.9,,,31.0
2026-07-08T14:02:57Z,232,3.0,0.0,3.0,18.1,18.8,,,31.0
2026-07-08T14:07:57Z,232,2.0,1.0,2.0,18.1,19.0,,,31.0
2026-07-08T14:12:57Z,232,5.0,3.0,6.0,18.1,18.5,,,31.0
2026-07-08T14:17:57Z,232,5.0,3.0,6.0,18.1,18.4,,,31.0
2026-07-08T14:22:57Z,232,3.0,1.0,3.0,18.1,18.8,,,31.0
2026-07-08T14:27:57Z,232,3.0,1.0,4.0,18.0,18.6,,,31.0
2026-07-08T14:32:57Z,232,12.0,6.0,12.0,18.0,18.1,,,31.0
2026-07-08T14:37:57Z,232,6.0,2.0,7.0,18.0,18.2,,,31.0
2026-07-08T14:42:57Z,232,3.0,1.0,4.0,18.0,17.8,,,31.0
2026-07-08T14:47:57Z,232,2.0,0.0,2.0,18.1,17.0,,,31.0
2026-07-08T14:52:57Z,232,4.0,2.0,4.0,18.1,17.6,,,31.0
2026-07-08T14:57:57Z,232,1.0,0.0,2.0,18.2,17.7,,,31.0
2026-07-08T15:02:57Z,232,7.0,3.0,7.0,18.2,17.7,,,31.0
2026-07-08T15:07:57Z,232,34.0,22.0,40.0,18.3,17.8,,,31.0
2026-07-08T15:12:57Z,232,32.0,20.0,35.0,18.3,17.9,,,31.0
2026-07-08T15:22:57Z,232,16.0,5.0,19.0,18.6,18.0,,,31.0
2026-07-08T15:27:57Z,232,25.0,17.0,27.0,18.8,18.2,,,31.0
2026-07-08T15:32:57Z,232,8.0,3.0,8.0,19.1,17.4,,,31.0
2026-07-08T15:37:45Z,232,8.0,3.0,8.0,19.4,17.7,,,29.0
2026-07-08T15:42:19Z,232,4.0,1.0,5.0,19.9,17.9,,,29.0
2026-07-08T15:47:19Z,232,6.0,3.0,7.0,20.2,18.3,,,29.0
2026-07-08T15:52:19Z,232,6.0,3.0,6.0,20.8,18.0,,,29.0
2026-07-08T15:57:19Z,232,4.0,3.0,4.0,21.4,17.3,,,29.0
2026-07-08T16:02:19Z,232,5.0,3.0,6.0,22.2,17.0,,,29.0
2026-07-08T16:07:19Z,232,3.0,2.0,3.0,22.8,16.6,,,29.0
2026-07-08T16:12:19Z,232,8.0,4.0,9.0,23.2,16.6,,,29.0
2026-07-08T16:17:19Z,232,13.0,4.0,15.0,23.4,16.2,,,29.0
2026-07-08T16:22:19Z,232,8.0,4.0,10.0,23.5,15.9,,,29.0
2026-07-08T16:27:19Z,232,11.0,5.0,11.0,23.3,16.1,,,29.0
2026-07-08T16:32:19Z,232,9.0,5.0,11.0,23.1,16.3,,,29.0
2026-07-08T16:37:19Z,232,8.0,4.0,8.0,22.9,16.4,,,29.0
2026-07-08T16:42:19Z,232,9.0,6.0,9.0,22.7,16.4,,,29.0
2026-07-08T16:47:19Z,232,7.0,4.0,8.0,22.9,16.1,,,29.0
2026-07-08T16:52:19Z,232,6.0,4.0,8.0,23.2,16.2,,,29.0
2026-07-08T16:57:19Z,232,4.0,1.0,4.0,23.3,16.0,,,29.0
2026-07-08T17:02:19Z,232,3.0,1.0,4.0,23.2,15.7,,,29.0
2026-07-08T17:07:19Z,232,5.0,3.0,6.0,23.0,16.0,,,29.0
2026-07-08T17:12:19Z,232,7.0,4.0,8.0,22.8,16.1,,,29.0
2026-07-08T17:17:19Z,232,7.0,3.0,7.0,22.6,16.4,,,29.0
2026-07-08T17:22:19Z,232,26.0,15.0,27.0,22.4,17.0,,,29.0
2026-07-08T17:27:19Z,232,39.0,25.0,47.0,22.1,17.6,,,29.0
2026-07-08T17:32:19Z,232,46.0,29.0,55.0,21.9,18.1,,,29.0
2026-07-08T17:37:19Z,232,46.0,30.0,56.0,21.6,18.6,,,29.0
2026-07-08T17:42:19Z,232,46.0,30.0,56.0,21.4,18.9,,,29.0
2026-07-08T17:47:19Z,232,54.0,34.0,67.0,21.3,19.2,,,29.0
2026-07-08T17:52:19Z,232,56.0,35.0,67.0,21.2,19.2,,,29.0
2026-07-08T17:57:19Z,232,51.0,34.0,62.0,21.1,19.6,,,29.0
2026-07-08T18:02:19Z,232,51.0,33.0,62.0,21.0,19.7,,,29.0
2026-07-08T18:07:19Z,232,50.0,33.0,62.0,20.9,19.8,,,29.0
2026-07-08T18:12:19Z,232,51.0,34.0,63.0,20.8,19.9,,,29.0
2026-07-08T18:17:19Z,232,49.0,32.0,61.0,20.7,19.7,,,29.0
2026-07-08T18:22:19Z,232,55.0,34.0,67.0,20.6,19.6,,,29.0
2026-07-08T18:27:19Z,232,44.0,29.0,54.0,20.6,19.2,,,29.0
2026-07-08T18:32:19Z,232,43.0,29.0,51.0,20.5,19.1,,,29.0
2026-07-08T18:37:19Z,232,53.0,33.0,67.0,20.4,18.8,,,29.0
2026-07-08T18:42:19Z,232,41.0,27.0,49.0,20.4,18.6,,,29.0
2026-07-08T18:47:19Z,232,40.0,26.0,48.0,20.3,18.3,,,29.0
2026-07-08T18:52:19Z,232,32.0,22.0,37.0,20.3,17.7,,,29.0
2026-07-08T18:57:20Z,232,40.0,26.0,47.0,20.2,17.9,,,29.0
2026-07-08T19:02:19Z,232,38.0,26.0,45.0,20.2,18.2,,,29.0
2026-07-08T19:07:20Z,232,35.0,23.0,41.0,20.1,18.1,,,29.0
2026-07-08T19:12:19Z,232,41.0,28.0,48.0,20.1,18.5,,,29.0
2026-07-08T19:17:19Z,232,44.0,29.0,55.0,20.0,19.1,,,29.0
2026-07-08T19:22:20Z,232,48.0,31.0,59.0,20.0,19.5,,,29.0
2026-07-08T19:27:20Z,232,46.0,30.0,56.0,20.0,19.4,,,29.0
2026-07-08T19:32:19Z,232,47.0,31.0,57.0,19.9,19.6,,,29.0
2026-07-08T19:37:19Z,232,46.0,30.0,56.0,19.9,19.7,,,29.0
2026-07-08T19:42:20Z,232,85.0,55.0,89.0,19.9,19.6,,,29.0
2026-07-08T19:47:19Z,232,45.0,30.0,56.0,19.8,19.4,,,29.0
2026-07-08T19:52:20Z,232,47.0,31.0,57.0,19.7,19.6,,,29.0
2026-07-08T19:57:20Z,232,48.0,32.0,60.0,19.7,19.6,,,29.0
2026-07-08T20:03:17Z,232,60.0,39.0,70.0,19.6,19.7,,,29.0
2026-07-08T20:07:33Z,232,47.0,31.0,57.0,19.5,19.7,,,29.0
2026-07-08T20:12:20Z,232,45.0,30.0,55.0,19.5,19.5,,,29.0
2026-07-08T20:17:20Z,232,45.0,29.0,54.0,19.4,19.6,,,29.0
2026-07-08T20:22:20Z,232,44.0,30.0,54.0,19.3,19.7,,,29.0
2026-07-08T20:27:20Z,232,45.0,30.0,54.0,19.2,19.6,,,29.0
2026-07-08T20:32:20Z,232,45.0,30.0,55.0,19.2,19.5,,,29.0
2026-07-08T20:37:20Z,232,44.0,28.0,54.0,19.1,19.6,,,29.0
2026-07-08T20:42:20Z,232,42.0,29.0,51.0,19.1,19.6,,,29.0
2026-07-08T20:47:20Z,232,43.0,29.0,52.0,19.0,19.7,,,29.0
2026-07-08T20:52:20Z,232,45.0,30.0,55.0,18.9,19.9,,,29.0
2026-07-08T20:57:20Z,232,43.0,27.0,52.0,18.8,19.7,,,29.0
2026-07-08T21:02:20Z,232,41.0,27.0,49.0,18.8,19.4,,,29.0
2026-07-08T21:07:20Z,232,41.0,28.0,48.0,18.7,19.4,,,29.0
2026-07-08T21:12:20Z,232,39.0,26.0,45.0,18.6,19.0,,,29.0
2026-07-08T21:17:20Z,232,39.0,25.0,46.0,18.6,19.0,,,29.0
2026-07-08T21:22:20Z,232,37.0,24.0,45.0,18.6,19.0,,,29.0
2026-07-08T21:27:20Z,232,40.0,27.0,48.0,18.5,19.5,,,29.0
2026-07-08T21:32:20Z,232,49.0,32.0,60.0,18.5,20.0,,,29.0
2026-07-08T21:37:20Z,232,44.0,29.0,54.0,18.5,19.9,,,29.0
2026-07-08T21:42:20Z,232,44.0,28.0,53.0,18.4,20.3,,,29.0
2026-07-08T21:47:20Z,232,42.0,27.0,51.0,18.5,20.0,,,29.0
2026-07-08T21:52:20Z,232,36.0,23.0,42.0,18.4,19.3,,,29.0
2026-07-08T21:57:20Z,232,37.0,24.0,43.0,18.4,19.0,,,29.0
2026-07-08T22:02:20Z,232,34.0,23.0,38.0,18.5,19.0,,,29.0
2026-07-08T22:07:20Z,232,34.0,22.0,39.0,18.5,19.1,,,29.0
2026-07-08T22:12:20Z,232,37.0,25.0,43.0,18.5,19.3,,,29.0
2026-07-08T22:17:20Z,232,36.0,24.0,42.0,18.5,19.3,,,29.0
2026-07-08T22:22:20Z,232,35.0,23.0,40.0,18.5,19.4,,,29.0
2026-07-08T22:27:20Z,232,32.0,22.0,37.0,18.4,19.3,,,29.0
2026-07-08T22:32:20Z,232,35.0,23.0,38.0,18.4,19.6,,,29.0
2026-07-08T22:37:20Z,232,35.0,23.0,39.0,18.3,19.5,,,29.0
2026-07-08T22:42:20Z,232,34.0,22.0,38.0,18.3,19.8,,,29.0
2026-07-08T22:47:20Z,232,33.0,23.0,38.0,18.2,19.8,,,29.0
2026-07-08T22:52:20Z,232,35.0,23.0,40.0,18.2,19.8,,,29.0
2026-07-08T22:57:20Z,232,31.0,21.0,35.0,18.1,20.3,,,29.0
2026-07-08T23:02:20Z,232,32.0,20.0,37.0,18.1,19.8,,,29.0
2026-07-08T23:07:20Z,232,33.0,21.0,37.0,18.1,19.7,,,29.0
2026-07-08T23:12:20Z,232,32.0,20.0,35.0,18.1,19.6,,,29.0
2026-07-08T23:17:20Z,232,31.0,21.0,34.0,18.1,19.6,,,29.0
2026-07-08T23:22:20Z,232,33.0,22.0,38.0,18.0,19.8,,,29.0
2026-07-08T23:27:20Z,232,32.0,20.0,37.0,18.0,19.6,,,29.0
2026-07-08T23:32:20Z,232,28.0,19.0,30.0,18.0,19.2,,,29.0
2026-07-08T23:37:20Z,232,29.0,17.0,29.0,18.0,19.1,,,29.0
2026-07-08T23:42:20Z,232,38.0,24.0,45.0,18.0,19.3,,,29.0
2026-07-08T23:47:20Z,232,29.0,20.0,30.0,18.0,19.1,,,29.0
2026-07-08T23:52:20Z,232,29.0,18.0,29.0,18.0,19.1,,,29.0
2026-07-08T23:57:20Z,232,28.0,19.0,30.0,18.0,19.1,,,29.0
2026-07-09T00:02:20Z,232,28.0,18.0,29.0,17.9,19.1,,,29.0
2026-07-09T00:07:20Z,232,29.0,21.0,32.0,17.9,19.7,,,29.0
2026-07-09T00:12:20Z,232,28.0,19.0,30.0,17.8,19.7,,,29.0
2026-07-09T00:17:20Z,232,27.0,19.0,28.0,17.9,19.6,,,29.0
2026-07-09T00:22:20Z,232,20.0,11.0,24.0,17.8,18.9,,,29.0
2026-07-09T00:27:20Z,232,24.0,12.0,24.0,17.8,19.2,,,29.0
2026-07-09T00:32:20Z,232,25.0,15.0,26.0,17.8,19.0,,,29.0
2026-07-09T00:37:20Z,232,24.0,12.0,24.0,17.8,19.2,,,29.0
2026-07-09T00:42:20Z,232,27.0,14.0,29.0,17.8,19.2,,,29.0
2026-07-09T00:47:20Z,232,27.0,19.0,30.0,17.7,19.4,,,29.0
2026-07-09T00:52:20Z,232,29.0,18.0,32.0,17.7,19.2,,,29.0
2026-07-09T00:57:20Z,232,30.0,21.0,30.0,17.7,19.1,,,29.0
2026-07-09T01:02:20Z,232,27.0,17.0,29.0,17.7,18.8,,,29.0
2026-07-09T01:07:20Z,232,27.0,16.0,28.0,17.7,18.7,,,29.0
2026-07-09T01:12:20Z,232,23.0,11.0,26.0,17.7,18.6,,,29.0
2026-07-09T01:17:20Z,232,22.0,11.0,25.0,17.7,18.5,,,29.0
2026-07-09T01:22:20Z,232,27.0,15.0,27.0,17.6,18.9,,,29.0
2026-07-09T01:27:20Z,232,21.0,10.0,22.0,17.6,18.7,,,29.0
2026-07-09T01:32:20Z,232,25.0,13.0,25.0,17.6,18.8,,,29.0
2026-07-09T01:37:20Z,232,27.0,18.0,29.0,17.6,18.9,,,29.0
2026-07-09T01:42:20Z,232,25.0,17.0,26.0,17.5,19.2,,,29.0
2026-07-09T01:47:20Z,232,25.0,16.0,26.0,17.6,19.3,,,29.0
2026-07-09T01:52:20Z,232,27.0,16.0,28.0,17.6,19.4,,,29.0
2026-07-09T01:57:20Z,232,23.0,15.0,25.0,17.5,19.5,,,29.0
2026-07-09T02:02:20Z,232,18.0,8.0,19.0,17.5,19.0,,,29.0
2026-07-09T02:07:20Z,232,13.0,6.0,14.0,17.5,19.0,,,29.0
2026-07-09T02:12:20Z,232,13.0,6.0,13.0,17.5,18.5,,,29.0
2026-07-09T02:17:20Z,232,11.0,6.0,11.0,17.6,17.7,,,29.0
2026-07-09T02:22:21Z,232,8.0,4.0,11.0,17.6,18.2,,,29.0
2026-07-09T02:27:21Z,232,20.0,9.0,22.0,17.6,18.9,,,29.0
2026-07-09T02:32:21Z,232,22.0,11.0,23.0,17.6,19.3,,,29.0
2026-07-09T02:37:21Z,232,23.0,11.0,23.0,17.4,19.4,,,29.0
2026-07-09T02:42:21Z,232,22.0,9.0,23.0,17.4,19.5,,,29.0
2026-07-09T02:47:21Z,232,12.0,6.0,13.0,17.4,18.9,,,29.0
2026-07-09T02:52:21Z,232,18.0,8.0,19.0,17.4,19.0,,,29.0
2026-07-09T02:57:21Z,232,9.0,5.0,12.0,17.3,18.7,,,29.0
2026-07-09T03:02:21Z,232,7.0,4.0,8.0,17.4,18.0,,,29.0
2026-07-09T03:07:21Z,232,7.0,4.0,8.0,17.4,17.8,,,29.0
2026-07-09T03:12:21Z,232,7.0,3.0,8.0,17.4,17.8,,,29.0
2026-07-09T03:17:21Z,232,7.0,3.0,7.0,17.5,17.6,,,29.0
2026-07-09T03:22:21Z,232,7.0,4.0,8.0,17.5,17.8,,,29.0
2026-07-09T03:27:21Z,232,6.0,3.0,8.0,17.5,17.3,,,29.0
2026-07-09T03:32:21Z,232,5.0,2.0,5.0,17.5,17.2,,,29.0
2026-07-09T03:37:21Z,232,4.0,3.0,5.0,17.5,17.7,,,29.0
2026-07-09T03:42:21Z,232,4.0,3.0,5.0,17.5,17.8,,,29.0
2026-07-09T03:47:21Z,232,4.0,2.0,5.0,17.5,17.5,,,29.0
2026-07-09T03:52:21Z,232,3.0,1.0,3.0,17.6,17.4,,,29.0
2026-07-09T03:57:21Z,232,3.0,1.0,3.0,17.6,17.6,,,29.0
2026-07-09T04:02:21Z,232,4.0,2.0,5.0,17.6,17.3,,,29.0
2026-07-09T04:07:21Z,232,2.0,1.0,3.0,17.6,17.6,,,29.0
2026-07-09T04:12:21Z,232,3.0,0.0,3.0,17.7,17.5,,,29.0
2026-07-09T04:17:21Z,232,2.0,0.0,2.0,17.7,17.9,,,29.0
2026-07-09T04:22:21Z,232,1.0,0.0,1.0,17.7,17.7,,,29.0
2026-07-09T04:27:21Z,232,5.0,2.0,6.0,17.7,17.8,,,29.0
2026-07-09T04:32:21Z,232,10.0,4.0,10.0,17.8,18.2,,,29.0
2026-07-09T04:37:21Z,232,11.0,5.0,11.0,17.7,18.4,,,29.0
2026-07-09T04:42:21Z,232,16.0,6.0,18.0,17.7,18.7,,,29.0
2026-07-09T04:47:21Z,232,17.0,7.0,18.0,17.6,18.5,,,29.0
2026-07-09T04:52:21Z,232,24.0,9.0,24.0,17.6,18.7,,,29.0
2026-07-09T04:57:21Z,232,23.0,12.0,24.0,17.6,18.8,,,29.0
2026-07-09T05:02:21Z,232,24.0,12.0,24.0,17.5,19.3,,,29.0
2026-07-09T05:07:21Z,232,28.0,17.0,31.0,17.4,19.4,,,29.0
2026-07-09T05:12:21Z,232,28.0,18.0,30.0,17.3,19.6,,,29.0
2026-07-09T05:17:21Z,232,23.0,9.0,24.0,17.2,19.4,,,29.0
2026-07-09T05:22:21Z,232,22.0,10.0,22.0,17.2,19.1,,,29.0
2026-07-09T05:27:21Z,232,23.0,12.0,24.0,17.2,19.2,,,29.0
2026-07-09T05:32:21Z,232,23.0,13.0,26.0,17.1,19.2,,,29.0
2026-07-09T05:37:21Z,232,23.0,9.0,25.0,17.1,18.7,,,29.0
2026-07-09T05:42:21Z,232,21.0,11.0,22.0,17.1,18.7,,,29.0
2026-07-09T05:47:21Z,232,21.0,7.0,22.0,17.1,19.0,,,29.0
2026-07-09T05:52:21Z,232,20.0,7.0,22.0,17.1,18.9,,,29.0
2026-07-09T05:57:21Z,232,15.0,7.0,18.0,17.2,18.4,,,29.0
2026-07-09T06:02:21Z,232,19.0,8.0,19.0,17.2,18.6,,,29.0
2026-07-09T06:07:21Z,232,20.0,8.0,20.0,17.1,19.0,,,29.0
2026-07-09T06:12:21Z,232,20.0,7.0,22.0,17.2,18.9,,,29.0
2026-07-09T06:17:21Z,232,16.0,7.0,17.0,17.2,18.7,,,29.0
2026-07-09T06:22:21Z,232,14.0,7.0,16.0,17.1,19.0,,,29.0
2026-07-09T06:27:21Z,232,15.0,7.0,16.0,17.1,18.7,,,29.0
2026-07-09T06:32:21Z,232,9.0,5.0,9.0,17.1,18.6,,,29.0
2026-07-09T06:37:21Z,232,8.0,4.0,8.0,17.2,18.5,,,29.0
2026-07-09T06:42:21Z,232,5.0,3.0,5.0,17.2,18.4,,,29.0
2026-07-09T06:47:21Z,232,8.0,4.0,8.0,17.2,18.3,,,29.0
2026-07-09T06:52:21Z,232,7.0,4.0,7.0,17.2,18.3,,,29.0
2026-07-09T06:57:21Z,232,5.0,3.0,5.0,17.2,18.4,,,29.0
2026-07-09T07:02:21Z,232,6.0,3.0,6.0,17.3,18.0,,,29.0
2026-07-09T07:07:21Z,232,10.0,4.0,11.0,17.3,18.0,,,29.0
2026-07-09T07:12:21Z,232,10.0,5.0,10.0,17.3,18.3,,,29.0
2026-07-09T07:17:21Z,232,15.0,8.0,16.0,17.3,18.8,,,29.0
2026-07-09T07:22:21Z,232,15.0,7.0,17.0,17.2,18.9,,,29.0
2026-07-09T07:27:21Z,232,13.0,6.0,16.0,17.2,19.1,,,29.0
2026-07-09T07:32:21Z,232,13.0,5.0,16.0,17.1,19.0,,,29.0
2026-07-09T07:37:21Z,232,9.0,5.0,11.0,17.2,18.6,,,29.0
2026-07-09T07:42:21Z,232,13.0,6.0,14.0,17.1,18.5,,,29.0
2026-07-09T07:47:21Z,232,11.0,5.0,13.0,17.1,18.2,,,29.0
2026-07-09T07:52:21Z,232,8.0,5.0,8.0,17.1,18.1,,,29.0
2026-07-09T07:57:21Z,232,8.0,3.0,8.0,17.1,18.1,,,29.0
2026-07-09T08:02:21Z,232,7.0,4.0,7.0,17.2,18.0,,,29.0
2026-07-09T08:07:21Z,232,3.0,1.0,4.0,17.2,17.9,,,29.0
2026-07-09T08:12:21Z,232,4.0,1.0,4.0,17.2,17.5,,,29.0
2026-07-09T08:17:21Z,232,0.0,0.0,0.0,17.3,16.8,,,29.0
2026-07-09T08:22:21Z,232,1.0,0.0,1.0,17.4,16.7,,,29.0
2026-07-09T08:27:21Z,232,0.0,0.0,0.0,17.5,16.8,,,29.0
2026-07-09T08:32:21Z,232,0.0,0.0,0.0,17.6,16.6,,,29.0
2026-07-09T08:37:21Z,232,0.0,0.0,0.0,17.6,17.1,,,29.0
2026-07-09T08:42:21Z,232,3.0,0.0,3.0,17.7,17.1,,,29.0
2026-07-09T08:47:21Z,232,4.0,1.0,5.0,17.7,17.0,,,29.0
2026-07-09T08:52:21Z,232,5.0,2.0,5.0,17.7,17.0,,,29.0
2026-07-09T08:57:21Z,232,4.0,1.0,5.0,17.7,17.0,,,29.0
2026-07-09T09:02:22Z,232,2.0,0.0,2.0,17.7,17.1,,,29.0
2026-07-09T09:07:21Z,232,2.0,0.0,2.0,17.7,16.9,,,29.0
2026-07-09T09:12:22Z,232,2.0,1.0,2.0,17.7,17.1,,,29.0
2026-07-09T09:17:22Z,232,1.0,1.0,1.0,17.7,17.2,,,29.0
2026-07-09T09:22:22Z,232,1.0,0.0,2.0,17.7,17.3,,,29.0
2026-07-09T09:27:22Z,232,1.0,0.0,1.0,17.7,17.3,,,29.0
2026-07-09T09:32:22Z,232,2.0,0.0,2.0,17.7,17.2,,,29.0
2026-07-09T09:37:22Z,232,0.0,0.0,0.0,17.7,17.3,,,29.0
2026-07-09T09:42:22Z,232,2.0,0.0,2.0,17.7,17.2,,,29.0
2026-07-09T09:47:22Z,232,7.0,3.0,7.0,17.7,17.2,,,29.0
2026-07-09T09:52:22Z,232,9.0,4.0,9.0,17.7,17.6,,,29.0
2026-07-09T09:57:22Z,232,4.0,1.0,5.0,17.7,17.6,,,29.0
2026-07-09T10:02:22Z,232,4.0,1.0,4.0,17.6,17.5,,,29.0
2026-07-09T10:07:22Z,232,6.0,3.0,7.0,17.6,17.4,,,29.0
2026-07-09T10:12:22Z,232,6.0,2.0,6.0,17.6,17.4,,,29.0
2026-07-09T10:17:22Z,232,5.0,2.0,5.0,17.6,17.3,,,29.0
2026-07-09T10:22:22Z,232,3.0,0.0,4.0,17.5,17.6,,,29.0
2026-07-09T10:27:22Z,232,7.0,1.0,7.0,17.5,17.6,,,29.0
2026-07-09T10:32:22Z,232,7.0,3.0,9.0,17.5,17.5,,,29.0
2026-07-09T10:37:22Z,232,5.0,3.0,5.0,17.5,17.5,,,29.0
2026-07-09T10:42:22Z,232,9.0,5.0,9.0,17.5,17.3,,,29.0
2026-07-09T10:47:22Z,232,7.0,3.0,8.0,17.5,17.4,,,29.0
2026-07-09T10:52:22Z,232,7.0,3.0,7.0,17.5,17.4,,,29.0
2026-07-09T10:57:22Z,232,6.0,2.0,7.0,17.5,17.1,,,29.0
2026-07-09T11:02:22Z,232,8.0,4.0,9.0,17.5,17.4,,,29.0
2026-07-09T11:07:22Z,232,8.0,4.0,8.0,17.4,17.5,,,29.0
2026-07-09T11:12:22Z,232,9.0,5.0,11.0,17.4,18.0,,,29.0
2026-07-09T11:17:22Z,232,6.0,3.0,6.0,17.4,18.4,,,29.0
2026-07-09T11:22:22Z,232,7.0,3.0,7.0,17.4,18.3,,,29.0
2026-07-09T11:27:22Z,232,8.0,4.0,9.0,17.3,18.1,,,29.0
2026-07-09T11:32:22Z,232,6.0,4.0,6.0,17.3,18.0,,,29.0
2026-07-09T11:37:22Z,232,7.0,4.0,8.0,17.2,18.2,,,29.0
2026-07-09T11:42:22Z,232,4.0,1.0,5.0,17.2,17.9,,,29.0
2026-07-09T11:47:22Z,232,5.0,2.0,5.0,17.2,18.3,,,29.0
2026-07-09T11:52:22Z,232,3.0,0.0,4.0,17.1,18.6,,,29.0
2026-07-09T11:57:22Z,232,4.0,1.0,4.0,17.2,18.7,,,29.0
2026-07-09T12:02:22Z,232,3.0,1.0,3.0,17.2,18.9,,,29.0
2026-07-09T12:07:22Z,232,8.0,4.0,8.0,17.2,19.1,,,29.0
2026-07-09T12:12:22Z,232,8.0,5.0,8.0,17.2,19.2,,,29.0
2026-07-09T12:17:22Z,232,5.0,3.0,6.0,17.2,19.4,,,29.0
2026-07-09T12:22:22Z,232,1.0,1.0,3.0,17.2,19.3,,,29.0
2026-07-09T12:27:22Z,232,1.0,0.0,1.0,17.2,19.1,,,29.0
2026-07-09T12:32:22Z,232,15.0,8.0,18.0,17.2,19.2,,,29.0
2026-07-09T12:37:22Z,232,0.0,0.0,0.0,17.3,18.9,,,29.0
2026-07-09T12:42:22Z,232,0.0,0.0,0.0,17.3,17.9,,,29.0
2026-07-09T12:47:22Z,232,0.0,0.0,0.0,17.3,17.6,,,29.0
2026-07-09T12:52:22Z,232,6.0,1.0,6.0,17.4,18.2,,,29.0
2026-07-09T12:57:22Z,232,2.0,0.0,2.0,17.4,18.5,,,29.0
2026-07-09T13:02:22Z,232,0.0,0.0,0.0,17.5,17.8,,,29.0
2026-07-09T13:07:22Z,232,1.0,0.0,1.0,17.5,17.8,,,29.0
2026-07-09T13:12:22Z,232,2.0,0.0,2.0,17.6,18.5,,,29.0
2026-07-09T13:17:22Z,232,4.0,1.0,4.0,17.6,19.0,,,29.0
2026-07-09T13:22:22Z,232,7.0,3.0,8.0,17.6,19.5,,,29.0
2026-07-09T13:27:22Z,232,0.0,0.0,0.0,17.7,19.5,,,29.0
2026-07-09T13:32:22Z,232,3.0,1.0,4.0,17.7,19.4,,,29.0
2026-07-09T13:37:22Z,232,8.0,4.0,9.0,17.7,19.6,,,29.0
2026-07-09T13:42:22Z,232,0.0,0.0,1.0,17.7,19.3,,,29.0
2026-07-09T13:47:22Z,232,3.0,0.0,4.0,17.7,19.6,,,29.0
2026-07-09T13:52:22Z,232,24.0,9.0,25.0,17.7,20.3,,,29.0
2026-07-09T13:57:22Z,232,4.0,2.0,5.0,17.7,19.9,,,29.0
2026-07-09T14:02:22Z,232,0.0,0.0,1.0,17.7,19.4,,,29.0
2026-07-09T14:07:22Z,232,0.0,0.0,0.0,17.8,19.0,,,29.0
2026-07-09T14:12:22Z,232,3.0,0.0,3.0,17.8,19.6,,,29.0
2026-07-09T14:17:22Z,232,8.0,3.0,9.0,17.9,19.8,,,29.0
2026-07-09T14:22:22Z,232,5.0,3.0,5.0,17.9,20.1,,,29.0
2026-07-09T14:27:22Z,232,2.0,1.0,2.0,17.9,20.0,,,29.0
2026-07-09T14:32:22Z,232,2.0,0.0,2.0,18.0,19.5,,,29.0
2026-07-09T14:37:22Z,232,0.0,0.0,0.0,18.1,19.5,,,29.0
2026-07-09T14:42:22Z,232,1.0,0.0,2.0,18.1,19.3,,,29.0
2026-07-09T14:47:22Z,232,2.0,0.0,3.0,18.1,19.6,,,29.0
2026-07-09T14:52:22Z,232,1.0,0.0,1.0,18.2,19.6,,,29.0
2026-07-09T14:57:22Z,232,0.0,0.0,0.0,18.3,19.5,,,29.0
2026-07-09T15:02:22Z,232,1.0,0.0,2.0,18.4,20.0,,,29.0
2026-07-09T15:07:22Z,232,2.0,1.0,2.0,18.6,20.0,,,29.0
2026-07-09T15:12:22Z,232,3.0,0.0,3.0,18.6,19.9,,,29.0
2026-07-09T15:17:22Z,232,5.0,2.0,5.0,18.7,19.6,,,29.0
2026-07-09T15:22:22Z,232,8.0,4.0,8.0,18.7,19.8,,,29.0
2026-07-09T15:27:22Z,232,8.0,5.0,9.0,18.7,19.7,,,29.0
2026-07-09T15:32:22Z,232,9.0,5.0,9.0,18.7,19.6,,,29.0
2026-07-09T15:37:22Z,232,11.0,6.0,13.0,18.7,19.7,,,29.0
2026-07-09T15:42:22Z,232,38.0,25.0,45.0,18.7,20.0,,,29.0
2026-07-09T15:47:22Z,232,32.0,21.0,35.0,18.6,20.3,,,29.0
2026-07-09T15:52:22Z,232,30.0,19.0,35.0,18.5,20.4,,,29.0
2026-07-09T15:57:22Z,232,18.0,7.0,19.0,18.5,21.0,,,29.0
2026-07-09T16:02:22Z,232,21.0,7.0,21.0,18.5,21.2,,,29.0
2026-07-09T16:07:22Z,232,14.0,6.0,17.0,18.5,20.1,,,29.0
2026-07-09T16:12:22Z,232,6.0,1.0,6.0,18.5,20.4,,,29.0
2026-07-09T16:17:22Z,232,6.0,3.0,6.0,18.5,20.4,,,29.0
2026-07-09T16:22:23Z,232,6.0,2.0,8.0,18.5,20.3,,,29.0
2026-07-09T16:27:22Z,232,7.0,3.0,7.0,18.5,20.0,,,29.0
2026-07-09T16:32:23Z,232,8.0,4.0,11.0,18.5,19.9,,,29.0
2026-07-09T16:37:23Z,232,11.0,4.0,12.0,18.5,19.8,,,29.0
2026-07-09T16:42:25Z,232,7.0,4.0,7.0,18.6,19.4,,,29.0
2026-07-09T16:47:23Z,232,4.0,2.0,5.0,18.6,19.2,,,29.0
2026-07-09T16:52:23Z,232,6.0,3.0,7.0,18.6,19.5,,,29.0
2026-07-09T16:57:23Z,232,6.0,4.0,6.0,18.6,19.9,,,29.0
2026-07-09T17:02:23Z,232,6.0,2.0,7.0,18.6,20.4,,,29.0
2026-07-09T17:07:23Z,232,4.0,3.0,6.0,18.6,20.5,,,29.0
2026-07-09T17:12:23Z,232,8.0,4.0,9.0,18.6,20.4,,,29.0
2026-07-09T17:17:23Z,232,9.0,4.0,11.0,18.6,20.4,,,29.0
2026-07-09T17:22:23Z,232,6.0,0.0,6.0,18.6,20.7,,,29.0
2026-07-09T17:27:23Z,232,5.0,1.0,5.0,18.7,20.3,,,29.0
2026-07-09T17:32:23Z,232,8.0,3.0,11.0,18.7,21.7,,,29.0
2026-07-09T17:37:23Z,232,2.0,0.0,3.0,18.8,21.2,,,29.0
2026-07-09T17:42:23Z,232,3.0,0.0,3.0,18.8,21.1,,,29.0
2026-07-09T17:47:23Z,232,2.0,1.0,2.0,18.8,21.0,,,29.0
2026-07-09T17:52:23Z,232,1.0,0.0,2.0,18.9,20.0,,,29.0
2026-07-09T17:57:23Z,232,15.0,6.0,17.0,18.9,20.1,,,29.0
2026-07-09T18:02:23Z,232,39.0,25.0,46.0,18.9,19.8,,,29.0
2026-07-09T18:07:23Z,232,25.0,13.0,25.0,18.9,19.7,,,29.0
2026-07-09T18:12:23Z,232,24.0,8.0,25.0,18.9,19.8,,,29.0
2026-07-09T18:17:23Z,232,11.0,5.0,14.0,18.9,20.1,,,29.0
2026-07-09T18:22:23Z,232,6.0,3.0,6.0,18.8,20.3,,,29.0
2026-07-09T18:27:23Z,232,3.0,1.0,4.0,18.8,20.0,,,29.0
2026-07-09T18:32:23Z,232,5.0,2.0,6.0,18.8,19.6,,,29.0
2026-07-09T18:37:23Z,232,18.0,4.0,19.0,18.7,20.0,,,29.0
2026-07-09T18:42:23Z,232,18.0,6.0,18.0,18.8,20.1,,,29.0
2026-07-09T18:47:23Z,232,28.0,13.0,30.0,18.8,20.6,,,29.0
2026-07-09T18:52:23Z,232,27.0,11.0,29.0,18.8,20.7,,,29.0
2026-07-09T18:57:25Z,232,7.0,4.0,8.0,18.8,20.2,,,29.0
2026-07-09T19:02:23Z,232,7.0,5.0,8.0,18.8,20.1,,,29.0
2026-07-09T19:07:23Z,232,7.0,4.0,8.0,18.9,20.1,,,29.0
2026-07-09T19:12:23Z,232,8.0,4.0,10.0,18.9,20.4,,,29.0
2026-07-09T19:17:23Z,232,10.0,5.0,10.0,18.9,20.3,,,29.0
2026-07-09T19:22:23Z,232,10.0,4.0,10.0,18.9,20.1,,,29.0
2026-07-09T19:27:23Z,232,11.0,4.0,11.0,18.9,20.3,,,29.0
2026-07-09T19:32:23Z,232,10.0,2.0,11.0,18.8,20.2,,,29.0
2026-07-09T19:37:23Z,232,14.0,7.0,16.0,18.8,20.4,,,29.0
2026-07-09T19:42:23Z,232,15.0,8.0,15.0,18.8,20.5,,,29.0
2026-07-09T19:47:23Z,232,16.0,6.0,18.0,18.8,20.9,,,29.0
2026-07-09T19:52:23Z,232,30.0,20.0,31.0,18.8,20.6,,,29.0
2026-07-09T19:57:23Z,232,30.0,19.0,33.0,18.7,21.0,,,29.0
2026-07-09T20:03:20Z,232,30.0,20.0,31.0,18.7,21.1,,,29.0
2026-07-09T20:12:23Z,232,34.0,22.0,38.0,18.6,21.2,,,29.0
2026-07-09T20:17:23Z,232,33.0,22.0,37.0,18.5,21.7,,,29.0
2026-07-09T20:22:23Z,232,33.0,21.0,36.0,18.4,21.6,,,29.0
2026-07-09T20:27:24Z,232,32.0,20.0,36.0,18.4,21.7,,,29.0
2026-07-09T20:32:23Z,232,27.0,19.0,30.0,18.3,21.3,,,29.0
2026-07-09T20:37:23Z,232,20.0,9.0,23.0,18.3,20.3,,,29.0
2026-07-09T20:42:23Z,232,17.0,6.0,18.0,18.3,19.9,,,29.0
2026-07-09T20:47:23Z,232,16.0,5.0,16.0,18.2,19.8,,,29.0
2026-07-09T20:52:23Z,232,17.0,6.0,17.0,18.2,20.0,,,29.0
2026-07-09T20:57:23Z,232,14.0,6.0,17.0,18.2,20.1,,,29.0
2026-07-09T21:02:23Z,232,3.0,1.0,4.0,18.2,20.4,,,29.0
2026-07-09T21:07:24Z,232,18.0,6.0,21.0,18.2,20.5,,,29.0
2026-07-09T21:12:23Z,232,23.0,15.0,25.0,18.2,20.5,,,29.0
2026-07-09T21:17:23Z,232,20.0,9.0,23.0,18.2,20.6,,,29.0
2026-07-09T21:22:23Z,232,15.0,7.0,18.0,18.2,20.5,,,29.0
2026-07-09T21:27:23Z,232,23.0,9.0,23.0,18.2,20.7,,,29.0
2026-07-09T21:32:23Z,232,21.0,7.0,21.0,18.2,20.9,,,29.0
2026-07-09T21:37:23Z,232,21.0,10.0,23.0,18.1,20.9,,,29.0
2026-07-09T21:42:23Z,232,28.0,18.0,29.0,18.1,21.0,,,29.0
2026-07-09T21:47:23Z,232,26.0,14.0,28.0,18.1,21.0,,,29.0
2026-07-09T21:52:23Z,232,25.0,14.0,28.0,18.0,21.4,,,29.0
2026-07-09T21:57:23Z,232,23.0,11.0,24.0,18.0,21.6,,,29.0
2026-07-09T22:02:23Z,232,23.0,11.0,26.0,18.1,21.4,,,29.0
2026-07-09T22:07:23Z,232,35.0,24.0,41.0,18.0,21.4,,,29.0
2026-07-09T22:12:23Z,232,11.0,4.0,13.0,18.1,21.0,,,29.0
2026-07-09T22:17:23Z,232,0.0,0.0,0.0,18.1,20.1,,,29.0
2026-07-09T22:22:23Z,232,0.0,0.0,0.0,18.2,19.7,,,29.0
2026-07-09T22:27:23Z,232,2.0,0.0,2.0,18.2,19.7,,,29.0
2026-07-09T22:32:23Z,232,0.0,0.0,0.0,18.3,19.6,,,29.0
2026-07-09T22:37:23Z,232,0.0,0.0,0.0,18.4,19.5,,,29.0
2026-07-09T22:42:23Z,232,0.0,0.0,0.0,18.4,19.7,,,29.0
2026-07-09T22:47:23Z,232,0.0,0.0,0.0,18.5,20.0,,,29.0
2026-07-09T22:52:23Z,232,0.0,0.0,0.0,18.6,20.2,,,29.0
2026-07-09T22:57:23Z,232,0.0,0.0,0.0,18.6,20.6,,,29.0
2026-07-09T23:02:23Z,232,0.0,0.0,0.0,18.7,20.7,,,29.0
2026-07-09T23:07:23Z,232,19.0,11.0,22.0,18.7,21.2,,,29.0
2026-07-09T23:12:23Z,232,32.0,21.0,35.0,18.7,21.7,,,29.0
2026-07-09T23:17:23Z,232,41.0,25.0,49.0,18.6,22.0,,,29.0
2026-07-09T23:22:23Z,232,42.0,28.0,52.0,18.4,22.3,,,29.0
2026-07-09T23:27:23Z,232,44.0,28.0,52.0,18.4,22.5,,,29.0
2026-07-09T23:32:23Z,232,46.0,30.0,56.0,18.3,22.5,,,29.0
2026-07-09T23:37:23Z,232,45.0,29.0,54.0,18.2,22.8,,,29.0
2026-07-09T23:42:23Z,232,44.0,28.0,53.0,18.1,22.8,,,29.0
2026-07-09T23:47:23Z,232,43.0,28.0,52.0,18.0,22.8,,,29.0
2026-07-09T23:52:23Z,232,40.0,27.0,48.0,18.0,22.9,,,29.0
2026-07-09T23:57:23Z,232,39.0,26.0,47.0,17.9,22.9,,,29.0
2026-07-10T00:02:23Z,232,35.0,23.0,41.0,17.8,23.2,,,29.0
2026-07-10T00:07:23Z,232,35.0,24.0,42.0,17.8,23.3,,,29.0
2026-07-10T00:12:23Z,232,34.0,22.0,38.0,17.7,23.3,,,29.0
2026-07-10T00:17:23Z,232,32.0,22.0,35.0,17.7,23.1,,,29.0
2026-07-10T00:22:23Z,232,39.0,24.0,46.0,17.6,23.5,,,29.0
2026-07-10T00:27:23Z,232,40.0,26.0,47.0,17.6,23.5,,,29.0
2026-07-10T00:32:24Z,232,40.0,26.0,49.0,17.5,23.5,,,29.0
2026-07-10T00:37:23Z,232,39.0,26.0,45.0,17.5,23.5,,,29.0
2026-07-10T00:42:23Z,232,38.0,24.0,43.0,17.5,23.4,,,29.0
2026-07-10T00:47:24Z,232,39.0,25.0,47.0,17.4,23.6,,,29.0
2026-07-10T00:52:24Z,232,40.0,27.0,49.0,17.4,23.5,,,29.0
2026-07-10T00:57:24Z,232,39.0,26.0,46.0,17.4,23.6,,,29.0
2026-07-10T01:02:24Z,232,36.0,24.0,42.0,17.4,23.6,,,29.0
2026-07-10T01:07:24Z,232,32.0,21.0,36.0,17.4,23.3,,,29.0
2026-07-10T01:12:24Z,232,30.0,21.0,31.0,17.4,23.3,,,29.0
2026-07-10T01:17:24Z,232,28.0,18.0,29.0,17.4,23.7,,,29.0
2026-07-10T01:22:24Z,232,25.0,11.0,25.0,17.4,23.6,,,29.0
2026-07-10T01:27:24Z,232,23.0,12.0,23.0,17.4,24.5,,,29.0
2026-07-10T01:32:24Z,232,18.0,7.0,21.0,17.4,24.8,,,29.0
2026-07-10T01:37:24Z,232,19.0,7.0,20.0,17.4,25.0,,,29.0
2026-07-10T01:42:24Z,232,13.0,6.0,15.0,17.4,25.2,,,29.0
2026-07-10T01:47:24Z,232,9.0,5.0,11.0,17.4,25.2,,,29.0
2026-07-10T01:52:24Z,232,5.0,3.0,6.0,17.5,25.4,,,29.0
2026-07-10T01:57:24Z,232,11.0,4.0,12.0,17.4,24.7,,,29.0
2026-07-10T02:02:24Z,232,6.0,3.0,6.0,17.4,25.4,,,29.0
2026-07-10T02:07:24Z,232,2.0,1.0,4.0,17.4,25.8,,,29.0
2026-07-10T02:12:24Z,232,1.0,0.0,2.0,17.4,26.0,,,29.0
2026-07-10T02:17:24Z,232,0.0,0.0,1.0,17.4,26.1,,,29.0
2026-07-10T02:22:24Z,232,0.0,0.0,1.0,17.4,25.9,,,29.0
2026-07-10T02:27:24Z,232,0.0,0.0,0.0,17.4,26.0,,,29.0
2026-07-10T02:32:24Z,232,3.0,0.0,3.0,17.5,26.1,,,29.0
2026-07-10T02:37:24Z,232,3.0,0.0,4.0,17.5,26.3,,,29.0
2026-07-10T02:42:24Z,232,0.0,0.0,0.0,17.5,26.6,,,29.0
2026-07-10T02:47:24Z,232,1.0,0.0,1.0,17.5,26.8,,,29.0
2026-07-10T02:52:24Z,232,1.0,0.0,1.0,17.5,26.5,,,29.0
2026-07-10T02:57:24Z,232,0.0,0.0,0.0,17.5,26.6,,,29.0
2026-07-10T03:02:24Z,232,0.0,0.0,0.0,17.5,26.6,,,29.0
2026-07-10T03:07:24Z,232,1.0,0.0,1.0,17.5,26.5,,,29.0
2026-07-10T03:12:24Z,232,0.0,0.0,0.0,17.5,26.5,,,29.0
2026-07-10T03:17:24Z,232,1.0,0.0,1.0,17.5,26.8,,,29.0
2026-07-10T03:22:24Z,232,1.0,0.0,1.0,17.5,26.7,,,29.0
2026-07-10T03:27:24Z,232,0.0,0.0,0.0,17.5,26.9,,,29.0
2026-07-10T03:32:24Z,232,0.0,0.0,1.0,17.5,27.1,,,29.0
2026-07-10T03:37:24Z,232,1.0,0.0,1.0,17.5,26.9,,,29.0
2026-07-10T03:42:24Z,232,0.0,0.0,0.0,17.6,26.4,,,29.0
2026-07-10T03:47:24Z,232,0.0,0.0,0.0,17.6,26.5,,,29.0
2026-07-10T03:52:24Z,232,0.0,0.0,0.0,17.6,26.3,,,29.0
2026-07-10T03:57:24Z,232,0.0,0.0,0.0,17.6,26.7,,,29.0
2026-07-10T04:02:24Z,232,0.0,0.0,0.0,17.6,26.4,,,29.0
2026-07-10T04:07:24Z,232,0.0,0.0,1.0,17.5,26.1,,,29.0
2026-07-10T04:12:24Z,232,0.0,0.0,0.0,17.5,26.2,,,29.0
2026-07-10T04:17:24Z,232,0.0,0.0,0.0,17.5,26.2,,,29.0
2026-07-10T04:22:24Z,232,0.0,0.0,0.0,17.5,26.6,,,29.0
2026-07-10T04:27:24Z,232,0.0,0.0,0.0,17.5,26.7,,,29.0
2026-07-10T04:32:24Z,232,0.0,0.0,0.0,17.5,26.8,,,29.0
2026-07-10T04:37:24Z,232,0.0,0.0,0.0,17.5,26.7,,,29.0
2026-07-10T04:42:24Z,232,0.0,0.0,0.0,17.5,26.7,,,29.0
2026-07-10T04:47:24Z,232,0.0,0.0,0.0,17.5,26.8,,,29.0
2026-07-10T04:52:24Z,232,0.0,0.0,0.0,17.5,27.0,,,29.0
2026-07-10T04:57:24Z,232,0.0,0.0,0.0,17.5,26.5,,,29.0
2026-07-10T05:02:24Z,232,0.0,0.0,0.0,17.5,26.2,,,29.0
2026-07-10T05:07:24Z,232,0.0,0.0,0.0,17.5,26.2,,,29.0
2026-07-10T05:12:24Z,232,0.0,0.0,0.0,17.5,26.1,,,29.0
2026-07-10T05:17:24Z,232,0.0,0.0,0.0,17.5,26.4,,,29.0
2026-07-10T05:22:24Z,232,1.0,0.0,1.0,17.5,26.7,,,29.0
2026-07-10T05:27:24Z,232,0.0,0.0,0.0,17.4,27.1,,,29.0
2026-07-10T05:32:24Z,232,1.0,0.0,1.0,17.4,26.7,,,29.0
2026-07-10T05:37:24Z,232,0.0,0.0,0.0,17.4,26.3,,,29.0
2026-07-10T05:42:24Z,232,0.0,0.0,0.0,17.5,26.4,,,29.0
2026-07-10T05:47:24Z,232,0.0,0.0,0.0,17.4,26.7,,,29.0
2026-07-10T05:52:24Z,232,0.0,0.0,0.0,17.4,27.1,,,29.0
2026-07-10T05:57:24Z,232,0.0,0.0,0.0,17.4,26.7,,,29.0
2026-07-10T06:02:24Z,232,0.0,0.0,0.0,17.3,26.7,,,29.0
2026-07-10T06:07:24Z,232,0.0,0.0,0.0,17.3,26.9,,,29.0
2026-07-10T06:12:24Z,232,0.0,0.0,0.0,17.3,26.8,,,29.0
2026-07-10T06:17:24Z,232,0.0,0.0,0.0,17.3,27.1,,,29.0
2026-07-10T06:22:24Z,232,0.0,0.0,0.0,17.2,27.1,,,29.0
2026-07-10T06:27:24Z,232,0.0,0.0,0.0,17.2,26.9,,,29.0
2026-07-10T06:32:24Z,232,1.0,0.0,1.0,17.2,27.4,,,29.0
2026-07-10T06:37:24Z,232,0.0,0.0,0.0,17.2,27.6,,,29.0
2026-07-10T06:42:24Z,232,3.0,0.0,3.0,17.2,27.6,,,29.0
2026-07-10T06:47:24Z,232,0.0,0.0,1.0,17.1,28.0,,,29.0
2026-07-10T06:52:24Z,232,2.0,0.0,2.0,17.1,28.0,,,29.0
2026-07-10T06:57:24Z,232,0.0,0.0,2.0,17.1,28.0,,,29.0
2026-07-10T07:02:24Z,232,3.0,0.0,3.0,17.1,28.1,,,29.0
2026-07-10T07:07:24Z,232,3.0,1.0,4.0,17.1,27.9,,,29.0
2026-07-10T07:12:24Z,232,2.0,0.0,2.0,17.2,28.2,,,29.0
2026-07-10T07:17:24Z,232,0.0,0.0,1.0,17.2,28.3,,,29.0
2026-07-10T07:22:24Z,232,0.0,0.0,1.0,17.3,28.8,,,29.0
2026-07-10T07:27:25Z,232,1.0,0.0,1.0,17.3,28.7,,,29.0
2026-07-10T07:32:24Z,232,0.0,0.0,0.0,17.3,28.9,,,29.0
2026-07-10T07:37:24Z,232,0.0,0.0,0.0,17.3,29.0,,,29.0
2026-07-10T07:42:25Z,232,0.0,0.0,0.0,17.3,29.4,,,29.0
2026-07-10T07:47:24Z,232,0.0,0.0,0.0,17.4,30.1,,,29.0
2026-07-10T07:52:24Z,232,0.0,0.0,0.0,17.5,30.6,,,29.0
2026-07-10T07:57:25Z,232,0.0,0.0,0.0,17.5,30.9,,,29.0
2026-07-10T08:02:25Z,232,0.0,0.0,0.0,17.6,30.5,,,29.0
2026-07-10T08:07:25Z,232,0.0,0.0,0.0,17.7,30.1,,,29.0
2026-07-10T08:12:26Z,232,0.0,0.0,0.0,17.7,29.8,,,29.0
2026-07-10T08:17:25Z,232,0.0,0.0,0.0,17.8,29.6,,,29.0
2026-07-10T08:22:25Z,232,0.0,0.0,0.0,17.8,29.4,,,29.0
2026-07-10T08:27:25Z,232,0.0,0.0,0.0,17.8,30.1,,,29.0
2026-07-10T08:32:25Z,232,0.0,0.0,0.0,17.7,30.9,,,29.0
2026-07-10T08:37:25Z,232,1.0,0.0,1.0,17.7,31.0,,,29.0
2026-07-10T08:42:26Z,232,0.0,0.0,1.0,17.6,31.4,,,29.0
2026-07-10T08:47:25Z,232,1.0,0.0,1.0,17.6,31.7,,,29.0
2026-07-10T08:52:25Z,232,1.0,0.0,1.0,17.5,31.7,,,29.0
2026-07-10T08:57:25Z,232,2.0,0.0,2.0,17.5,32.7,,,29.0
2026-07-10T09:02:25Z,232,2.0,0.0,2.0,17.4,32.7,,,29.0
2026-07-10T09:07:25Z,232,0.0,0.0,0.0,17.4,32.2,,,29.0
2026-07-10T09:12:25Z,232,0.0,0.0,0.0,17.3,32.6,,,29.0
2026-07-10T09:17:25Z,232,0.0,0.0,0.0,17.3,32.4,,,29.0
2026-07-10T09:22:25Z,232,1.0,0.0,2.0,17.3,32.6,,,29.0
2026-07-10T09:27:25Z,232,0.0,0.0,0.0,17.3,32.6,,,29.0
2026-07-10T09:32:25Z,232,1.0,0.0,1.0,17.3,32.4,,,29.0
2026-07-10T09:37:25Z,232,0.0,0.0,2.0,17.2,32.5,,,29.0
2026-07-10T09:42:25Z,232,0.0,0.0,0.0,17.2,32.8,,,29.0
2026-07-10T09:47:25Z,232,0.0,0.0,0.0,17.2,33.2,,,29.0
2026-07-10T09:52:25Z,232,0.0,0.0,0.0,17.2,33.3,,,29.0
2026-07-10T09:57:25Z,232,0.0,0.0,0.0,17.2,33.5,,,29.0
2026-07-10T10:02:25Z,232,0.0,0.0,0.0,17.2,33.3,,,29.0
2026-07-10T10:07:25Z,232,0.0,0.0,0.0,17.3,33.6,,,29.0
2026-07-10T10:12:25Z,232,0.0,0.0,0.0,17.3,33.4,,,29.0
2026-07-10T10:17:25Z,232,0.0,0.0,0.0,17.3,33.5,,,29.0
2026-07-10T10:22:25Z,232,0.0,0.0,0.0,17.4,33.5,,,29.0
2026-07-10T10:27:25Z,232,0.0,0.0,0.0,17.4,33.2,,,29.0
2026-07-10T10:32:25Z,232,0.0,0.0,0.0,17.4,33.0,,,29.0
2026-07-10T10:37:25Z,232,0.0,0.0,0.0,17.4,33.0,,,29.0
2026-07-10T10:42:25Z,232,0.0,0.0,0.0,17.4,33.1,,,29.0
2026-07-10T10:47:25Z,232,0.0,0.0,0.0,17.4,33.3,,,29.0
2026-07-10T10:52:25Z,232,0.0,0.0,0.0,17.4,33.2,,,29.0
2026-07-10T10:57:25Z,232,0.0,0.0,0.0,17.4,33.3,,,29.0
2026-07-10T11:02:25Z,232,0.0,0.0,0.0,17.4,33.2,,,29.0
2026-07-10T11:07:25Z,232,0.0,0.0,0.0,17.4,33.3,,,29.0
2026-07-10T11:12:25Z,232,0.0,0.0,0.0,17.4,33.4,,,29.0
2026-07-10T11:17:25Z,232,0.0,0.0,0.0,17.4,33.0,,,29.0
2026-07-10T11:22:25Z,232,4.0,0.0,4.0,17.4,33.4,,,29.0
2026-07-10T11:27:25Z,232,1.0,0.0,1.0,17.4,34.0,,,29.0
2026-07-10T11:32:25Z,232,1.0,0.0,2.0,17.4,34.8,,,29.0
2026-07-10T11:37:25Z,232,5.0,2.0,5.0,17.3,34.8,,,29.0
2026-07-10T11:42:25Z,232,9.0,5.0,9.0,17.2,34.6,,,29.0
2026-07-10T11:47:25Z,232,8.0,5.0,9.0,17.1,34.9,,,29.0
2026-07-10T11:52:25Z,232,12.0,5.0,14.0,16.9,35.2,,,29.0
2026-07-10T11:57:25Z,232,10.0,5.0,11.0,16.9,36.3,,,29.0
2026-07-10T12:02:25Z,232,7.0,4.0,9.0,16.8,37.0,,,29.0
2026-07-10T12:07:25Z,232,4.0,1.0,5.0,16.7,37.1,,,29.0
2026-07-10T12:12:25Z,232,1.0,0.0,3.0,16.7,38.2,,,29.0
2026-07-10T12:17:25Z,232,3.0,1.0,3.0,16.6,38.9,,,29.0
2026-07-10T12:22:25Z,232,5.0,2.0,5.0,16.6,38.4,,,29.0
2026-07-10T12:27:25Z,232,8.0,4.0,8.0,16.5,38.9,,,29.0
2026-07-10T12:32:25Z,232,13.0,5.0,14.0,16.4,37.7,,,29.0
2026-07-10T12:37:25Z,232,5.0,2.0,5.0,16.3,38.1,,,29.0
2026-07-10T12:42:25Z,232,0.0,0.0,0.0,16.4,38.3,,,29.0
2026-07-10T12:47:25Z,232,4.0,2.0,5.0,16.4,38.1,,,29.0
2026-07-10T12:52:25Z,232,7.0,3.0,8.0,16.4,36.1,,,29.0
2026-07-10T12:57:25Z,232,7.0,5.0,8.0,16.4,36.0,,,29.0
2026-07-10T13:02:25Z,232,6.0,4.0,7.0,16.4,36.8,,,29.0
2026-07-10T13:07:25Z,232,3.0,0.0,4.0,16.4,36.2,,,29.0
2026-07-10T13:12:25Z,232,3.0,0.0,3.0,16.6,36.2,,,29.0
2026-07-10T13:17:25Z,232,3.0,1.0,3.0,16.6,36.5,,,29.0
2026-07-10T13:22:25Z,232,2.0,1.0,4.0,16.6,37.5,,,29.0
2026-07-10T13:27:25Z,232,0.0,0.0,2.0,16.7,37.7,,,29.0
2026-07-10T13:32:25Z,232,1.0,0.0,1.0,16.7,37.9,,,29.0
2026-07-10T13:37:25Z,232,3.0,1.0,3.0,16.8,37.5,,,29.0
2026-07-10T13:42:25Z,232,14.0,5.0,14.0,16.9,38.5,,,29.0
2026-07-10T13:47:25Z,232,2.0,0.0,2.0,16.9,39.3,,,29.0
2026-07-10T13:52:25Z,232,0.0,0.0,0.0,17.0,40.8,,,29.0
2026-07-10T13:57:25Z,232,0.0,0.0,0.0,17.0,41.0,,,29.0
2026-07-10T14:02:25Z,232,0.0,0.0,0.0,17.0,37.9,,,29.0
2026-07-10T14:07:25Z,232,0.0,0.0,0.0,17.0,39.2,,,29.0
2026-07-10T14:12:26Z,232,1.0,0.0,2.0,17.0,38.8,,,29.0
2026-07-10T14:17:26Z,232,4.0,1.0,4.0,17.0,39.1,,,29.0
2026-07-10T14:22:26Z,232,3.0,1.0,3.0,17.0,39.0,,,29.0
2026-07-10T14:27:25Z,232,3.0,1.0,3.0,17.0,39.0,,,29.0
2026-07-10T14:32:26Z,232,0.0,0.0,0.0,17.0,38.9,,,29.0
2026-07-10T14:37:25Z,232,0.0,0.0,0.0,17.0,38.1,,,29.0
2026-07-10T14:42:25Z,232,0.0,0.0,0.0,16.9,38.8,,,29.0
2026-07-10T14:47:25Z,232,0.0,0.0,0.0,16.9,39.0,,,29.0
2026-07-10T14:52:25Z,232,0.0,0.0,0.0,16.7,39.9,,,29.0
2026-07-10T14:57:25Z,232,0.0,0.0,0.0,16.7,39.6,,,29.0
2026-07-10T15:02:25Z,232,0.0,0.0,0.0,16.5,39.8,,,29.0
2026-07-10T15:07:25Z,232,0.0,0.0,0.0,16.4,40.0,,,29.0
2026-07-10T15:12:25Z,232,0.0,0.0,0.0,16.3,40.0,,,29.0
2026-07-10T15:17:25Z,232,0.0,0.0,0.0,16.3,39.6,,,29.0
2026-07-10T15:22:25Z,232,0.0,0.0,0.0,16.4,39.0,,,29.0
2026-07-10T15:27:25Z,232,0.0,0.0,0.0,16.5,38.9,,,29.0
2026-07-10T15:32:25Z,232,0.0,0.0,0.0,16.6,39.0,,,29.0
2026-07-10T15:37:25Z,232,0.0,0.0,0.0,16.7,37.9,,,29.0
2026-07-10T15:42:25Z,232,0.0,0.0,0.0,16.9,38.4,,,29.0
2026-07-10T15:47:25Z,232,0.0,0.0,0.0,17.0,39.2,,,29.0
2026-07-10T15:52:25Z,232,0.0,0.0,0.0,17.2,38.5,,,29.0
2026-07-10T15:57:25Z,232,0.0,0.0,0.0,17.4,37.8,,,29.0
2026-07-10T16:02:25Z,232,0.0,0.0,0.0,17.6,37.1,,,29.0
2026-07-10T16:07:25Z,232,0.0,0.0,0.0,17.7,37.6,,,29.0
2026-07-10T16:12:25Z,232,0.0,0.0,0.0,17.9,37.7,,,29.0
2026-07-10T16:17:25Z,232,0.0,0.0,0.0,18.0,37.4,,,29.0
2026-07-10T16:22:25Z,232,0.0,0.0,0.0,18.0,38.0,,,29.0
2026-07-10T16:27:25Z,232,0.0,0.0,0.0,18.1,37.9,,,29.0
2026-07-10T16:32:25Z,232,0.0,0.0,0.0,18.1,38.3,,,29.0
2026-07-10T16:37:25Z,232,0.0,0.0,0.0,18.1,38.0,,,29.0
2026-07-10T16:42:25Z,232,0.0,0.0,0.0,18.2,37.9,,,29.0
2026-07-10T16:47:25Z,232,0.0,0.0,0.0,18.2,37.7,,,29.0
2026-07-10T16:52:25Z,232,0.0,0.0,0.0,18.2,37.6,,,29.0
2026-07-10T16:57:25Z,232,0.0,0.0,0.0,18.3,37.6,,,29.0
2026-07-10T17:02:25Z,232,0.0,0.0,0.0,18.2,37.0,,,29.0
2026-07-10T17:07:25Z,232,0.0,0.0,0.0,18.2,37.0,,,29.0
2026-07-10T17:12:25Z,232,0.0,0.0,0.0,18.2,36.9,,,29.0
2026-07-10T17:17:25Z,232,0.0,0.0,0.0,18.2,37.0,,,29.0
2026-07-10T17:22:25Z,232,0.0,0.0,0.0,18.3,37.0,,,29.0
2026-07-10T17:27:26Z,232,0.0,0.0,0.0,18.3,37.0,,,29.0
2026-07-10T17:32:26Z,232,0.0,0.0,0.0,18.3,36.7,,,29.0
2026-07-10T17:37:26Z,232,0.0,0.0,0.0,18.3,36.7,,,29.0
2026-07-10T17:42:26Z,232,0.0,0.0,0.0,18.2,36.7,,,29.0
2026-07-10T17:47:26Z,232,0.0,0.0,0.0,18.2,37.1,,,29.0
2026-07-10T17:52:26Z,232,0.0,0.0,0.0,18.2,37.2,,,29.0
2026-07-10T17:57:26Z,232,0.0,0.0,0.0,18.2,37.0,,,29.0
2026-07-10T18:02:26Z,232,0.0,0.0,0.0,18.3,37.1,,,29.0
2026-07-10T18:07:26Z,232,0.0,0.0,0.0,18.3,36.9,,,29.0
2026-07-10T18:12:26Z,232,0.0,0.0,0.0,18.3,37.1,,,29.0
2026-07-10T18:17:26Z,232,19.0,9.0,23.0,18.3,38.2,,,29.0
2026-07-10T18:22:26Z,232,22.0,13.0,22.0,18.3,38.3,,,29.0
2026-07-10T18:27:26Z,232,26.0,13.0,26.0,18.3,38.5,,,29.0
2026-07-10T18:32:26Z,232,29.0,20.0,29.0,18.4,38.5,,,29.0
2026-07-10T18:37:26Z,232,34.0,23.0,39.0,18.4,38.6,,,29.0
2026-07-10T18:42:26Z,232,33.0,23.0,37.0,18.4,38.4,,,29.0
2026-07-10T18:47:26Z,232,37.0,25.0,45.0,18.5,39.2,,,29.0
2026-07-10T18:52:26Z,232,35.0,23.0,39.0,18.5,40.4,,,29.0
2026-07-10T18:57:26Z,232,33.0,22.0,35.0,18.6,40.3,,,29.0
2026-07-13T15:27:41Z,232,18.0,11.0,18.0,28.0,25.2,,,31.0
2026-07-13T15:32:15Z,232,11.0,4.0,13.0,31.1,20.4,,,31.0
2026-07-13T15:37:15Z,232,13.0,5.0,14.0,32.2,19.3,,,31.0
2026-07-13T15:42:15Z,232,11.0,3.0,12.0,33.3,18.6,,,31.0
2026-07-13T15:47:15Z,232,12.0,4.0,13.0,34.1,17.7,,,31.0
2026-07-13T15:52:15Z,232,10.0,4.0,11.0,34.9,17.1,,,31.0
2026-07-13T15:57:15Z,232,12.0,5.0,15.0,35.7,16.8,,,31.0
2026-07-13T16:02:15Z,232,10.0,5.0,12.0,36.2,16.5,,,31.0
2026-07-13T16:07:15Z,232,13.0,6.0,13.0,36.4,16.4,,,31.0
2026-07-13T16:12:15Z,232,12.0,5.0,13.0,36.7,16.2,,,31.0
2026-07-13T16:17:15Z,232,15.0,5.0,16.0,37.1,15.9,,,31.0
2026-07-13T16:22:15Z,232,16.0,6.0,18.0,37.4,15.7,,,31.0
2026-07-13T16:27:15Z,232,15.0,6.0,18.0,37.7,15.6,,,31.0
2026-07-13T16:32:15Z,232,17.0,6.0,18.0,38.2,15.4,,,31.0
2026-07-13T16:37:15Z,232,17.0,7.0,17.0,38.5,15.5,,,31.0
2026-07-13T16:42:15Z,232,21.0,7.0,21.0,39.1,15.2,,,31.0
2026-07-13T16:47:15Z,232,22.0,8.0,23.0,39.4,14.9,,,31.0
2026-07-13T16:52:15Z,232,18.0,8.0,20.0,39.6,14.9,,,31.0
2026-07-13T16:57:15Z,232,21.0,8.0,22.0,39.7,14.7,,,31.0
2026-07-13T17:02:15Z,232,20.0,8.0,21.0,39.8,14.7,,,31.0
2026-07-13T17:07:15Z,232,21.0,8.0,21.0,40.1,14.8,,,31.0
2026-07-13T17:12:15Z,232,21.0,7.0,22.0,40.1,14.7,,,31.0
2026-07-13T17:17:15Z,232,17.0,7.0,18.0,40.1,14.5,,,31.0
2026-07-13T17:22:15Z,232,18.0,7.0,18.0,39.6,14.4,,,31.0
2026-07-15T15:20:21Z,232,1.0,0.0,4.0,14.9,41.3,21.523,33.807,24.0
2026-07-15T19:47:05Z,232,0.0,0.0,0.0,15.7,40.4,20.743,38.757,25.0
2026-07-15T19:47:59Z,232,0.0,0.0,0.0,16.9,38.9,20.885,37.681,25.0
2026-07-15T20:07:26Z,232,0.0,0.0,0.0,19.6,32.3,20.84,33.246,29.0
2026-07-15T20:11:48Z,232,0.0,0.0,0.0,20.1,31.2,21.069,32.672,29.0
2026-07-15T20:15:54Z,232,0.0,0.0,0.0,20.5,30.6,21.091,32.533,29.0
2026-07-15T20:18:33Z,232,0.0,0.0,0.0,20.6,30.5,21.048,32.693,26.0
2026-07-15T20:19:03Z,232,0.0,0.0,0.0,20.6,30.4,21.043,32.746,28.0
2026-07-15T20:19:33Z,232,0.0,0.0,0.0,20.6,30.4,21.011,32.598,27.0
2026-07-15T20:20:04Z,232,0.0,0.0,0.0,20.7,30.3,21.0,32.554,28.0
2026-07-15T20:21:43Z,232,0.0,0.0,0.0,20.7,30.1,20.946,32.489,28.0
2026-07-15T20:22:13Z,232,0.0,0.0,0.0,20.7,30.0,20.973,32.476,27.0
2026-07-15T20:25:37Z,232,0.0,0.0,0.0,20.8,30.0,20.973,33.052,28.0
2026-07-15T20:27:03Z,232,0.0,0.0,0.0,20.8,30.3,21.299,32.939,29.0
2026-07-15T20:27:04Z,232,0.0,0.0,0.0,20.8,30.3,21.299,32.939,29.0
2026-07-15T20:28:07Z,232,0.0,0.0,0.0,20.9,30.0,22.047,30.555,29.0
2026-07-15T20:32:02Z,232,0.0,0.0,0.0,21.1,30.6,22.936,29.43,29.0
2026-07-15T20:37:03Z,232,0.0,0.0,0.0,21.3,29.4,22.458,29.956,29.0
2026-07-15T20:42:03Z,232,0.0,0.0,0.0,21.4,29.3,22.396,30.248,29.0
2026-07-15T20:47:03Z,232,0.0,0.0,0.0,21.4,29.3,22.362,30.494,29.0
2026-07-15T20:52:03Z,232,0.0,0.0,0.0,21.5,29.5,22.388,30.736,29.0
2026-07-15T20:57:03Z,232,0.0,0.0,0.0,21.5,29.6,22.434,30.915,29.0
2026-07-15T21:02:03Z,232,0.0,0.0,0.0,21.5,29.5,22.404,31.093,29.0
2026-07-15T21:07:03Z,232,0.0,0.0,0.0,21.5,29.7,22.469,31.188,29.0
2026-07-15T21:12:03Z,232,0.0,0.0,0.0,21.6,29.6,22.485,31.367,29.0
2026-07-15T21:17:03Z,232,0.0,0.0,0.0,21.6,29.6,22.501,31.562,29.0
2026-07-15T21:22:03Z,232,0.0,0.0,0.0,21.6,29.7,22.519,31.558,29.0
2026-07-15T21:27:02Z,232,0.0,0.0,0.0,21.7,29.8,22.554,31.547,29.0
2026-07-15T21:32:03Z,232,0.0,0.0,0.0,21.6,29.8,22.594,31.749,29.0
2026-07-15T21:37:03Z,232,0.0,0.0,0.0,21.7,29.8,22.543,31.692,29.0
2026-07-15T21:42:03Z,232,3.0,0.0,3.0,21.7,29.6,22.522,31.15,29.0
2026-07-15T21:47:03Z,232,1.0,0.0,2.0,21.7,29.7,22.557,31.587,29.0
2026-07-15T21:52:03Z,232,1.0,0.0,1.0,21.7,29.6,22.57,31.491,29.0
2026-07-31T14:23:21Z,232,3.0,0.0,3.0,12.6,71.0,17.09,72.866,19.0
2026-07-31T14:23:22Z,232,3.0,0.0,3.0,12.6,71.0,17.09,72.866,19.0
2026-07-31T14:24:24Z,232,0.0,0.0,0.0,13.9,73.7,18.196,87.111,19.0
2026-07-31T14:34:48Z,232,9.0,2.0,9.0,13.1,73.9,17.512,71.174,18.0
2026-07-31T14:34:50Z,232,9.0,2.0,9.0,13.1,73.9,17.512,71.174,18.0
2026-07-31T14:42:49Z,232,2.0,2.0,2.0,14.2,71.7,17.817,69.935,21.0
2026-07-31T14:42:50Z,232,2.0,2.0,2.0,14.2,71.7,17.817,69.935,21.0
2026-07-31T14:47:48Z,232,7.0,4.0,7.0,16.4,65.4,19.267,62.141,21.0
2026-07-31T14:52:49Z,232,2.0,2.0,3.0,17.1,62.3,19.224,62.097,21.0
2026-07-31T14:56:21Z,232,1.0,0.0,1.0,17.4,61.6,19.334,67.116,19.0
2026-07-31T14:56:22Z,232,1.0,0.0,1.0,17.4,61.6,19.334,67.116,19.0
2026-07-31T14:56:41Z,232,1.0,0.0,1.0,17.6,63.4,19.868,65.035,19.0
2026-07-31T14:57:47Z,232,1.0,0.0,2.0,17.6,63.3,20.071,64.169,19.0
2026-07-31T14:57:48Z,232,1.0,0.0,2.0,17.6,63.3,20.071,64.169,19.0
2026-07-31T14:59:59Z,232,0.0,0.0,0.0,18.0,59.9,19.846,63.43,20.0
2026-07-31T15:00:00Z,232,0.0,0.0,0.0,18.0,59.9,19.846,63.43,20.0
2026-07-31T15:00:59Z,232,2.0,2.0,2.0,17.9,59.6,19.718,64.155,18.0
2026-07-31T15:01:00Z,232,2.0,2.0,2.0,17.9,59.6,19.718,64.155,18.0
2026-07-31T16:38:22Z,232,0.0,0.0,0.0,14.9,67.8,18.853,67.577,15.0
2026-07-31T16:38:23Z,232,0.0,0.0,0.0,14.9,67.8,18.853,67.577,15.0
2026-09-01T18:52:31Z,232,0.0,0.0,0.0,17.3,57.2,22.634,55.351,19.0
2026-09-01T18:52:33Z,232,0.0,0.0,0.0,17.3,57.2,22.634,55.351,19.0
2026-09-01T18:55:30Z,232,0.0,0.0,0.0,19.2,51.6,23.83,46.159,19.0
2026-09-09T20:49:23Z,232,3.0,1.0,3.0,13.2,52.3,16.466,49.76,31.0
2026-09-09T20:49:24Z,232,3.0,1.0,3.0,13.2,52.3,16.466,49.76,31.0
2026-09-09T20:54:23Z,232,5.0,2.0,6.0,15.3,47.4,17.309,44.774,31.0
2026-09-09T20:59:23Z,232,45.0,34.0,53.0,16.0,45.8,17.424,44.565,31.0
2026-09-09T21:04:23Z,232,4.0,0.0,4.0,16.4,45.0,17.552,45.993,31.0
2026-09-09T21:09:23Z,232,1.0,0.0,1.0,16.7,44.2,17.456,45.696,31.0
2026-09-09T21:14:24Z,232,5.0,1.0,5.0,17.0,44.3,17.371,46.831,31.0
2026-09-09T21:15:32Z,232,5.0,1.0,5.0,17.0,44.7,17.56,48.078,31.0
2026-09-09T21:19:23Z,232,6.0,4.0,7.0,17.1,44.2,17.232,47.801,31.0
2026-09-09T21:24:23Z,232,4.0,2.0,5.0,17.3,43.6,17.309,47.227,31.0
2026-09-09T21:29:23Z,232,7.0,4.0,8.0,17.3,43.5,17.053,47.828,31.0
2026-09-09T21:34:23Z,232,12.0,7.0,12.0,17.3,43.6,17.021,48.435,31.0
2026-09-09T21:39:23Z,232,9.0,5.0,11.0,17.3,44.0,16.936,49.48,31.0
2026-09-09T21:44:24Z,232,10.0,5.0,10.0,17.2,44.2,16.882,49.785,31.0
2026-09-09T21:49:23Z,232,18.0,7.0,19.0,17.2,44.2,16.73,49.774,31.0
2026-09-09T21:54:24Z,232,17.0,8.0,18.0,17.1,44.5,16.532,50.661,31.0
2026-09-09T21:59:24Z,232,16.0,8.0,19.0,17.0,44.0,16.463,49.73,31.0
2026-09-09T22:04:23Z,232,8.0,4.0,8.0,17.0,44.9,16.484,51.469,31.0
2026-09-09T22:09:23Z,232,7.0,4.0,7.0,16.9,45.3,16.223,53.327,31.0
2026-09-09T22:14:24Z,232,5.0,3.0,6.0,16.8,45.7,16.396,53.319,31.0
2026-09-09T22:19:23Z,232,6.0,3.0,6.0,16.7,45.7,16.38,52.841,31.0
2026-09-09T22:24:23Z,232,6.0,3.0,6.0,16.6,45.5,16.028,52.965,31.0
2026-09-09T22:29:24Z,232,22.0,9.0,22.0,16.5,45.8,15.948,53.545,31.0
2026-09-09T22:34:24Z,232,24.0,16.0,27.0,16.4,46.7,15.739,55.042,31.0
2026-09-09T22:39:23Z,232,17.0,7.0,19.0,16.2,46.9,15.56,55.513,31.0
2026-09-09T22:44:24Z,232,22.0,11.0,23.0,16.1,47.1,15.443,54.977,31.0
2026-09-09T22:49:24Z,232,34.0,23.0,39.0,15.9,47.6,15.347,55.231,31.0
2026-09-09T22:54:24Z,232,21.0,8.0,21.0,15.8,46.4,15.106,54.103,31.0
2026-09-09T22:59:24Z,232,18.0,10.0,23.0,15.6,46.5,15.005,54.119,31.0
2026-09-09T23:04:23Z,232,29.0,17.0,30.0,15.5,46.8,14.928,54.481,31.0
2026-09-09T23:09:23Z,232,32.0,22.0,34.0,15.4,47.3,14.762,54.8,31.0
2026-09-09T23:14:24Z,232,19.0,11.0,19.0,15.3,47.2,14.516,54.544,31.0
2026-09-09T23:19:23Z,232,26.0,15.0,26.0,15.1,47.3,14.447,54.754,31.0
2026-09-09T23:24:24Z,232,30.0,20.0,33.0,15.0,47.7,14.319,55.662,31.0
2026-09-09T23:29:24Z,232,29.0,19.0,30.0,14.9,48.0,14.188,56.633,31.0
2026-09-09T23:34:24Z,232,32.0,22.0,35.0,14.8,48.7,14.028,57.996,31.0
2026-09-09T23:39:23Z,232,22.0,13.0,23.0,14.7,49.7,13.948,59.475,31.0
2026-09-09T23:44:23Z,232,29.0,18.0,29.0,14.6,49.8,13.793,60.341,31.0
2026-09-09T23:49:24Z,232,29.0,19.0,29.0,14.5,50.6,13.702,61.092,31.0
2026-09-09T23:54:23Z,232,29.0,19.0,31.0,14.4,51.2,13.523,62.042,31.0
2026-09-09T23:59:24Z,232,33.0,22.0,35.0,14.3,51.8,13.448,62.561,31.0
2026-09-10T00:04:23Z,232,33.0,23.0,36.0,14.2,52.0,13.299,63.276,31.0
2026-09-10T00:09:24Z,232,52.0,34.0,64.0,14.1,52.8,13.219,64.069,31.0
2026-09-10T00:14:23Z,232,31.0,21.0,34.0,14.0,52.3,12.711,64.466,31.0
2026-09-10T00:19:24Z,232,29.0,18.0,31.0,13.9,52.5,12.58,65.012,31.0
2026-09-10T00:24:24Z,232,20.0,9.0,22.0,13.6,53.0,12.399,65.29,31.0
2026-09-10T00:29:24Z,232,34.0,23.0,35.0,13.5,53.5,12.329,65.925,31.0
2026-09-10T00:34:23Z,232,40.0,26.0,48.0,13.4,54.1,12.1,67.056,31.0
2026-09-10T00:39:24Z,232,35.0,24.0,39.0,13.3,54.1,12.084,66.969,31.0
2026-09-10T00:44:24Z,232,35.0,23.0,38.0,13.1,54.7,11.846,67.671,31.0
2026-09-10T00:49:24Z,232,45.0,30.0,53.0,13.0,55.0,11.75,68.144,31.0
2026-09-10T00:54:24Z,232,43.0,30.0,53.0,13.0,55.3,11.638,68.571,31.0
2026-09-10T00:59:24Z,232,43.0,30.0,50.0,12.8,55.8,11.632,68.382,31.0
2026-09-10T01:04:24Z,232,34.0,23.0,37.0,12.7,56.0,11.52,68.689,31.0
2026-09-10T01:09:24Z,232,37.0,24.0,44.0,12.6,56.3,11.507,68.79,31.0
2026-09-10T01:14:23Z,232,32.0,21.0,33.0,12.6,56.6,11.288,69.589,31.0
2026-09-10T01:19:24Z,232,28.0,21.0,30.0,12.5,56.8,11.218,69.681,31.0
2026-09-10T01:24:24Z,232,34.0,23.0,35.0,12.5,57.1,11.224,69.786,31.0
2026-09-10T01:29:24Z,232,32.0,24.0,37.0,12.3,56.9,11.165,69.895,31.0
2026-09-10T01:34:24Z,232,45.0,30.0,54.0,12.3,57.3,11.007,70.749,31.0
2026-09-10T01:39:24Z,232,39.0,26.0,43.0,12.2,57.5,10.922,70.942,31.0
2026-09-10T01:44:24Z,232,31.0,22.0,35.0,12.1,57.6,10.869,70.991,31.0
2026-09-10T01:49:24Z,232,31.0,21.0,33.0,12.0,58.1,10.837,71.077,31.0
2026-09-10T01:54:24Z,232,27.0,14.0,28.0,12.0,58.0,10.548,71.811,31.0
2026-09-10T01:59:24Z,232,25.0,13.0,25.0,11.9,58.0,10.663,71.653,31.0
2026-09-10T02:04:24Z,232,20.0,12.0,21.0,11.9,58.5,10.631,71.64,31.0
2026-09-10T02:09:24Z,232,28.0,20.0,29.0,11.9,58.6,10.652,71.584,31.0
2026-09-10T02:14:24Z,232,26.0,15.0,26.0,11.8,58.8,10.497,72.079,31.0
2026-09-10T02:19:23Z,232,17.0,8.0,19.0,11.8,58.7,10.567,71.949,31.0
2026-09-10T02:24:24Z,232,21.0,9.0,21.0,11.7,59.0,10.591,71.886,31.0
2026-09-10T02:29:24Z,232,29.0,16.0,30.0,11.7,59.1,10.559,72.004,31.0
2026-09-10T02:34:24Z,232,17.0,7.0,19.0,11.7,59.3,10.5,72.298,31.0
2026-09-10T02:39:24Z,232,14.0,5.0,14.0,11.7,59.4,10.65,71.977,31.0
2026-09-10T02:44:24Z,232,24.0,12.0,25.0,11.7,59.6,10.719,71.838,31.0
2026-09-10T02:49:24Z,232,18.0,7.0,19.0,11.7,59.6,10.663,72.023,31.0
2026-09-10T02:54:24Z,232,12.0,6.0,13.0,11.8,59.7,10.631,72.412,31.0
2026-09-10T02:59:24Z,232,17.0,8.0,18.0,11.8,59.8,10.786,72.065,31.0
2026-09-10T03:04:24Z,232,14.0,6.0,18.0,11.8,59.9,10.909,71.766,31.0
2026-09-10T03:09:24Z,232,7.0,5.0,8.0,11.8,60.0,10.978,71.726,31.0
2026-09-10T03:14:24Z,232,28.0,15.0,29.0,11.9,60.5,11.061,72.275,31.0
2026-09-10T03:19:24Z,232,13.0,6.0,15.0,11.9,60.0,11.098,71.491,31.0
2026-09-10T03:24:24Z,232,25.0,13.0,25.0,12.0,60.1,11.189,71.453,31.0
2026-09-10T03:29:23Z,232,36.0,24.0,39.0,12.1,60.0,11.376,71.049,31.0
2026-09-10T03:34:24Z,232,34.0,23.0,38.0,12.1,60.2,11.397,71.352,31.0
2026-09-10T03:39:24Z,232,31.0,21.0,31.0,12.2,60.0,11.459,71.176,31.0
2026-09-10T03:44:24Z,232,32.0,23.0,33.0,12.3,59.8,11.491,70.877,31.0
2026-09-10T03:49:24Z,232,43.0,29.0,51.0,12.3,59.8,11.651,70.574,31.0
2026-09-10T03:54:24Z,232,32.0,21.0,33.0,12.4,59.5,11.699,70.524,31.0
2026-09-10T03:59:24Z,232,21.0,8.0,25.0,12.4,59.6,11.624,70.408,31.0
2026-09-10T04:04:24Z,232,21.0,9.0,24.0,12.5,59.4,11.696,70.118,31.0
2026-09-10T04:09:24Z,232,20.0,8.0,20.0,12.5,59.4,11.638,70.333,31.0
2026-09-10T04:14:24Z,232,18.0,8.0,19.0,12.6,59.2,11.723,70.101,31.0
2026-09-10T04:19:24Z,232,11.0,6.0,12.0,12.6,59.1,11.6,70.362,31.0
2026-09-10T04:24:24Z,232,15.0,8.0,17.0,12.6,58.9,11.659,70.095,31.0
2026-09-10T04:29:24Z,232,17.0,8.0,18.0,12.6,58.9,11.667,69.912,31.0
2026-09-10T04:34:24Z,232,20.0,9.0,20.0,12.6,58.8,11.688,69.62,31.0
2026-09-10T04:39:24Z,232,17.0,7.0,20.0,12.6,58.7,11.635,69.948,31.0
2026-09-10T04:44:24Z,232,14.0,6.0,17.0,12.6,58.8,11.518,69.982,31.0
2026-09-10T04:49:24Z,232,11.0,5.0,11.0,12.5,58.9,11.576,69.893,31.0
2026-09-10T04:54:24Z,232,9.0,5.0,9.0,12.5,58.7,11.483,69.992,31.0
2026-09-10T04:59:24Z,232,13.0,6.0,13.0,12.5,58.8,11.477,69.87,31.0
2026-09-10T05:04:24Z,232,13.0,7.0,13.0,12.5,58.8,11.472,70.045,31.0
2026-09-10T05:09:24Z,232,12.0,8.0,15.0,12.5,58.5,11.242,70.331,31.0
2026-09-10T05:14:24Z,232,21.0,14.0,23.0,12.4,58.5,11.253,70.143,31.0
2026-09-10T05:19:24Z,232,15.0,6.0,15.0,12.4,58.4,11.218,70.072,31.0
2026-09-10T05:24:24Z,232,8.0,4.0,9.0,12.3,58.2,11.229,69.704,31.0
2026-09-10T05:29:24Z,232,8.0,5.0,8.0,12.3,58.3,11.224,69.837,31.0
2026-09-10T05:34:24Z,232,9.0,6.0,9.0,12.3,58.4,11.17,69.875,31.0
2026-09-10T05:39:24Z,232,9.0,7.0,11.0,12.3,58.5,11.112,70.15,31.0
2026-09-10T05:44:24Z,232,7.0,6.0,7.0,12.2,58.4,11.034,70.091,31.0
2026-09-10T05:49:24Z,232,8.0,6.0,9.0,12.2,58.5,10.97,70.402,31.0
2026-09-10T05:54:24Z,232,9.0,5.0,9.0,12.1,58.6,10.965,70.509,31.0
2026-09-10T05:59:24Z,232,8.0,5.0,9.0,12.0,58.7,10.869,70.669,31.0
2026-09-10T06:04:24Z,232,12.0,5.0,12.0,12.0,58.8,10.853,70.659,31.0
2026-09-10T06:09:24Z,232,9.0,4.0,9.0,12.0,58.9,10.754,71.012,31.0
2026-09-10T06:14:24Z,232,7.0,5.0,8.0,11.9,58.9,10.647,71.312,31.0
2026-09-10T06:19:24Z,232,7.0,3.0,7.0,11.9,59.2,10.626,71.413,31.0
2026-09-10T06:24:24Z,232,6.0,3.0,6.0,11.8,59.0,10.663,71.346,31.0
2026-09-10T06:29:24Z,232,6.0,3.0,6.0,11.8,59.3,10.578,71.546,31.0
2026-09-10T06:34:24Z,232,5.0,2.0,5.0,11.7,59.4,10.415,72.065,31.0
2026-09-10T06:39:24Z,232,6.0,2.0,6.0,11.7,59.5,10.452,72.069,31.0
2026-09-10T06:44:24Z,232,6.0,3.0,6.0,11.7,59.7,10.415,72.075,31.0
2026-09-10T06:49:24Z,232,5.0,2.0,5.0,11.6,59.8,10.345,72.34,31.0
2026-09-10T06:54:24Z,232,4.0,3.0,4.0,11.6,60.0,10.377,72.334,31.0
2026-09-10T06:59:24Z,232,5.0,2.0,5.0,11.6,59.9,10.252,72.239,31.0
2026-09-10T07:04:24Z,232,6.0,2.0,6.0,11.5,60.0,10.225,72.342,31.0
2026-09-10T07:09:24Z,232,4.0,2.0,4.0,11.5,60.0,10.15,72.403,31.0
2026-09-10T07:14:24Z,232,4.0,1.0,5.0,11.5,59.8,10.086,72.25,31.0
2026-09-10T07:19:24Z,232,5.0,3.0,5.0,11.4,59.6,9.953,72.197,31.0
2026-09-10T07:24:24Z,232,4.0,1.0,4.0,11.4,59.4,9.934,71.874,31.0
2026-09-10T07:29:24Z,232,2.0,1.0,2.0,11.3,59.1,9.817,71.136,31.0
2026-09-10T07:34:25Z,232,4.0,1.0,4.0,11.3,59.0,9.817,71.041,31.0
2026-09-10T07:39:24Z,232,3.0,0.0,3.0,11.2,59.2,9.79,71.087,31.0
2026-09-10T07:44:25Z,232,3.0,1.0,3.0,11.2,58.8,9.635,70.772,31.0
2026-09-10T07:49:25Z,232,2.0,1.0,3.0,11.1,58.6,9.568,70.513,31.0
2026-09-10T07:54:24Z,232,1.0,0.0,1.0,11.1,58.5,9.472,70.074,31.0
2026-09-10T07:59:24Z,232,0.0,0.0,0.0,11.0,58.1,9.258,70.194,31.0
2026-09-10T08:04:24Z,232,1.0,0.0,1.0,10.9,58.0,9.29,69.704,31.0
2026-09-10T08:09:24Z,232,3.0,1.0,4.0,10.8,58.2,9.216,69.727,31.0
2026-09-10T08:14:24Z,232,1.0,0.0,1.0,10.8,58.0,9.181,69.736,31.0
2026-09-10T08:19:24Z,232,1.0,0.0,2.0,10.8,58.1,9.106,70.322,31.0
2026-09-10T08:24:24Z,232,1.0,0.0,1.0,10.7,58.0,8.973,69.807,31.0
2026-09-10T08:29:25Z,232,1.0,0.0,1.0,10.7,57.8,8.93,69.698,31.0
2026-09-10T08:34:25Z,232,0.0,0.0,0.0,10.6,57.8,8.877,69.502,31.0
2026-09-10T08:39:25Z,232,0.0,0.0,0.0,10.6,57.4,8.794,69.044,31.0
2026-09-10T08:44:24Z,232,0.0,0.0,1.0,10.5,57.7,8.762,68.849,31.0
2026-09-10T08:49:24Z,232,0.0,0.0,0.0,10.5,57.3,8.682,68.838,31.0
2026-09-10T08:54:25Z,232,0.0,0.0,0.0,10.4,57.5,8.703,68.908,31.0
2026-09-10T08:59:24Z,232,1.0,0.0,1.0,10.4,57.3,8.692,68.617,31.0
2026-09-10T09:04:24Z,232,0.0,0.0,0.0,10.3,57.4,8.593,68.662,31.0
2026-09-10T09:09:24Z,232,0.0,0.0,0.0,10.3,57.2,8.444,68.666,31.0
2026-09-10T09:14:24Z,232,0.0,0.0,0.0,10.2,57.3,8.481,68.613,31.0
2026-09-10T09:19:24Z,232,0.0,0.0,0.0,10.2,57.1,8.439,68.42,31.0
2026-09-10T09:24:24Z,232,0.0,0.0,0.0,10.1,57.0,8.401,68.315,31.0
2026-09-10T09:29:25Z,232,0.0,0.0,0.0,10.1,56.9,8.367,68.256,31.0
2026-09-10T09:34:25Z,232,0.0,0.0,0.0,10.1,57.1,8.313,68.294,31.0
2026-09-10T09:39:24Z,232,0.0,0.0,0.0,10.0,57.1,8.249,68.578,31.0
2026-09-10T09:44:25Z,232,0.0,0.0,0.0,10.0,57.5,8.201,68.912,31.0
2026-09-10T09:49:24Z,232,0.0,0.0,0.0,10.0,57.2,8.233,68.601,31.0
2026-09-10T09:54:25Z,232,0.0,0.0,0.0,9.9,57.1,8.236,68.14,31.0
2026-09-10T09:59:24Z,232,0.0,0.0,0.0,9.9,57.3,8.294,68.105,31.0
2026-09-10T10:04:25Z,232,0.0,0.0,0.0,10.0,57.1,8.273,68.403,31.0
2026-09-10T10:09:25Z,232,0.0,0.0,0.0,9.9,57.2,8.278,68.426,31.0
2026-09-10T10:14:25Z,232,8.0,2.0,8.0,9.9,57.6,8.225,69.137,31.0
2026-09-10T10:19:25Z,232,0.0,0.0,0.0,9.9,57.1,8.212,68.344,31.0
2026-09-10T10:24:24Z,232,0.0,0.0,0.0,9.9,57.2,8.244,68.262,31.0
2026-09-10T10:29:24Z,232,0.0,0.0,0.0,9.9,57.2,8.265,68.208,31.0
2026-09-10T10:34:24Z,232,0.0,0.0,0.0,9.9,57.1,8.34,67.903,31.0
2026-09-10T10:39:25Z,232,0.0,0.0,0.0,9.9,57.1,8.302,68.134,31.0
2026-09-10T10:44:24Z,232,0.0,0.0,0.0,9.9,57.4,8.257,68.552,31.0
2026-09-10T10:49:25Z,232,0.0,0.0,0.0,9.9,57.2,8.252,68.697,31.0
2026-09-10T10:54:24Z,232,2.0,0.0,3.0,9.9,57.5,8.31,68.68,31.0
2026-09-10T10:59:25Z,232,4.0,0.0,4.0,9.9,57.6,8.342,68.756,31.0
2026-09-10T11:04:25Z,232,1.0,1.0,1.0,9.9,57.7,8.342,69.046,31.0
2026-09-10T11:09:25Z,232,1.0,0.0,1.0,10.0,57.7,8.409,68.573,31.0
2026-09-10T11:14:25Z,232,0.0,0.0,1.0,10.0,57.8,8.463,68.958,31.0
2026-09-10T11:19:25Z,232,0.0,0.0,0.0,10.0,57.9,8.489,68.773,31.0
2026-09-10T11:24:25Z,232,2.0,2.0,4.0,10.0,58.0,8.58,68.636,31.0
2026-09-10T11:29:25Z,232,4.0,1.0,5.0,10.1,57.7,8.783,67.735,31.0
2026-09-10T11:34:25Z,232,40.0,27.0,46.0,10.1,58.0,8.973,67.531,31.0
2026-09-10T11:39:25Z,232,32.0,23.0,34.0,10.2,58.1,9.245,67.322,31.0
2026-09-10T11:44:24Z,232,30.0,17.0,31.0,10.4,58.4,9.667,67.264,31.0
2026-09-10T11:49:25Z,232,21.0,9.0,22.0,10.5,58.1,9.87,66.133,31.0
2026-09-10T11:54:24Z,232,20.0,9.0,21.0,10.7,57.9,10.068,65.324,31.0
2026-09-10T11:59:24Z,232,36.0,21.0,37.0,10.8,57.7,10.503,64.607,31.0
2026-09-10T12:04:25Z,232,33.0,21.0,33.0,11.0,57.3,10.914,62.988,31.0
2026-09-10T12:09:24Z,232,33.0,24.0,37.0,11.2,56.6,11.058,62.715,31.0
2026-09-10T12:14:25Z,232,32.0,22.0,34.0,11.5,56.4,11.427,61.626,31.0
2026-09-10T12:19:24Z,232,33.0,24.0,36.0,11.6,55.8,11.849,60.119,31.0
2026-09-10T12:24:25Z,232,32.0,23.0,38.0,11.9,55.4,12.364,59.324,31.0
2026-09-10T12:29:25Z,232,34.0,23.0,38.0,12.2,55.1,13.453,56.465,31.0
2026-09-10T12:34:25Z,232,34.0,23.0,37.0,12.5,54.5,13.907,54.672,31.0
2026-09-10T12:39:25Z,232,37.0,24.0,40.0,12.9,53.6,14.431,52.669,31.0
2026-09-10T12:44:25Z,232,35.0,24.0,39.0,13.2,52.1,14.837,50.443,31.0
2026-09-10T12:49:25Z,232,33.0,24.0,36.0,13.5,51.9,14.871,52.08,31.0
2026-09-10T12:54:25Z,232,37.0,25.0,43.0,13.9,52.3,15.117,53.293,31.0
2026-09-10T12:59:25Z,232,38.0,25.0,44.0,14.3,52.6,14.914,55.591,31.0
2026-09-10T13:04:25Z,232,34.0,24.0,38.0,14.5,52.2,14.727,55.77,31.0
2026-09-10T13:09:25Z,232,34.0,24.0,38.0,14.7,51.5,14.615,55.578,31.0
2026-09-10T13:14:25Z,232,35.0,24.0,39.0,14.8,50.1,14.89,52.494,31.0
2026-09-10T13:19:25Z,232,36.0,25.0,43.0,15.0,50.2,15.13,54.096,31.0
2026-09-10T13:24:25Z,232,39.0,26.0,46.0,15.2,49.9,15.392,53.323,31.0
2026-09-10T13:29:24Z,232,37.0,26.0,45.0,15.4,49.9,15.627,53.726,31.0
2026-09-10T13:34:25Z,232,30.0,22.0,31.0,15.6,49.0,15.44,52.593,31.0
2026-09-10T13:39:25Z,232,32.0,22.0,34.0,15.7,49.2,15.689,53.831,31.0
2026-09-10T13:44:25Z,232,29.0,21.0,33.0,15.8,48.8,15.56,53.562,31.0
2026-09-10T13:49:24Z,232,32.0,23.0,36.0,15.9,48.7,15.875,53.323,31.0
2026-09-10T13:54:25Z,232,27.0,20.0,28.0,16.0,48.0,15.662,52.446,31.0
2026-09-10T13:59:25Z,232,22.0,13.0,22.0,16.1,46.7,16.009,50.292,31.0
2026-09-10T14:04:25Z,232,22.0,14.0,24.0,16.1,47.1,16.167,51.082,31.0
2026-09-10T14:09:25Z,232,20.0,9.0,20.0,16.3,46.3,16.514,49.756,31.0
2026-09-10T14:14:25Z,232,14.0,6.0,15.0,16.4,46.5,16.594,50.245,31.0
2026-09-10T14:19:25Z,232,13.0,5.0,14.0,16.6,45.4,16.556,49.215,31.0
2026-09-10T14:24:25Z,232,10.0,5.0,10.0,16.7,46.0,16.599,50.538,31.0
2026-09-10T14:29:25Z,232,14.0,6.0,15.0,16.7,47.4,16.527,52.606,31.0
2026-09-10T14:34:25Z,232,9.0,5.0,9.0,16.8,47.3,16.992,51.641,31.0
2026-09-10T14:39:25Z,232,7.0,4.0,8.0,16.9,46.2,16.986,49.18,31.0
2026-09-10T14:44:25Z,232,5.0,2.0,5.0,17.0,45.0,16.954,47.946,31.0
2026-09-10T14:49:25Z,232,2.0,0.0,2.0,17.1,44.5,16.596,49.034,31.0
2026-09-10T14:54:25Z,232,2.0,0.0,2.0,17.1,44.1,16.866,46.947,31.0
2026-09-10T14:59:25Z,232,7.0,4.0,8.0,17.1,44.8,16.791,50.764,31.0
2026-09-10T15:04:25Z,232,2.0,1.0,2.0,17.1,43.2,17.224,44.587,31.0
2026-09-10T15:09:25Z,232,2.0,0.0,3.0,17.2,42.7,17.443,44.75,31.0
2026-09-10T15:14:25Z,232,6.0,2.0,6.0,17.3,42.4,17.438,43.87,31.0
2026-09-10T15:19:25Z,232,6.0,4.0,7.0,17.3,42.1,17.296,44.315,31.0
2026-09-10T15:24:25Z,232,13.0,8.0,13.0,17.4,41.6,17.574,43.481,31.0
2026-09-10T15:29:25Z,232,7.0,4.0,7.0,17.5,41.4,17.878,41.608,31.0
2026-09-10T15:34:25Z,232,9.0,5.0,11.0,17.6,41.3,18.108,42.539,31.0
2026-09-10T15:39:25Z,232,5.0,3.0,6.0,17.7,40.5,18.268,40.918,31.0
2026-09-10T15:44:25Z,232,5.0,3.0,5.0,17.8,40.6,18.175,41.982,31.0
2026-09-10T15:49:25Z,232,2.0,0.0,2.0,17.9,40.3,18.143,41.646,31.0
2026-09-10T15:54:26Z,232,7.0,4.0,7.0,17.9,40.1,18.33,41.251,31.0
2026-09-10T15:59:25Z,232,5.0,4.0,6.0,18.0,39.8,18.255,41.534,31.0
2026-09-10T16:04:25Z,232,10.0,4.0,11.0,18.0,40.5,17.972,43.899,31.0
2026-09-10T16:09:25Z,232,8.0,4.0,9.0,18.1,41.0,18.46,43.153,31.0
2026-09-10T16:14:25Z,232,7.0,4.0,7.0,18.1,40.2,18.498,42.053,31.0
2026-09-10T16:19:25Z,232,2.0,1.0,2.0,18.1,40.1,18.119,42.756,31.0
2026-09-10T16:24:26Z,232,1.0,0.0,1.0,18.2,40.7,18.295,43.708,31.0
2026-09-10T16:29:25Z,232,0.0,0.0,0.0,18.1,40.3,17.779,44.107,31.0
2026-09-10T16:34:25Z,232,0.0,0.0,1.0,18.2,40.4,18.233,42.928,31.0
2026-09-10T16:39:26Z,232,0.0,0.0,0.0,18.2,40.8,18.479,43.737,31.0
2026-09-10T16:44:26Z,232,0.0,0.0,0.0,18.2,40.6,17.667,45.526,31.0
2026-09-10T16:49:25Z,232,0.0,0.0,0.0,18.2,40.8,18.26,44.103,31.0
2026-09-10T16:54:25Z,232,0.0,0.0,0.0,18.2,40.1,18.289,42.955,31.0
2026-09-10T16:59:25Z,232,0.0,0.0,0.0,18.3,40.3,18.444,43.166,31.0
2026-09-10T17:04:25Z,232,0.0,0.0,0.0,18.3,40.0,18.498,42.562,31.0
2026-09-10T17:09:25Z,232,0.0,0.0,0.0,18.4,39.5,18.54,41.854,31.0
2026-09-10T17:14:26Z,232,0.0,0.0,0.0,18.5,38.9,18.663,39.808,31.0
2026-09-10T17:19:25Z,232,0.0,0.0,0.0,18.5,37.9,18.757,39.224,31.0
2026-09-10T17:24:25Z,232,0.0,0.0,0.0,18.6,37.4,18.388,39.455,31.0
2026-09-10T17:29:25Z,232,0.0,0.0,0.0,18.6,37.5,18.228,40.227,31.0
2026-09-10T17:34:26Z,232,0.0,0.0,0.0,18.6,38.1,18.191,41.494,31.0
2026-09-10T17:39:25Z,232,0.0,0.0,0.0,18.5,37.8,17.635,42.459,31.0
2026-09-10T17:44:26Z,232,0.0,0.0,0.0,18.5,38.2,18.14,41.803,31.0
2026-09-10T17:49:25Z,232,0.0,0.0,0.0,18.4,38.8,18.113,42.262,31.0
2026-09-10T17:54:26Z,232,2.0,0.0,2.0,18.4,39.2,18.108,43.521,31.0
2026-09-10T17:59:25Z,232,0.0,0.0,0.0,18.3,38.6,17.595,42.676,31.0
2026-09-10T18:04:25Z,232,0.0,0.0,0.0,18.2,38.4,17.766,42.507,31.0
2026-09-10T18:09:26Z,232,0.0,0.0,0.0,18.2,38.5,17.977,41.381,31.0
2026-09-10T18:14:26Z,232,0.0,0.0,0.0,18.2,37.9,18.132,40.206,31.0
2026-09-10T18:19:25Z,232,0.0,0.0,0.0,18.2,37.9,18.319,40.452,31.0
2026-09-10T18:24:26Z,232,0.0,0.0,0.0,18.2,37.5,18.367,39.63,31.0
2026-09-10T18:29:26Z,232,0.0,0.0,0.0,18.3,37.4,18.196,40.017,31.0
2026-09-10T18:34:26Z,232,0.0,0.0,0.0,18.3,37.6,18.402,39.93,31.0
2026-09-10T18:39:26Z,232,0.0,0.0,0.0,18.3,37.3,18.61,39.31,31.0
2026-09-10T18:44:25Z,232,0.0,0.0,0.0,18.4,37.0,18.252,39.253,31.0
2026-09-10T18:49:26Z,232,0.0,0.0,0.0,18.4,37.2,18.081,40.105,31.0
2026-09-10T18:54:25Z,232,0.0,0.0,0.0,18.4,36.3,17.622,39.699,31.0
2026-09-10T18:59:26Z,232,0.0,0.0,0.0,18.3,36.6,18.105,39.056,31.0
2026-09-10T19:04:26Z,232,0.0,0.0,0.0,18.3,36.7,18.105,39.724,31.0
2026-09-10T19:09:26Z,232,0.0,0.0,0.0,18.3,36.8,18.351,39.659,31.0
2026-09-10T19:14:26Z,232,0.0,0.0,0.0,18.3,36.7,18.223,39.789,31.0
2026-09-10T19:19:25Z,232,0.0,0.0,0.0,18.4,36.4,17.862,39.72,31.0
2026-09-10T19:24:26Z,232,0.0,0.0,0.0,18.4,36.7,18.113,39.865,31.0
2026-09-10T19:29:26Z,232,3.0,0.0,3.0,18.4,36.7,18.193,39.75,31.0
2026-09-10T19:34:25Z,232,2.0,0.0,2.0,18.4,36.7,18.46,38.743,31.0
2026-09-10T19:39:26Z,232,0.0,0.0,0.0,18.4,36.3,17.99,39.872,31.0
2026-09-10T19:44:26Z,232,0.0,0.0,0.0,18.5,36.4,18.41,38.839,31.0
2026-09-10T19:49:26Z,232,0.0,0.0,0.0,18.5,36.6,17.961,40.248,31.0
2026-09-10T19:54:26Z,232,0.0,0.0,0.0,18.5,36.4,18.212,39.676,31.0
2026-09-10T19:59:26Z,232,0.0,0.0,0.0,18.5,36.1,18.522,38.772,31.0
2026-09-10T20:04:26Z,232,0.0,0.0,0.0,18.5,36.1,18.356,38.757,31.0
2026-09-10T20:09:26Z,232,0.0,0.0,0.0,18.5,36.4,18.049,40.214,31.0
2026-09-10T20:14:26Z,232,0.0,0.0,0.0,18.4,36.6,17.675,40.794,31.0
2026-09-10T20:19:26Z,232,0.0,0.0,0.0,18.4,37.3,18.065,41.494,31.0
2026-09-10T20:24:26Z,232,0.0,0.0,0.0,18.3,37.7,17.969,42.104,31.0
2026-09-10T20:29:26Z,232,0.0,0.0,0.0,18.3,37.4,17.301,43.065,31.0
2026-09-10T20:34:26Z,232,0.0,0.0,0.0,18.1,38.1,17.058,43.987,31.0
2026-09-10T20:39:26Z,232,0.0,0.0,0.0,17.9,38.4,17.058,44.734,31.0
2026-09-10T20:44:26Z,232,1.0,0.0,1.0,17.8,38.8,17.042,44.742,31.0
2026-09-10T20:49:26Z,232,1.0,0.0,1.0,17.6,38.7,16.893,44.158,31.0
2026-09-10T20:54:26Z,232,0.0,0.0,0.0,17.5,39.2,16.749,45.251,31.0
2026-09-10T20:59:26Z,232,0.0,0.0,0.0,17.4,39.6,16.858,45.467,31.0
2026-09-10T21:04:26Z,232,1.0,0.0,1.0,17.3,40.3,16.847,46.358,31.0
2026-09-10T21:09:26Z,232,3.0,1.0,4.0,17.2,40.2,16.714,45.854,31.0
2026-09-10T21:14:26Z,232,8.0,2.0,8.0,17.1,40.6,16.693,46.445,31.0
2026-09-10T21:19:26Z,232,4.0,1.0,5.0,17.1,40.9,16.714,46.579,31.0
2026-09-10T21:24:26Z,232,6.0,3.0,7.0,17.0,41.3,16.775,47.073,31.0
2026-09-10T21:29:26Z,232,10.0,5.0,10.0,17.0,41.3,16.583,47.595,31.0
2026-09-10T21:34:26Z,232,5.0,2.0,5.0,17.0,41.5,16.183,48.238,31.0
2026-09-10T21:39:26Z,232,8.0,5.0,9.0,16.8,41.7,16.45,48.025,31.0
2026-09-10T21:44:26Z,232,12.0,6.0,12.0,16.8,41.8,16.204,48.801,31.0
2026-09-10T21:49:26Z,232,6.0,4.0,6.0,16.8,42.0,16.052,49.047,31.0
2026-09-10T21:54:34Z,232,19.0,7.0,20.0,16.7,42.5,16.057,49.594,31.0
2026-09-10T21:59:26Z,232,5.0,2.0,6.0,16.5,42.9,15.942,50.441,31.0
2026-09-10T22:04:30Z,232,12.0,4.0,13.0,16.4,43.3,15.942,50.926,31.0
2026-09-10T22:09:26Z,232,11.0,5.0,11.0,16.3,43.6,15.982,51.261,31.0
2026-09-10T22:14:26Z,232,19.0,9.0,20.0,16.2,44.0,15.908,51.969,31.0
2026-09-10T22:19:26Z,232,23.0,12.0,25.0,16.2,44.5,15.902,52.204,31.0
2026-09-10T22:24:25Z,232,29.0,19.0,29.0,16.2,44.7,15.87,52.818,31.0
2026-09-10T22:29:26Z,232,24.0,14.0,24.0,16.1,45.2,15.766,53.907,31.0
2026-09-10T22:34:26Z,232,13.0,5.0,14.0,16.1,45.6,15.649,54.22,31.0
2026-09-10T22:39:26Z,232,20.0,12.0,22.0,16.0,46.2,15.606,54.801,31.0
2026-09-10T22:44:26Z,232,15.0,6.0,16.0,15.9,46.6,15.51,55.614,31.0
2026-09-10T22:49:26Z,232,27.0,15.0,28.0,15.9,46.8,15.344,55.894,31.0
2026-09-10T22:54:26Z,232,29.0,20.0,30.0,15.8,47.3,15.352,56.242,31.0
2026-09-10T22:59:26Z,232,32.0,21.0,34.0,15.7,47.1,15.304,55.967,31.0
2026-09-10T23:04:26Z,232,31.0,21.0,33.0,15.6,47.3,15.261,55.5,31.0
2026-09-10T23:09:26Z,232,36.0,25.0,43.0,15.6,47.5,15.171,56.078,31.0
2026-09-10T23:14:26Z,232,32.0,22.0,36.0,15.5,48.1,15.098,57.56,31.0
2026-09-10T23:19:26Z,232,37.0,24.0,43.0,15.4,48.7,14.997,58.302,31.0
2026-09-10T23:24:26Z,232,32.0,22.0,33.0,15.4,48.8,14.869,58.725,31.0
2026-09-10T23:29:26Z,232,30.0,21.0,33.0,15.3,49.1,14.714,59.219,31.0
2026-09-10T23:34:26Z,232,26.0,16.0,26.0,15.3,49.6,14.623,60.205,31.0
2026-09-10T23:39:26Z,232,24.0,12.0,25.0,15.2,50.0,14.61,60.522,31.0
2026-09-10T23:44:26Z,232,26.0,16.0,27.0,15.1,50.2,14.636,60.76,31.0
2026-09-10T23:49:26Z,232,32.0,18.0,34.0,15.1,51.0,14.594,61.403,31.0
2026-09-10T23:54:26Z,232,25.0,17.0,26.0,15.1,51.2,14.572,61.727,31.0
2026-09-10T23:59:26Z,232,27.0,16.0,28.0,15.0,51.6,14.61,61.903,31.0
2026-09-11T00:04:26Z,232,27.0,14.0,28.0,15.0,52.2,14.57,62.809,31.0
2026-09-11T00:09:26Z,232,19.0,9.0,19.0,15.0,52.8,14.527,64.109,31.0
2026-09-11T00:14:26Z,232,24.0,11.0,24.0,14.9,53.1,14.447,63.879,31.0
2026-09-11T00:19:26Z,232,24.0,15.0,26.0,14.9,53.2,14.442,65.077,31.0
2026-09-11T00:24:26Z,232,34.0,24.0,38.0,14.9,53.7,14.543,64.71,31.0
2026-09-11T00:29:26Z,232,27.0,19.0,28.0,14.9,53.7,14.535,64.27,31.0
2026-09-11T00:34:26Z,232,32.0,22.0,34.0,14.9,54.2,14.482,65.252,31.0
2026-09-11T00:39:26Z,232,26.0,19.0,26.0,14.9,54.6,14.455,65.376,31.0
2026-09-11T00:44:26Z,232,28.0,19.0,29.0,14.9,54.7,14.369,66.459,31.0
2026-09-11T00:49:26Z,232,20.0,14.0,23.0,14.8,55.5,14.353,66.982,31.0
2026-09-11T00:54:26Z,232,23.0,12.0,23.0,14.8,56.3,14.297,68.233,31.0
2026-09-11T00:59:26Z,232,25.0,14.0,26.0,14.8,56.5,14.324,69.095,31.0
2026-09-11T01:04:26Z,232,26.0,16.0,26.0,14.8,56.4,14.287,67.867,31.0
2026-09-11T01:09:26Z,232,28.0,21.0,30.0,14.8,56.3,14.201,68.374,31.0
2026-09-11T01:14:26Z,232,37.0,24.0,41.0,14.7,56.6,14.276,67.808,31.0
2026-09-11T01:19:27Z,232,26.0,18.0,28.0,14.8,56.1,14.097,67.911,31.0
2026-09-11T01:24:26Z,232,23.0,12.0,25.0,14.7,56.0,14.07,67.917,31.0
2026-09-11T01:29:26Z,232,20.0,9.0,20.0,14.7,56.2,14.065,67.655,31.0
2026-09-11T01:34:26Z,232,20.0,9.0,23.0,14.6,55.9,13.964,67.812,31.0
2026-09-11T01:39:27Z,232,8.0,5.0,11.0,14.6,55.6,13.606,67.665,31.0
2026-09-11T01:44:27Z,232,20.0,11.0,20.0,14.6,56.2,13.587,69.355,31.0
2026-09-11T01:49:26Z,232,28.0,15.0,29.0,14.5,56.5,13.763,69.017,31.0
2026-09-11T01:54:26Z,232,25.0,15.0,25.0,14.5,56.5,13.518,70.013,31.0
2026-09-11T01:59:26Z,232,26.0,20.0,26.0,14.4,56.6,13.539,69.925,31.0
2026-09-11T02:04:27Z,232,27.0,16.0,28.0,14.4,56.6,13.379,68.098,31.0
2026-09-11T02:09:26Z,232,26.0,19.0,26.0,14.3,56.3,13.467,67.873,31.0
2026-09-11T02:14:26Z,232,23.0,11.0,25.0,14.2,55.8,13.328,67.157,31.0
2026-09-11T02:19:26Z,232,17.0,7.0,19.0,14.2,55.5,13.275,66.539,31.0
2026-09-11T02:24:27Z,232,8.0,4.0,9.0,14.2,55.9,13.178,68.201,31.0
2026-09-11T02:29:26Z,232,9.0,3.0,11.0,14.1,56.1,13.13,66.961,31.0
2026-09-11T02:34:26Z,232,8.0,5.0,8.0,14.0,55.8,13.144,68.517,31.0
2026-09-11T02:39:26Z,232,8.0,4.0,9.0,14.0,55.6,13.117,66.913,31.0
2026-09-11T02:44:27Z,232,5.0,3.0,5.0,14.0,56.1,12.989,68.853,31.0
2026-09-11T02:49:33Z,232,3.0,2.0,3.0,13.9,56.1,12.914,66.972,31.0
2026-09-11T02:54:26Z,232,5.0,1.0,5.0,13.8,56.4,12.724,68.695,31.0
2026-09-11T02:59:27Z,232,6.0,3.0,6.0,13.8,56.6,12.794,68.76,31.0
2026-09-11T03:04:26Z,232,7.0,4.0,7.0,13.7,57.6,12.954,70.522,31.0
2026-09-11T03:09:27Z,232,5.0,3.0,6.0,13.7,57.0,12.781,68.664,31.0
2026-09-11T03:14:27Z,232,11.0,5.0,11.0,13.7,57.4,12.743,69.786,31.0
2026-09-11T03:19:26Z,232,9.0,6.0,11.0,13.6,58.1,12.508,71.953,31.0
2026-09-11T03:24:27Z,232,16.0,7.0,18.0,13.5,58.1,12.524,71.039,31.0
2026-09-11T03:29:26Z,232,21.0,8.0,21.0,13.4,59.1,12.508,72.904,31.0
2026-09-11T03:34:27Z,232,14.0,8.0,16.0,13.4,60.7,12.5,75.855,31.0
2026-09-11T03:39:27Z,232,14.0,7.0,16.0,13.3,60.8,12.345,75.466,31.0
2026-09-11T03:44:27Z,232,11.0,7.0,12.0,13.4,60.7,12.506,74.396,31.0
2026-09-11T03:49:27Z,232,19.0,8.0,19.0,13.3,61.3,12.361,74.932,31.0
2026-09-11T03:54:27Z,232,18.0,8.0,18.0,13.3,61.4,12.356,75.38,31.0
2026-09-11T03:59:27Z,232,18.0,8.0,20.0,13.3,61.9,12.316,75.527,31.0
2026-09-11T04:04:27Z,232,26.0,15.0,26.0,13.2,61.8,12.311,75.815,31.0
2026-09-11T04:09:27Z,232,26.0,15.0,27.0,13.2,62.7,12.236,77.156,31.0
2026-09-11T04:14:27Z,232,16.0,6.0,18.0,13.2,62.7,12.359,76.116,31.0
2026-09-11T04:19:27Z,232,23.0,9.0,23.0,13.2,61.8,12.332,74.741,31.0
2026-09-11T04:24:27Z,232,26.0,16.0,27.0,13.2,61.8,12.271,75.462,31.0
2026-09-11T04:29:28Z,232,24.0,11.0,25.0,13.2,61.6,12.169,74.652,31.0
2026-09-11T04:34:27Z,232,20.0,9.0,20.0,13.2,61.6,11.881,76.351,31.0
2026-09-11T04:39:27Z,232,14.0,7.0,14.0,13.1,61.5,11.875,75.661,31.0
2026-09-11T04:44:27Z,232,20.0,9.0,20.0,13.1,61.6,11.825,75.512,31.0
2026-09-11T04:49:27Z,232,20.0,9.0,20.0,13.0,61.8,11.99,75.239,31.0
2026-09-11T04:54:27Z,232,23.0,9.0,24.0,13.0,62.5,12.108,75.245,31.0
2026-09-11T04:59:28Z,232,21.0,8.0,21.0,13.0,62.3,12.049,75.42,31.0
2026-09-11T05:04:26Z,232,17.0,6.0,17.0,13.0,62.6,12.041,75.477,31.0
2026-09-11T05:09:27Z,232,6.0,3.0,6.0,13.0,62.1,11.913,75.34,31.0
2026-09-11T05:14:26Z,232,9.0,5.0,9.0,13.0,62.4,11.913,76.34,31.0
2026-09-11T05:19:27Z,232,5.0,2.0,5.0,13.0,62.8,12.014,75.321,31.0
2026-09-11T05:24:28Z,232,11.0,6.0,12.0,12.9,62.8,11.934,76.063,31.0
2026-09-11T05:29:27Z,232,17.0,8.0,17.0,12.9,63.0,12.028,76.158,31.0
2026-09-11T05:34:27Z,232,14.0,7.0,15.0,12.9,63.2,11.985,77.001,31.0
2026-09-11T05:39:27Z,232,8.0,6.0,8.0,12.9,62.5,11.862,75.689,31.0
2026-09-11T05:44:27Z,232,11.0,6.0,11.0,12.9,62.7,11.953,75.249,31.0
2026-09-11T05:49:27Z,232,17.0,7.0,18.0,12.9,62.9,12.057,75.54,31.0
2026-09-11T05:54:27Z,232,9.0,5.0,9.0,12.9,62.7,12.052,74.892,31.0
2026-09-11T05:59:27Z,232,8.0,5.0,9.0,12.9,62.7,12.121,74.684,31.0
2026-09-11T06:04:27Z,232,7.0,4.0,8.0,12.9,63.1,12.137,75.275,31.0
2026-09-11T06:09:27Z,232,8.0,4.0,9.0,13.0,63.0,12.19,75.22,31.0
2026-09-11T06:14:27Z,232,7.0,5.0,8.0,12.9,63.3,11.809,76.712,31.0
2026-09-11T06:19:27Z,232,8.0,4.0,8.0,12.9,63.3,11.995,76.109,31.0
2026-09-11T06:24:27Z,232,6.0,4.0,6.0,12.9,63.1,12.065,75.653,31.0
2026-09-11T06:29:27Z,232,6.0,3.0,8.0,12.9,62.6,12.012,74.509,31.0
2026-09-11T06:34:27Z,232,4.0,3.0,5.0,13.0,62.3,11.953,75.184,31.0
2026-09-11T06:39:27Z,232,4.0,2.0,4.0,12.9,62.8,11.977,75.548,31.0
2026-09-11T06:44:27Z,232,5.0,1.0,5.0,12.9,62.1,11.977,74.171,31.0
2026-09-11T06:49:27Z,232,3.0,2.0,3.0,12.9,61.7,11.785,73.49,31.0
2026-09-11T06:54:27Z,232,2.0,1.0,2.0,12.9,61.6,11.966,72.918,31.0
2026-09-11T06:59:27Z,232,1.0,0.0,1.0,12.9,61.8,11.982,73.757,31.0
2026-09-11T07:04:27Z,232,3.0,0.0,3.0,13.0,61.9,12.054,74.348,31.0
2026-09-11T07:09:27Z,232,4.0,2.0,5.0,12.9,62.5,12.038,74.968,31.0
2026-09-11T07:14:27Z,232,9.0,6.0,11.0,12.9,62.4,11.99,74.936,31.0
2026-09-11T07:19:27Z,232,6.0,2.0,6.0,12.9,63.0,12.022,75.701,31.0
2026-09-11T07:24:27Z,232,6.0,4.0,6.0,12.9,63.3,12.081,76.065,31.0
2026-09-11T07:29:27Z,232,16.0,8.0,16.0,13.0,63.1,12.057,75.558,31.0
2026-09-11T07:34:27Z,232,5.0,3.0,5.0,12.9,63.1,12.073,75.46,31.0
2026-09-11T07:39:27Z,232,4.0,2.0,4.0,12.9,63.1,11.993,75.733,31.0
2026-09-11T07:44:27Z,232,4.0,2.0,4.0,12.9,63.2,11.966,75.548,31.0
2026-09-11T07:49:27Z,232,3.0,1.0,4.0,12.9,63.0,11.939,75.64,31.0
2026-09-11T07:54:27Z,232,2.0,1.0,2.0,12.9,63.0,11.926,75.205,31.0
2026-09-11T07:59:27Z,232,7.0,3.0,7.0,12.9,63.9,11.926,76.898,31.0
2026-09-11T08:04:27Z,232,2.0,0.0,2.0,12.9,62.1,11.542,73.66,31.0
2026-09-11T08:09:27Z,232,0.0,0.0,0.0,12.8,61.1,11.365,73.654,31.0
2026-09-11T08:14:27Z,232,0.0,0.0,0.0,12.7,60.9,11.275,74.158,31.0
2026-09-11T08:19:27Z,232,0.0,0.0,0.0,12.7,60.3,11.315,72.91,31.0
2026-09-11T08:24:27Z,232,0.0,0.0,0.0,12.6,59.7,11.213,72.191,31.0
2026-09-11T08:29:27Z,232,0.0,0.0,0.0,12.6,59.9,11.048,71.815,31.0
2026-09-11T08:34:27Z,232,0.0,0.0,0.0,12.5,59.7,11.026,72.574,31.0
2026-09-11T08:39:27Z,232,0.0,0.0,0.0,12.5,59.3,10.829,71.956,31.0
2026-09-11T08:44:27Z,232,0.0,0.0,0.0,12.4,59.8,10.97,71.47,31.0
2026-09-11T08:49:27Z,232,0.0,0.0,0.0,12.4,59.3,10.943,71.97,31.0
2026-09-11T08:54:27Z,232,0.0,0.0,0.0,12.3,59.0,10.879,72.277,31.0
2026-09-11T08:59:27Z,232,0.0,0.0,0.0,12.3,58.9,10.644,71.911,31.0
2026-09-11T09:04:27Z,232,0.0,0.0,0.0,12.2,59.4,10.97,71.686,31.0
2026-09-11T09:09:27Z,232,0.0,0.0,0.0,12.2,59.1,10.85,71.586,31.0
2026-09-11T09:14:27Z,232,0.0,0.0,0.0,12.2,59.1,10.695,72.099,31.0
2026-09-11T09:19:28Z,232,0.0,0.0,0.0,12.2,59.2,10.786,71.93,31.0
2026-09-11T09:24:27Z,232,0.0,0.0,0.0,12.1,59.2,10.626,71.708,31.0
2026-09-11T09:29:27Z,232,0.0,0.0,0.0,12.0,59.6,10.647,72.418,31.0
2026-09-11T09:34:27Z,232,0.0,0.0,0.0,12.0,59.5,10.484,72.466,31.0
2026-09-11T09:39:27Z,232,0.0,0.0,0.0,11.9,60.2,10.441,72.944,31.0
2026-09-11T09:44:27Z,232,0.0,0.0,0.0,11.9,60.3,10.388,73.959,31.0
2026-09-11T09:49:27Z,232,0.0,0.0,0.0,11.8,60.7,10.361,73.797,31.0
2026-09-11T09:54:27Z,232,0.0,0.0,0.0,11.8,60.7,10.319,73.81,31.0
2026-09-11T09:59:27Z,232,0.0,0.0,0.0,11.7,60.9,10.246,74.505,31.0
2026-09-11T10:04:27Z,232,0.0,0.0,0.0,11.7,61.4,10.327,74.591,31.0
2026-09-11T10:09:28Z,232,0.0,0.0,0.0,11.7,61.5,10.118,74.419,31.0
2026-09-11T10:14:27Z,232,0.0,0.0,0.0,11.6,61.7,10.033,75.132,31.0
2026-09-11T10:19:27Z,232,0.0,0.0,0.0,11.6,61.8,9.958,75.468,31.0
2026-09-11T10:24:27Z,232,0.0,0.0,0.0,11.5,61.4,9.859,73.665,31.0
2026-09-11T10:29:27Z,232,0.0,0.0,0.0,11.4,60.7,9.822,73.273,31.0
2026-09-11T10:34:28Z,232,0.0,0.0,0.0,11.4,60.4,9.865,72.538,31.0
2026-09-11T10:39:27Z,232,0.0,0.0,0.0,11.3,60.5,9.918,72.33,31.0
2026-09-11T10:44:27Z,232,0.0,0.0,0.0,11.3,59.4,9.923,70.408,31.0
2026-09-11T10:49:27Z,232,0.0,0.0,0.0,11.3,59.0,10.118,68.62,31.0
2026-09-11T10:54:27Z,232,0.0,0.0,0.0,11.3,58.5,10.124,68.434,31.0
2026-09-11T10:59:28Z,232,0.0,0.0,0.0,11.4,57.9,10.262,67.898,31.0
2026-09-11T11:04:27Z,232,0.0,0.0,0.0,11.4,57.9,10.257,68.327,31.0
2026-09-11T11:09:28Z,232,0.0,0.0,0.0,11.5,57.8,10.38,67.724,31.0
2026-09-11T11:14:28Z,232,0.0,0.0,0.0,11.5,57.9,10.351,69.391,31.0
2026-09-11T11:19:27Z,232,0.0,0.0,0.0,11.6,57.1,10.292,67.295,31.0
2026-09-11T11:24:28Z,232,0.0,0.0,0.0,11.6,56.5,10.425,65.643,31.0
2026-09-11T11:29:27Z,232,0.0,0.0,0.0,11.6,55.7,10.537,64.47,31.0
2026-09-11T11:34:28Z,232,0.0,0.0,0.0,11.7,55.6,10.676,64.048,31.0
2026-09-11T11:39:28Z,232,0.0,0.0,0.0,11.7,55.3,10.594,63.526,31.0
2026-09-11T11:44:27Z,232,0.0,0.0,0.0,11.7,55.2,10.722,64.148,31.0
2026-09-11T11:49:28Z,232,0.0,0.0,0.0,11.8,55.0,10.62,63.396,31.0
2026-09-11T11:54:27Z,232,0.0,0.0,0.0,11.8,54.9,10.732,63.892,31.0
2026-09-11T11:59:27Z,232,0.0,0.0,0.0,11.9,54.6,10.813,62.969,31.0
2026-09-11T12:04:27Z,232,0.0,0.0,0.0,11.9,54.2,11.146,62.164,31.0
2026-09-11T12:09:27Z,232,0.0,0.0,0.0,12.0,54.1,10.959,62.626,31.0
2026-09-11T12:14:27Z,232,0.0,0.0,0.0,12.1,54.1,11.056,61.956,31.0
2026-09-11T12:19:27Z,232,0.0,0.0,0.0,12.1,53.9,11.488,61.43,31.0
2026-09-11T12:24:27Z,232,0.0,0.0,0.0,12.2,53.7,13.651,54.653,31.0
2026-09-11T12:29:28Z,232,0.0,0.0,0.0,12.4,53.4,14.631,52.196,31.0
2026-09-11T12:34:28Z,232,0.0,0.0,0.0,12.7,52.5,15.133,50.374,31.0
2026-09-11T12:39:28Z,232,0.0,0.0,0.0,13.1,52.0,15.918,48.549,31.0
2026-09-11T12:44:27Z,232,0.0,0.0,0.0,13.4,51.6,16.121,48.326,31.0
2026-09-11T12:49:27Z,232,0.0,0.0,0.0,13.8,51.2,17.082,47.199,31.0
2026-09-11T12:54:28Z,232,0.0,0.0,0.0,14.3,51.5,17.544,47.447,31.0
2026-09-11T12:59:27Z,232,0.0,0.0,0.0,14.6,50.3,15.531,50.689,31.0
2026-09-11T13:04:28Z,232,0.0,0.0,0.0,14.8,49.7,13.437,55.887,31.0
2026-09-11T13:09:27Z,232,0.0,0.0,0.0,14.8,49.9,13.16,58.122,31.0
2026-09-11T13:14:28Z,232,0.0,0.0,0.0,14.7,49.6,12.738,58.305,31.0
2026-09-11T13:19:28Z,232,0.0,0.0,0.0,14.6,49.4,12.682,58.635,31.0
2026-09-11T13:24:28Z,232,1.0,0.0,1.0,14.4,49.1,12.351,59.036,31.0
2026-09-11T13:29:28Z,232,0.0,0.0,0.0,14.3,49.7,12.97,57.708,31.0
2026-09-11T13:34:27Z,232,0.0,0.0,0.0,14.2,50.0,12.741,58.727,31.0
2026-09-11T13:39:28Z,232,0.0,0.0,1.0,14.2,50.1,13.365,57.308,31.0
2026-09-11T13:44:27Z,232,0.0,0.0,0.0,14.1,50.5,13.421,58.239,31.0
2026-09-11T13:49:28Z,232,0.0,0.0,0.0,14.2,49.6,13.181,56.581,31.0
2026-09-11T13:54:27Z,232,0.0,0.0,0.0,14.1,49.3,13.064,56.404,31.0
2026-09-11T13:59:28Z,232,2.0,1.0,2.0,14.2,49.8,13.448,56.982,31.0
2026-09-11T14:04:28Z,232,0.0,0.0,0.0,14.3,50.3,13.822,56.514,31.0
2026-09-11T14:09:27Z,232,0.0,0.0,0.0,14.3,49.7,13.905,55.225,31.0
2026-09-11T14:14:28Z,232,0.0,0.0,0.0,14.5,49.6,14.337,54.536,31.0
2026-09-11T14:19:27Z,232,1.0,0.0,1.0,14.7,49.1,14.439,53.457,31.0
2026-09-11T14:24:27Z,232,0.0,0.0,0.0,14.8,48.5,14.182,52.616,31.0
2026-09-11T14:29:28Z,232,5.0,1.0,5.0,14.9,47.8,14.012,53.266,31.0
2026-09-11T14:34:27Z,232,16.0,11.0,17.0,14.9,47.7,14.094,52.98,31.0
2026-09-11T14:39:28Z,232,0.0,0.0,0.0,14.9,47.0,14.42,52.091,31.0
2026-09-11T14:44:28Z,232,0.0,0.0,0.0,15.0,47.6,14.506,52.423,31.0
2026-09-11T14:49:28Z,232,0.0,0.0,0.0,15.1,47.3,14.719,51.969,31.0
2026-09-11T14:54:28Z,232,0.0,0.0,0.0,15.2,48.0,15.13,52.555,31.0
2026-09-11T14:59:28Z,232,0.0,0.0,1.0,15.4,47.6,15.4,52.104,31.0
2026-09-11T15:04:28Z,232,0.0,0.0,0.0,15.6,48.2,16.02,52.085,31.0
2026-09-11T15:09:28Z,232,0.0,0.0,0.0,15.7,46.7,15.208,53.121,31.0
2026-09-11T15:14:28Z,232,2.0,0.0,2.0,15.9,46.7,15.245,52.696,31.0
2026-09-11T15:19:28Z,232,3.0,1.0,3.0,16.0,46.6,15.32,51.967,31.0
2026-09-11T15:24:28Z,232,1.0,0.0,1.0,16.0,47.1,15.627,52.988,31.0
2026-09-11T15:29:27Z,232,1.0,0.0,1.0,16.1,48.2,15.964,55.196,31.0
2026-09-11T15:34:28Z,232,1.0,0.0,2.0,16.1,48.6,16.167,54.666,31.0
2026-09-11T15:39:28Z,232,3.0,0.0,3.0,16.3,48.0,15.787,54.824,31.0
2026-09-11T15:44:28Z,232,2.0,0.0,2.0,16.3,47.9,16.311,53.552,31.0
2026-09-11T15:49:28Z,232,0.0,0.0,0.0,16.5,47.7,16.81,51.536,31.0
2026-09-11T15:54:27Z,232,2.0,1.0,2.0,16.7,47.8,16.645,52.848,31.0
2026-09-11T15:59:28Z,232,1.0,0.0,1.0,16.8,46.9,16.26,53.026,31.0
2026-09-11T16:04:28Z,232,3.0,1.0,3.0,16.9,46.9,16.442,52.785,31.0
2026-09-11T16:09:28Z,232,0.0,0.0,0.0,17.0,45.0,17.056,47.731,31.0
2026-09-11T16:14:28Z,232,0.0,0.0,0.0,17.1,44.6,16.77,48.698,31.0
2026-09-11T16:19:28Z,232,2.0,0.0,2.0,17.2,44.1,16.786,47.468,31.0
2026-09-11T16:24:28Z,232,1.0,0.0,1.0,17.2,43.7,16.957,46.989,31.0
2026-09-11T16:29:28Z,232,1.0,0.0,2.0,17.2,43.6,16.957,47.693,31.0
2026-09-11T16:34:28Z,232,2.0,1.0,3.0,17.2,43.2,16.882,47.187,31.0
2026-09-11T16:39:28Z,232,2.0,1.0,2.0,17.2,43.1,16.783,46.907,31.0
2026-09-11T16:44:29Z,232,0.0,0.0,1.0,17.3,42.9,16.997,46.361,31.0
2026-09-11T16:49:28Z,232,1.0,0.0,1.0,17.4,42.0,17.253,45.331,31.0
2026-09-11T16:54:28Z,232,1.0,0.0,1.0,17.4,42.4,17.197,45.556,31.0
2026-09-11T16:59:28Z,232,3.0,2.0,4.0,17.5,42.2,17.069,46.697,31.0
2026-09-11T17:04:28Z,232,0.0,0.0,0.0,17.5,41.8,17.251,46.041,31.0
2026-09-11T17:09:28Z,232,0.0,0.0,0.0,17.6,42.0,17.822,44.484,31.0
2026-09-11T17:14:29Z,232,1.0,1.0,1.0,17.7,41.9,17.139,47.243,31.0
2026-09-11T17:19:28Z,232,0.0,0.0,0.0,17.7,41.5,17.435,45.154,31.0
2026-09-11T17:24:27Z,232,1.0,0.0,1.0,17.8,41.2,17.611,43.281,31.0
2026-09-11T17:29:28Z,232,3.0,2.0,3.0,17.8,41.3,17.905,43.546,31.0
2026-09-11T17:34:28Z,232,0.0,0.0,0.0,18.0,41.2,17.782,43.117,31.0
2026-09-11T17:39:28Z,232,0.0,0.0,1.0,18.1,40.9,18.028,43.493,31.0
2026-09-11T17:44:28Z,232,2.0,0.0,2.0,18.1,41.0,18.1,44.338,31.0
2026-09-11T17:49:28Z,232,0.0,0.0,1.0,18.2,40.4,17.277,44.584,31.0
2026-09-11T17:54:28Z,232,0.0,0.0,0.0,18.2,40.2,17.747,44.099,31.0
2026-09-11T17:59:28Z,232,2.0,1.0,2.0,18.2,40.3,18.041,43.8,31.0
2026-09-11T18:04:28Z,232,0.0,0.0,0.0,18.1,39.8,17.512,43.088,31.0
2026-09-11T18:09:28Z,232,0.0,0.0,0.0,18.1,39.7,17.43,43.519,31.0
2026-09-11T18:14:28Z,232,0.0,0.0,0.0,18.1,39.8,17.686,43.168,31.0
2026-09-11T18:19:28Z,232,0.0,0.0,0.0,18.0,40.1,17.483,44.62,31.0
2026-09-11T18:24:28Z,232,1.0,0.0,1.0,18.0,40.0,17.611,44.34,31.0
2026-09-11T18:29:28Z,232,0.0,0.0,0.0,18.0,39.8,17.649,43.542,31.0
2026-09-11T18:34:28Z,232,0.0,0.0,0.0,18.0,39.9,17.972,43.197,31.0
2026-09-11T18:39:28Z,232,0.0,0.0,0.0,18.0,39.5,17.571,43.54,31.0
2026-09-11T18:44:28Z,232,0.0,0.0,0.0,18.0,39.6,17.844,42.867,31.0
2026-09-11T18:49:28Z,232,0.0,0.0,0.0,18.0,39.9,18.03,43.834,31.0
2026-09-11T18:54:28Z,232,0.0,0.0,0.0,18.0,39.6,17.304,44.891,31.0
2026-09-11T18:59:28Z,232,0.0,0.0,0.0,18.0,40.1,17.558,45.251,31.0
2026-09-11T19:04:28Z,232,0.0,0.0,0.0,18.0,40.0,17.269,45.043,31.0
2026-09-11T19:09:28Z,232,0.0,0.0,0.0,18.0,40.2,17.35,45.398,31.0
2026-09-11T19:14:28Z,232,0.0,0.0,0.0,18.0,40.1,16.96,45.987,31.0
2026-09-11T19:19:29Z,232,0.0,0.0,0.0,17.9,40.5,16.928,46.75,31.0
2026-09-11T19:24:28Z,232,0.0,0.0,0.0,17.8,40.7,17.229,45.778,31.0
2026-09-11T19:29:28Z,232,0.0,0.0,0.0,17.7,41.6,17.657,46.693,31.0
2026-09-11T19:34:28Z,232,0.0,0.0,0.0,17.8,41.7,17.235,47.815,31.0
2026-09-11T19:39:28Z,232,0.0,0.0,0.0,17.7,41.8,16.904,48.206,31.0
2026-09-11T19:44:28Z,232,1.0,0.0,1.0,17.7,42.2,16.847,48.791,31.0
2026-09-11T19:49:28Z,232,0.0,0.0,1.0,17.6,41.9,16.853,48.076,31.0
2026-09-11T19:54:28Z,232,0.0,0.0,0.0,17.5,42.2,16.746,48.526,31.0
2026-09-11T19:59:28Z,232,2.0,0.0,2.0,17.4,42.6,17.002,48.604,31.0
2026-09-11T20:04:28Z,232,0.0,0.0,0.0,17.3,42.4,16.276,49.537,31.0
2026-09-11T20:09:28Z,232,1.0,0.0,1.0,17.2,42.7,16.337,50.106,31.0
2026-09-11T20:14:28Z,232,0.0,0.0,0.0,17.1,41.7,16.284,46.918,31.0
2026-09-11T20:19:28Z,232,3.0,1.0,3.0,16.9,42.5,16.017,49.343,31.0
2026-09-11T20:24:28Z,232,0.0,0.0,0.0,16.8,42.5,16.434,47.986,31.0
2026-09-11T20:29:28Z,232,2.0,0.0,4.0,16.8,43.4,16.337,50.306,31.0
2026-09-11T20:34:28Z,232,2.0,1.0,2.0,16.7,43.6,16.169,50.973,31.0
2026-09-11T20:39:28Z,232,1.0,0.0,1.0,16.6,43.9,16.073,51.82,31.0
2026-09-11T20:44:29Z,232,0.0,0.0,0.0,16.6,41.4,16.249,42.955,31.0
2026-09-11T20:49:28Z,232,0.0,0.0,0.0,16.5,40.8,16.388,44.013,31.0
2026-09-11T20:54:29Z,232,1.0,0.0,1.0,16.5,43.8,16.244,50.645,31.0
2026-09-11T20:59:29Z,232,0.0,0.0,0.0,16.5,42.0,16.407,45.286,31.0
2026-09-11T21:04:28Z,232,1.0,0.0,1.0,16.5,40.9,16.423,43.844,31.0
2026-09-11T21:09:29Z,232,0.0,0.0,0.0,16.5,41.5,16.359,45.331,31.0
2026-09-11T21:14:28Z,232,0.0,0.0,0.0,16.5,41.4,16.273,46.028,31.0
2026-09-11T21:19:28Z,232,0.0,0.0,0.0,16.5,42.2,16.172,47.91,31.0
2026-09-11T21:24:29Z,232,0.0,0.0,0.0,16.5,42.1,16.463,47.285,31.0
2026-09-11T21:29:28Z,232,0.0,0.0,1.0,16.5,41.3,16.41,43.928,31.0
2026-09-11T21:34:28Z,232,3.0,1.0,4.0,16.5,41.1,16.094,45.793,31.0
2026-09-11T21:39:28Z,232,2.0,0.0,2.0,16.5,41.5,15.769,47.435,31.0
2026-09-11T21:44:28Z,232,0.0,0.0,1.0,16.4,41.7,15.774,47.985,31.0
2026-09-11T21:49:28Z,232,0.0,0.0,0.0,16.3,42.1,15.328,49.119,31.0
2026-09-11T21:54:28Z,232,0.0,0.0,0.0,16.2,42.4,15.371,49.316,31.0
2026-09-11T21:59:28Z,232,3.0,1.0,3.0,16.1,43.2,15.2,50.439,31.0
2026-09-11T22:04:28Z,232,0.0,0.0,0.0,15.9,43.3,14.842,51.595,31.0
2026-09-11T22:09:28Z,232,1.0,0.0,1.0,15.8,43.5,14.677,51.475,31.0
2026-09-11T22:14:29Z,232,4.0,0.0,4.0,15.7,43.9,14.679,52.083,31.0
2026-09-11T22:19:29Z,232,3.0,0.0,3.0,15.5,44.2,14.556,52.539,31.0
2026-09-11T22:24:28Z,232,3.0,1.0,3.0,15.4,44.4,14.46,52.852,31.0
2026-09-11T22:29:29Z,232,0.0,0.0,1.0,15.3,44.5,14.482,52.375,31.0
2026-09-11T22:34:29Z,232,0.0,0.0,2.0,15.1,45.0,14.423,52.835,31.0
2026-09-11T22:39:29Z,232,2.0,0.0,2.0,15.1,45.0,14.223,53.306,31.0
2026-09-11T22:44:29Z,232,1.0,0.0,2.0,14.9,45.4,14.057,54.195,31.0
2026-09-11T22:49:28Z,232,0.0,0.0,0.0,14.8,45.7,14.004,54.288,31.0
2026-09-11T22:54:29Z,232,2.0,1.0,2.0,14.7,46.4,13.854,55.341,31.0
2026-09-11T22:59:29Z,232,6.0,4.0,7.0,14.6,46.5,13.854,55.345,31.0
2026-09-11T23:04:29Z,232,11.0,7.0,13.0,14.5,47.2,13.723,56.329,31.0
2026-09-11T23:09:28Z,232,6.0,4.0,6.0,14.4,47.4,13.616,56.327,31.0
2026-09-11T23:14:29Z,232,13.0,7.0,13.0,14.3,48.5,13.376,59.93,31.0
2026-09-11T23:19:28Z,232,6.0,3.0,6.0,14.2,48.4,13.269,58.105,31.0
2026-09-11T23:24:29Z,232,16.0,8.0,19.0,14.1,48.5,13.248,58.277,31.0
2026-09-11T23:29:29Z,232,23.0,14.0,23.0,14.0,48.8,13.117,58.973,31.0
2026-09-11T23:34:31Z,232,22.0,11.0,22.0,13.9,49.3,13.064,59.507,31.0
2026-09-11T23:39:29Z,232,33.0,22.0,36.0,13.7,49.8,12.914,60.638,31.0
2026-09-11T23:44:29Z,232,27.0,16.0,27.0,13.6,51.0,12.738,62.744,31.0
2026-09-11T23:49:29Z,232,27.0,18.0,27.0,13.5,50.8,12.511,63.289,31.0
2026-09-11T23:54:29Z,232,29.0,21.0,30.0,13.4,51.5,12.457,62.921,31.0
2026-09-11T23:59:29Z,232,32.0,23.0,36.0,13.3,52.1,12.297,64.153,31.0
2026-09-12T00:04:29Z,232,37.0,24.0,42.0,13.2,52.3,12.158,64.237,31.0
2026-09-12T00:09:29Z,232,46.0,30.0,58.0,13.1,52.4,11.982,64.932,31.0
2026-09-12T00:14:29Z,232,24.0,16.0,25.0,13.0,52.6,11.798,65.246,31.0
2026-09-12T00:19:29Z,232,35.0,23.0,38.0,12.8,53.0,11.606,65.729,31.0
2026-09-12T00:24:29Z,232,37.0,24.0,40.0,12.7,53.3,11.429,66.166,31.0
2026-09-12T00:29:29Z,232,35.0,24.0,39.0,12.6,53.6,11.226,66.436,31.0
2026-09-12T00:34:29Z,232,31.0,23.0,33.0,12.5,53.9,11.296,66.782,31.0
2026-09-12T00:39:29Z,232,39.0,24.0,45.0,12.4,54.2,11.202,67.23,31.0
2026-09-12T00:44:29Z,232,45.0,31.0,53.0,12.3,54.7,11.149,67.909,31.0
2026-09-12T00:49:29Z,232,44.0,30.0,54.0,12.3,54.5,11.096,67.304,31.0
2026-09-12T00:54:29Z,232,44.0,30.0,53.0,12.2,54.5,11.085,66.892,31.0
2026-09-12T00:59:28Z,232,50.0,32.0,60.0,12.1,55.0,10.93,67.697,31.0
2026-09-12T01:04:29Z,232,54.0,36.0,68.0,12.0,55.4,10.842,68.472,31.0
2026-09-12T01:09:28Z,232,45.0,30.0,53.0,12.0,54.3,10.97,65.345,31.0
2026-09-12T01:14:29Z,232,39.0,26.0,44.0,12.0,53.4,11.173,63.259,31.0
2026-09-12T01:19:29Z,232,38.0,26.0,42.0,11.9,52.3,11.232,61.359,31.0
2026-09-12T01:24:29Z,232,7.0,4.0,8.0,12.0,51.2,11.483,57.849,31.0
2026-09-12T01:29:29Z,232,6.0,2.0,8.0,12.0,50.7,11.571,57.712,31.0
2026-09-12T01:34:29Z,232,3.0,1.0,4.0,12.1,50.2,11.582,56.951,31.0
2026-09-12T01:39:29Z,232,4.0,1.0,4.0,12.2,50.0,11.635,57.016,31.0
2026-09-12T01:44:29Z,232,1.0,0.0,2.0,12.2,49.3,11.683,54.821,31.0
2026-09-12T01:49:29Z,232,0.0,0.0,0.0,12.3,48.7,11.977,53.93,31.0
2026-09-12T01:54:29Z,232,0.0,0.0,0.0,12.3,48.0,12.124,52.44,31.0
2026-09-12T01:59:29Z,232,0.0,0.0,0.0,12.5,47.8,12.214,51.931,31.0
2026-09-12T02:04:29Z,232,0.0,0.0,0.0,12.6,47.2,12.305,51.477,31.0
2026-09-12T02:09:29Z,232,0.0,0.0,1.0,12.7,46.9,12.263,51.441,31.0
2026-09-12T02:14:29Z,232,0.0,0.0,0.0,12.8,46.5,12.236,51.284,31.0
2026-09-12T02:19:29Z,232,0.0,0.0,0.0,12.8,45.7,12.292,50.399,31.0
2026-09-12T02:24:29Z,232,1.0,0.0,1.0,12.9,45.4,12.212,50.485,31.0
2026-09-12T02:29:29Z,232,0.0,0.0,0.0,12.9,44.9,12.217,49.066,31.0
2026-09-12T02:34:29Z,232,0.0,0.0,1.0,12.9,44.7,12.185,49.097,31.0
2026-09-12T02:39:29Z,232,1.0,0.0,1.0,12.9,44.1,12.105,48.583,31.0
2026-09-12T02:44:29Z,232,0.0,0.0,0.0,12.9,44.0,12.156,48.698,31.0
2026-09-12T02:49:29Z,232,0.0,0.0,0.0,12.9,44.1,12.049,49.461,31.0
2026-09-12T02:54:29Z,232,0.0,0.0,0.0,12.9,43.9,11.937,49.219,31.0
2026-09-12T02:59:29Z,232,0.0,0.0,0.0,12.9,44.0,11.862,49.636,31.0
2026-09-12T03:04:29Z,232,0.0,0.0,0.0,12.9,44.1,11.761,50.195,31.0
2026-09-12T03:09:29Z,232,1.0,0.0,2.0,12.8,44.2,11.582,51.092,31.0
2026-09-12T03:14:29Z,232,0.0,0.0,1.0,12.7,44.4,11.55,51.214,31.0
2026-09-12T03:19:29Z,232,0.0,0.0,0.0,12.6,44.5,11.421,51.046,31.0
2026-09-12T03:24:30Z,232,1.0,0.0,1.0,12.6,44.5,11.384,51.218,31.0
2026-09-12T03:29:29Z,232,1.0,0.0,1.0,12.6,44.3,11.363,50.857,31.0
2026-09-12T03:34:29Z,232,1.0,0.0,1.0,12.5,44.3,11.339,50.682,31.0
2026-09-12T03:39:29Z,232,0.0,0.0,0.0,12.5,43.9,11.226,49.934,31.0
2026-09-12T03:44:30Z,232,0.0,0.0,0.0,12.4,43.8,11.205,49.797,31.0
2026-09-12T03:49:30Z,232,0.0,0.0,0.0,12.3,43.2,11.253,48.767,31.0
2026-09-12T03:54:29Z,232,0.0,0.0,0.0,12.3,43.1,11.253,48.534,31.0
2026-09-12T03:59:29Z,232,0.0,0.0,0.0,12.3,42.9,11.293,47.832,31.0
2026-09-12T04:04:29Z,232,0.0,0.0,0.0,12.3,42.8,11.229,48.032,31.0
2026-09-12T04:09:29Z,232,0.0,0.0,0.0,12.3,42.7,11.122,48.355,31.0
2026-09-12T04:14:29Z,232,0.0,0.0,0.0,12.2,42.7,11.069,47.719,31.0
2026-09-12T04:19:29Z,232,0.0,0.0,0.0,12.2,42.2,11.101,47.532,31.0
2026-09-12T04:24:30Z,232,0.0,0.0,0.0,12.2,42.2,11.093,46.874,31.0
2026-09-12T04:29:29Z,232,0.0,0.0,0.0,12.2,42.0,11.093,46.834,31.0
2026-09-12T04:34:29Z,232,0.0,0.0,0.0,12.2,41.7,11.141,46.134,31.0
2026-09-12T04:39:29Z,232,0.0,0.0,0.0,12.2,41.5,11.13,46.07,31.0
2026-09-12T04:44:29Z,232,0.0,0.0,0.0,12.1,41.5,11.029,46.026,31.0
2026-09-12T04:49:29Z,232,0.0,0.0,0.0,12.1,41.4,11.064,45.944,31.0
2026-09-12T04:54:29Z,232,0.0,0.0,0.0,12.1,41.2,10.93,45.909,31.0
2026-09-12T04:59:29Z,232,2.0,1.0,2.0,12.1,41.1,10.946,46.005,31.0
2026-09-12T05:04:30Z,232,0.0,0.0,0.0,12.1,41.2,10.802,46.104,31.0
2026-09-12T05:09:29Z,232,1.0,0.0,1.0,12.0,41.1,10.813,45.919,31.0
2026-09-12T05:14:30Z,232,0.0,0.0,0.0,12.0,40.7,10.879,45.141,31.0
2026-09-12T05:19:29Z,232,0.0,0.0,0.0,12.0,40.7,10.869,44.607,31.0
2026-09-12T05:24:29Z,232,0.0,0.0,0.0,12.0,40.5,10.874,45.005,31.0
2026-09-12T05:29:29Z,232,0.0,0.0,0.0,12.0,40.5,10.772,45.123,31.0
2026-09-12T05:34:29Z,232,0.0,0.0,0.0,12.0,40.5,10.783,45.165,31.0
2026-09-12T05:39:29Z,232,0.0,0.0,0.0,12.0,40.4,10.7,44.809,31.0
2026-09-12T05:44:30Z,232,0.0,0.0,0.0,12.0,40.1,10.813,44.465,31.0
2026-09-12T05:49:29Z,232,0.0,0.0,0.0,11.9,40.0,10.813,44.032,31.0
2026-09-12T05:54:30Z,232,0.0,0.0,0.0,11.9,39.8,10.845,43.55,31.0
2026-09-12T05:59:29Z,232,0.0,0.0,0.0,11.9,40.0,10.759,44.502,31.0
2026-09-12T06:04:30Z,232,0.0,0.0,0.0,11.9,39.7,10.772,43.775,31.0
2026-09-12T06:09:30Z,232,0.0,0.0,0.0,11.9,39.7,10.837,43.599,31.0
2026-09-12T06:14:29Z,232,0.0,0.0,0.0,11.9,39.6,10.831,43.34,31.0
2026-09-12T06:19:30Z,232,0.0,0.0,0.0,12.0,39.3,10.895,42.92,31.0
2026-09-12T06:24:30Z,232,0.0,0.0,0.0,11.9,39.0,10.933,42.217,31.0
2026-09-12T06:29:30Z,232,0.0,0.0,1.0,12.0,38.9,11.048,41.826,31.0
2026-09-12T06:34:30Z,232,0.0,0.0,0.0,11.9,38.8,10.973,41.961,31.0
2026-09-12T06:39:29Z,232,0.0,0.0,0.0,11.9,38.5,10.909,42.02,31.0
2026-09-12T06:44:30Z,232,0.0,0.0,0.0,12.0,38.7,10.861,42.386,31.0
2026-09-12T06:49:30Z,232,0.0,0.0,0.0,12.0,38.7,10.823,42.466,31.0
2026-09-12T06:54:30Z,232,0.0,0.0,0.0,11.9,38.6,10.847,41.957,31.0
2026-09-12T06:59:29Z,232,0.0,0.0,0.0,12.0,38.4,10.847,41.906,31.0
2026-09-12T07:04:30Z,232,0.0,0.0,0.0,11.9,38.6,10.74,42.259,31.0
2026-09-12T07:09:30Z,232,3.0,1.0,3.0,11.9,38.4,10.735,42.295,31.0
2026-09-12T07:14:29Z,232,0.0,0.0,0.0,11.9,38.5,10.735,41.875,31.0
2026-09-12T07:19:30Z,232,0.0,0.0,0.0,11.9,38.4,10.684,41.951,31.0
2026-09-12T07:24:30Z,232,0.0,0.0,0.0,11.9,37.9,10.754,41.377,31.0
2026-09-12T07:29:30Z,232,0.0,0.0,0.0,11.8,37.9,10.69,41.662,31.0
2026-09-12T07:34:30Z,232,0.0,0.0,0.0,11.8,38.1,10.722,41.551,31.0
2026-09-12T07:39:30Z,232,0.0,0.0,0.0,11.9,38.1,10.668,41.736,31.0
2026-09-12T07:44:30Z,232,0.0,0.0,0.0,11.9,38.1,10.425,42.405,31.0
2026-09-12T07:49:30Z,232,0.0,0.0,0.0,11.9,37.8,10.607,41.82,31.0
2026-09-12T07:54:30Z,232,0.0,0.0,0.0,11.8,37.9,10.58,42.163,31.0
2026-09-12T07:59:30Z,232,0.0,0.0,0.0,11.8,38.4,10.5,42.671,31.0
2026-09-12T08:04:30Z,232,0.0,0.0,0.0,11.8,38.4,10.351,42.991,31.0
2026-09-12T08:09:30Z,232,0.0,0.0,0.0,11.7,38.5,10.214,43.586,31.0
2026-09-12T08:14:30Z,232,0.0,0.0,0.0,11.7,38.6,10.311,43.25,31.0
2026-09-12T08:19:30Z,232,0.0,0.0,0.0,11.7,38.6,10.3,42.819,31.0
2026-09-12T08:24:30Z,232,0.0,0.0,0.0,11.6,38.8,10.252,43.395,31.0
2026-09-12T08:29:29Z,232,0.0,0.0,0.0,11.6,38.8,10.177,43.578,31.0
2026-09-12T08:34:30Z,232,0.0,0.0,0.0,11.5,38.8,10.217,43.84,31.0
2026-09-12T08:39:30Z,232,0.0,0.0,0.0,11.5,38.9,10.148,43.865,31.0
2026-09-12T08:44:30Z,232,0.0,0.0,0.0,11.5,39.0,10.084,43.765,31.0
2026-09-12T08:49:30Z,232,0.0,0.0,0.0,11.5,39.1,10.105,43.506,31.0
2026-09-12T08:54:30Z,232,0.0,0.0,0.0,11.4,38.9,10.121,43.537,31.0
2026-09-12T08:59:30Z,232,0.0,0.0,0.0,11.4,39.0,10.15,43.346,31.0
2026-09-12T09:04:30Z,232,0.0,0.0,0.0,11.3,38.9,10.124,43.424,31.0
2026-09-12T09:09:30Z,232,0.0,0.0,0.0,11.4,39.0,10.15,43.432,31.0
2026-09-12T09:14:30Z,232,0.0,0.0,0.0,11.3,38.9,10.161,42.787,31.0
2026-09-12T09:19:30Z,232,0.0,0.0,0.0,11.4,39.1,10.07,43.517,31.0
2026-09-12T09:24:30Z,232,0.0,0.0,0.0,11.4,38.9,10.121,43.392,31.0
2026-09-12T09:29:30Z,232,0.0,0.0,0.0,11.3,38.8,10.121,43.107,31.0
2026-09-12T09:34:30Z,232,0.0,0.0,0.0,11.3,38.9,10.121,42.859,31.0
2026-09-12T09:39:30Z,232,0.0,0.0,0.0,11.3,38.8,10.068,43.351,31.0
2026-09-12T09:44:30Z,232,0.0,0.0,0.0,11.3,38.7,10.132,42.777,31.0
2026-09-12T09:49:30Z,232,0.0,0.0,0.0,11.3,38.7,10.097,43.006,31.0
2026-09-12T09:54:30Z,232,0.0,0.0,0.0,11.4,38.7,10.097,43.096,31.0
2026-09-12T09:59:30Z,232,0.0,0.0,0.0,11.3,38.7,10.038,43.187,31.0
2026-09-12T10:04:30Z,232,0.0,0.0,0.0,11.3,38.8,9.958,43.794,31.0
2026-09-12T10:09:30Z,232,0.0,0.0,0.0,11.3,38.6,10.043,42.829,31.0
2026-09-12T10:14:30Z,232,0.0,0.0,0.0,11.3,38.6,10.121,42.548,31.0
2026-09-12T10:19:30Z,232,0.0,0.0,0.0,11.3,38.6,10.121,43.05,31.0
2026-09-12T10:24:30Z,232,0.0,0.0,0.0,11.4,38.5,10.174,42.741,31.0
2026-09-12T10:29:30Z,232,0.0,0.0,0.0,11.4,38.5,10.148,42.987,31.0
2026-09-12T10:34:30Z,232,0.0,0.0,0.0,11.4,38.5,10.142,42.545,31.0
2026-09-12T10:39:30Z,232,0.0,0.0,0.0,11.4,38.0,10.278,41.921,31.0
2026-09-12T10:44:30Z,232,0.0,0.0,0.0,11.4,38.0,10.353,41.303,31.0
2026-09-12T10:49:30Z,232,0.0,0.0,0.0,11.5,37.8,10.428,41.353,31.0
2026-09-12T10:54:30Z,232,0.0,0.0,0.0,11.5,37.5,10.455,41.032,31.0
2026-09-12T10:59:30Z,232,0.0,0.0,0.0,11.5,37.5,10.503,40.832,31.0
2026-09-12T11:04:30Z,232,0.0,0.0,0.0,11.6,37.4,10.57,40.378,31.0
2026-09-12T11:09:30Z,232,0.0,0.0,0.0,11.5,37.1,10.554,40.706,31.0
2026-09-12T11:14:30Z,232,0.0,0.0,0.0,11.6,37.1,10.612,40.412,31.0
2026-09-12T11:19:30Z,232,0.0,0.0,0.0,11.6,37.1,10.676,40.393,31.0
2026-09-12T11:24:30Z,232,0.0,0.0,0.0,11.6,37.0,10.65,40.433,31.0
2026-09-12T11:29:30Z,232,0.0,0.0,0.0,11.7,36.9,10.679,40.241,31.0
2026-09-12T11:34:30Z,232,0.0,0.0,0.0,11.7,37.0,11.213,39.644,31.0
2026-09-12T11:39:30Z,232,0.0,0.0,0.0,11.8,36.7,12.052,37.816,31.0
2026-09-12T11:44:30Z,232,0.0,0.0,0.0,12.0,36.4,12.628,36.523,31.0
2026-09-12T11:49:30Z,232,0.0,0.0,0.0,12.2,36.2,13.04,35.445,31.0
2026-09-12T11:54:30Z,232,0.0,0.0,0.0,12.4,35.8,13.197,35.297,31.0
2026-09-12T11:59:31Z,232,0.0,0.0,0.0,12.6,35.7,13.427,34.827,31.0
2026-09-12T12:04:30Z,232,0.0,0.0,0.0,12.8,35.4,13.961,33.864,31.0
2026-09-12T12:09:30Z,232,0.0,0.0,0.0,13.0,34.9,13.624,34.246,31.0
2026-09-12T12:14:30Z,232,0.0,0.0,0.0,13.2,34.9,13.972,33.738,31.0
2026-09-12T12:19:30Z,232,0.0,0.0,0.0,13.3,34.6,13.873,34.221,31.0
2026-09-12T12:24:31Z,232,0.0,0.0,0.0,13.5,34.5,14.076,33.975,31.0
2026-09-12T12:29:30Z,232,0.0,0.0,0.0,13.6,34.6,15.042,33.012,31.0
2026-09-12T12:34:30Z,232,0.0,0.0,0.0,13.8,34.5,14.647,33.101,31.0
2026-09-12T12:39:30Z,232,0.0,0.0,0.0,14.1,34.1,14.946,33.128,31.0
2026-09-12T12:44:30Z,232,0.0,0.0,0.0,14.2,34.4,15.088,33.01,31.0
2026-09-12T12:49:30Z,232,0.0,0.0,0.0,14.3,34.0,14.682,33.508,31.0
2026-09-12T12:54:30Z,232,0.0,0.0,0.0,14.4,34.0,15.088,33.258,31.0
2026-09-12T12:59:30Z,232,0.0,0.0,0.0,14.5,33.9,14.132,34.557,31.0
2026-09-12T13:04:30Z,232,0.0,0.0,0.0,14.4,33.7,12.813,36.521,31.0
2026-09-12T13:09:30Z,232,0.0,0.0,0.0,14.3,33.6,12.687,37.086,31.0
2026-09-12T13:14:31Z,232,0.0,0.0,0.0,14.2,33.8,12.73,37.063,31.0
2026-09-12T13:19:30Z,232,0.0,0.0,0.0,14.2,34.0,13.093,36.79,31.0
2026-09-12T13:24:30Z,232,0.0,0.0,0.0,14.1,33.8,12.869,36.571,31.0
2026-09-12T13:29:30Z,232,0.0,0.0,0.0,14.0,34.0,13.034,36.901,31.0
2026-09-12T13:34:31Z,232,0.0,0.0,0.0,14.0,34.1,13.016,36.929,31.0
2026-09-12T13:39:30Z,232,0.0,0.0,0.0,14.0,34.3,13.235,36.853,31.0
2026-09-12T13:44:30Z,232,0.0,0.0,0.0,14.0,34.3,13.138,36.935,31.0
2026-09-12T13:49:30Z,232,0.0,0.0,0.0,14.0,34.6,13.363,37.416,31.0
2026-09-12T13:54:31Z,232,0.0,0.0,0.0,14.0,34.5,13.331,37.423,31.0
2026-09-12T13:59:30Z,232,0.0,0.0,0.0,14.1,35.0,13.616,37.868,31.0
2026-09-12T14:04:30Z,232,0.0,0.0,0.0,14.1,34.9,13.558,38.032,31.0
2026-09-12T14:09:31Z,232,0.0,0.0,0.0,14.1,35.0,13.59,38.253,31.0
2026-09-12T14:14:30Z,232,0.0,0.0,0.0,14.2,35.1,13.91,38.079,31.0
2026-09-12T14:19:30Z,232,0.0,0.0,0.0,14.3,35.0,14.006,37.242,31.0
2026-09-12T14:24:30Z,232,0.0,0.0,0.0,14.4,35.1,14.126,37.643,31.0
2026-09-12T14:29:30Z,232,0.0,0.0,0.0,14.5,35.0,14.228,37.252,31.0
2026-09-12T14:34:30Z,232,0.0,0.0,0.0,14.6,34.7,14.431,36.405,31.0
2026-09-12T14:39:31Z,232,0.0,0.0,0.0,14.7,34.7,14.794,35.915,31.0
2026-09-12T14:44:31Z,232,0.0,0.0,0.0,14.8,34.8,15.002,35.955,31.0
2026-09-12T14:49:30Z,232,0.0,0.0,0.0,15.0,34.9,15.363,36.22,31.0
2026-09-12T14:54:30Z,232,0.0,0.0,0.0,15.2,34.7,15.293,35.524,31.0
2026-09-12T14:59:30Z,232,0.0,0.0,0.0,15.3,34.5,15.582,35.039,31.0
2026-09-12T15:04:31Z,232,0.0,0.0,0.0,15.5,34.5,15.582,35.115,31.0
2026-09-12T15:09:30Z,232,0.0,0.0,0.0,15.6,34.2,15.902,34.982,31.0
2026-09-12T15:14:31Z,232,0.0,0.0,0.0,15.7,34.0,15.98,34.896,31.0
2026-09-12T15:19:31Z,232,0.0,0.0,0.0,15.9,34.4,16.209,35.457,31.0
2026-09-12T15:24:31Z,232,0.0,0.0,0.0,16.0,33.6,16.241,34.435,31.0
2026-09-12T15:29:30Z,232,0.0,0.0,0.0,16.1,33.4,16.337,34.095,31.0
2026-09-12T15:34:31Z,232,0.0,0.0,0.0,16.2,33.5,16.594,34.08,31.0
2026-09-12T15:39:31Z,232,0.0,0.0,0.0,16.3,33.3,16.735,34.385,31.0
2026-09-12T15:44:31Z,232,0.0,0.0,0.0,16.5,33.3,17.269,34.038,31.0
2026-09-12T15:49:31Z,232,0.0,0.0,0.0,16.6,33.3,17.499,33.576,31.0
2026-09-12T15:54:31Z,232,0.0,0.0,0.0,16.8,32.7,17.189,32.592,31.0
2026-09-12T15:59:31Z,232,0.0,0.0,0.0,16.9,32.4,17.205,32.972,31.0
2026-09-12T16:04:30Z,232,0.0,0.0,0.0,17.0,32.2,17.272,33.162,31.0
2026-09-12T16:09:30Z,232,2.0,0.0,3.0,17.1,32.2,17.667,31.921,31.0
2026-09-12T16:14:31Z,232,0.0,0.0,0.0,17.2,31.9,17.502,31.81,31.0
2026-09-12T16:19:30Z,232,0.0,0.0,0.0,17.2,31.8,17.817,31.644,31.0
2026-09-12T16:24:31Z,232,0.0,0.0,0.0,17.4,31.9,17.988,31.446,31.0
2026-09-12T16:29:31Z,232,0.0,0.0,0.0,17.5,31.6,18.354,30.584,31.0
2026-09-12T16:34:31Z,232,0.0,0.0,0.0,17.6,31.6,18.322,31.127,31.0
2026-09-12T16:39:31Z,232,0.0,0.0,0.0,17.7,31.1,18.268,30.555,31.0
2026-09-12T16:44:31Z,232,0.0,0.0,0.0,17.9,30.9,18.621,30.166,31.0
2026-09-12T16:49:30Z,232,0.0,0.0,0.0,18.0,31.2,18.93,30.913,31.0
2026-09-12T16:54:31Z,232,0.0,0.0,0.0,18.1,31.2,18.89,30.776,31.0
2026-09-12T16:59:31Z,232,0.0,0.0,0.0,18.2,31.0,19.195,30.891,31.0
2026-09-12T17:04:31Z,232,0.0,0.0,0.0,18.3,30.4,19.083,29.91,31.0
2026-09-12T17:09:31Z,232,0.0,0.0,0.0,18.5,31.0,19.248,31.209,31.0
2026-09-12T17:14:31Z,232,0.0,0.0,0.0,18.6,31.1,19.456,30.919,31.0
2026-09-12T17:19:31Z,232,0.0,0.0,0.0,18.7,30.5,19.336,29.939,31.0
2026-09-12T17:24:31Z,232,0.0,0.0,0.0,18.7,30.6,19.427,30.675,31.0
2026-09-12T17:29:31Z,232,0.0,0.0,0.0,18.8,30.5,19.347,30.728,31.0
2026-09-12T17:34:31Z,232,0.0,0.0,0.0,18.8,30.7,19.582,30.893,31.0
2026-09-12T17:39:31Z,232,0.0,0.0,0.0,18.9,30.3,19.683,30.099,31.0
2026-09-12T17:44:31Z,232,0.0,0.0,0.0,18.9,29.9,19.456,29.744,31.0
2026-09-12T17:49:31Z,232,0.0,0.0,0.0,19.0,29.9,19.793,29.645,31.0
2026-09-12T17:54:31Z,232,0.0,0.0,0.0,19.1,30.3,19.932,30.316,31.0
2026-09-12T17:59:31Z,232,0.0,0.0,0.0,19.1,29.6,19.82,29.344,31.0
2026-09-12T18:04:31Z,232,0.0,0.0,0.0,19.1,29.9,19.75,30.36,31.0
2026-09-12T18:09:31Z,232,0.0,0.0,0.0,19.2,30.1,19.977,30.261,31.0
2026-09-12T18:14:31Z,232,0.0,0.0,0.0,19.3,30.0,19.956,30.154,31.0
2026-09-12T18:19:31Z,232,0.0,0.0,0.0,19.3,30.3,20.191,30.465,31.0
2026-09-12T18:24:31Z,232,0.0,0.0,0.0,19.3,30.2,19.988,30.805,31.0
2026-09-12T18:29:31Z,232,0.0,0.0,0.0,19.4,30.0,19.95,30.896,31.0
2026-09-12T18:34:31Z,232,0.0,0.0,0.0,19.4,30.7,20.364,31.36,31.0
2026-09-12T18:39:31Z,232,0.0,0.0,0.0,19.4,30.3,20.29,30.513,31.0
2026-09-12T18:44:31Z,232,0.0,0.0,0.0,19.5,30.4,20.444,30.885,31.0
2026-09-12T18:49:30Z,232,0.0,0.0,0.0,19.6,30.3,20.3,30.648,31.0
2026-09-12T18:54:31Z,232,0.0,0.0,0.0,19.6,30.3,20.45,31.32,31.0
2026-09-12T18:59:31Z,232,0.0,0.0,0.0,19.6,30.5,20.447,30.99,31.0
2026-09-12T19:04:31Z,232,0.0,0.0,0.0,19.7,30.5,20.426,31.158,31.0
2026-09-12T19:09:31Z,232,0.0,0.0,0.0,19.7,30.5,20.33,31.495,31.0
2026-09-12T19:14:31Z,232,0.0,0.0,0.0,19.7,30.7,20.431,31.648,31.0
2026-09-12T19:19:31Z,232,0.0,0.0,0.0,19.7,31.1,20.559,32.06,31.0
2026-09-12T19:24:31Z,232,0.0,0.0,0.0,19.8,31.1,20.711,32.14,31.0
2026-09-12T19:29:31Z,232,0.0,0.0,0.0,19.8,30.8,20.845,31.764,31.0
2026-09-12T19:34:32Z,232,0.0,0.0,0.0,19.9,30.7,20.658,31.194,31.0
2026-09-12T19:39:31Z,232,0.0,0.0,0.0,19.9,30.4,20.455,30.992,31.0
2026-09-12T19:44:31Z,232,0.0,0.0,0.0,19.9,30.7,21.021,31.377,31.0
2026-09-12T19:49:31Z,232,0.0,0.0,0.0,20.0,31.0,20.896,31.633,31.0
2026-09-12T19:54:31Z,232,0.0,0.0,0.0,20.0,30.6,20.81,30.799,31.0
2026-09-12T19:59:31Z,232,0.0,0.0,0.0,20.0,29.9,20.554,30.574,31.0
2026-09-12T20:04:32Z,232,0.0,0.0,0.0,20.0,30.2,20.906,30.736,31.0
2026-09-12T20:09:31Z,232,0.0,0.0,0.0,20.0,30.5,20.829,31.682,31.0
2026-09-12T20:14:31Z,232,0.0,0.0,0.0,20.1,30.7,21.053,31.703,31.0
2026-09-12T20:19:32Z,232,0.0,0.0,0.0,20.1,30.8,20.962,32.037,31.0
2026-09-12T20:24:31Z,232,0.0,0.0,0.0,20.1,30.7,20.898,32.424,31.0
2026-09-12T20:29:31Z,232,0.0,0.0,0.0,20.2,30.6,21.045,31.799,31.0
2026-09-12T20:34:31Z,232,0.0,0.0,0.0,20.2,30.8,21.168,31.724,31.0
2026-09-12T20:39:31Z,232,0.0,0.0,0.0,20.2,30.5,21.12,31.226,31.0
2026-09-12T20:44:31Z,232,0.0,0.0,0.0,20.3,30.3,21.147,31.291,31.0
2026-09-12T20:49:31Z,232,0.0,0.0,0.0,20.2,30.5,20.965,32.085,31.0
2026-09-12T20:54:31Z,232,0.0,0.0,0.0,20.2,30.4,21.197,31.613,31.0
2026-09-12T20:59:31Z,232,0.0,0.0,0.0,20.3,30.5,20.914,32.127,31.0
2026-09-12T21:04:31Z,232,0.0,0.0,0.0,20.2,30.4,21.155,31.19,31.0
2026-09-12T21:09:31Z,232,0.0,0.0,0.0,20.3,30.5,21.267,31.432,31.0
2026-09-12T21:14:31Z,232,0.0,0.0,0.0,20.3,30.6,21.31,31.535,31.0
2026-09-12T21:19:31Z,232,0.0,0.0,0.0,20.3,30.4,21.056,31.398,31.0
2026-09-12T21:24:32Z,232,0.0,0.0,0.0,20.2,30.4,21.141,31.545,31.0
2026-09-12T21:29:31Z,232,1.0,0.0,1.0,20.3,30.8,21.04,32.458,31.0
2026-09-12T21:34:31Z,232,0.0,0.0,0.0,20.2,30.8,20.986,32.678,31.0
2026-09-12T21:39:31Z,232,2.0,0.0,2.0,20.2,31.9,20.938,36.767,31.0
2026-09-12T21:44:32Z,232,0.0,0.0,0.0,20.1,33.9,20.135,40.168,31.0
2026-09-12T21:49:31Z,232,0.0,0.0,0.0,20.0,35.7,19.472,44.729,31.0
2026-09-12T21:54:31Z,232,0.0,0.0,1.0,19.8,37.1,19.045,46.604,31.0
2026-09-12T21:59:31Z,232,1.0,0.0,2.0,19.5,37.4,18.853,46.426,31.0
2026-09-12T22:04:32Z,232,4.0,1.0,4.0,19.3,37.4,18.917,45.39,31.0
2026-09-12T22:09:31Z,232,7.0,4.0,8.0,19.1,37.4,18.984,44.412,31.0
2026-09-12T22:14:32Z,232,11.0,5.0,11.0,18.9,37.7,18.631,45.959,31.0
2026-09-12T22:19:32Z,232,4.0,2.0,4.0,18.8,37.6,18.487,44.347,31.0
2026-09-12T22:24:31Z,232,7.0,4.0,7.0,18.6,37.4,18.407,43.773,31.0
2026-09-12T22:29:31Z,232,13.0,6.0,14.0,18.5,37.3,18.354,43.702,31.0
2026-09-12T22:34:31Z,232,6.0,3.0,6.0,18.3,37.6,18.116,44.305,31.0
2026-09-12T22:39:31Z,232,8.0,4.0,9.0,18.1,38.0,18.062,44.721,31.0
2026-09-12T22:44:32Z,232,6.0,3.0,7.0,18.0,38.8,17.833,46.38,31.0
2026-09-12T22:49:31Z,232,18.0,11.0,19.0,17.9,39.3,17.678,47.565,31.0
2026-09-12T22:54:31Z,232,14.0,6.0,17.0,17.7,37.7,17.475,42.259,31.0
2026-09-12T22:59:31Z,232,8.0,4.0,8.0,17.6,38.4,17.221,45.404,31.0
2026-09-12T23:04:31Z,232,2.0,1.0,2.0,17.4,37.2,17.115,39.329,31.0
2026-09-12T23:09:31Z,232,0.0,0.0,2.0,17.3,34.1,17.707,35.02,31.0
2026-09-12T23:14:31Z,232,1.0,0.0,2.0,17.2,33.7,17.584,34.826,31.0
2026-09-12T23:19:32Z,232,4.0,0.0,4.0,17.2,33.8,17.456,35.583,31.0
2026-09-12T23:24:31Z,232,12.0,6.0,12.0,17.1,35.2,17.165,40.206,31.0
2026-09-12T23:29:31Z,232,2.0,1.0,4.0,17.0,35.1,16.845,38.476,31.0
2026-09-12T23:34:31Z,232,3.0,2.0,4.0,16.9,35.3,16.69,40.046,31.0
2026-09-12T23:39:31Z,232,39.0,26.0,45.0,16.8,36.4,16.524,43.142,31.0
2026-09-12T23:44:31Z,232,25.0,15.0,25.0,16.7,35.8,16.439,41.103,31.0
2026-09-12T23:49:31Z,232,27.0,18.0,28.0,16.6,35.9,16.34,41.677,31.0
2026-09-12T23:54:32Z,232,8.0,4.0,8.0,16.4,34.8,16.495,38.371,31.0
2026-09-12T23:59:31Z,232,9.0,6.0,9.0,16.4,34.7,16.452,37.986,31.0
2026-09-13T00:04:31Z,232,5.0,3.0,5.0,16.3,35.5,16.26,40.239,31.0
2026-09-13T00:09:32Z,232,6.0,3.0,7.0,16.2,36.6,15.849,41.089,31.0
2026-09-13T00:14:32Z,232,11.0,5.0,11.0,16.0,36.0,15.825,39.899,31.0
2026-09-13T00:19:32Z,232,6.0,2.0,6.0,16.0,35.1,15.921,38.484,31.0
2026-09-13T00:24:31Z,232,11.0,4.0,12.0,15.9,35.4,15.894,38.835,31.0
2026-09-13T00:29:32Z,232,5.0,1.0,5.0,15.8,34.7,16.044,37.563,31.0
2026-09-13T00:34:31Z,232,3.0,2.0,3.0,15.8,34.9,15.91,37.116,31.0
2026-09-13T00:39:31Z,232,11.0,5.0,11.0,15.7,36.0,15.555,41.988,31.0
2026-09-13T00:44:31Z,232,5.0,2.0,5.0,15.7,35.1,15.592,38.265,31.0
2026-09-13T00:49:32Z,232,3.0,0.0,3.0,15.6,34.5,15.608,36.267,31.0
2026-09-13T00:54:32Z,232,0.0,0.0,0.0,15.6,34.0,15.48,35.388,31.0
2026-09-13T00:59:31Z,232,2.0,0.0,2.0,15.5,33.9,15.486,35.758,31.0
2026-09-13T01:04:32Z,232,2.0,0.0,2.0,15.5,33.7,15.371,36.229,31.0
2026-09-13T01:09:32Z,232,2.0,0.0,3.0,15.4,33.5,15.408,35.69,31.0
2026-09-13T01:14:32Z,232,0.0,0.0,0.0,15.4,33.2,15.392,34.736,31.0
2026-09-13T01:19:31Z,232,0.0,0.0,0.0,15.4,33.1,15.253,35.11,31.0
2026-09-13T01:24:32Z,232,0.0,0.0,0.0,15.3,32.9,15.307,34.036,31.0
2026-09-13T01:29:32Z,232,0.0,0.0,0.0,15.3,32.5,15.347,33.672,31.0
2026-09-13T01:34:32Z,232,1.0,0.0,1.0,15.3,32.5,15.192,34.864,31.0
2026-09-13T01:39:31Z,232,0.0,0.0,0.0,15.2,33.2,14.871,35.806,31.0
2026-09-13T01:44:32Z,232,0.0,0.0,0.0,15.2,32.8,14.941,34.372,31.0
2026-09-13T01:49:32Z,232,0.0,0.0,0.0,15.1,32.3,14.984,33.618,31.0
2026-09-13T01:54:31Z,232,0.0,0.0,0.0,15.1,32.0,15.04,33.267,31.0
2026-09-13T01:59:32Z,232,0.0,0.0,0.0,15.1,32.0,15.237,33.115,31.0
2026-09-13T02:04:32Z,232,0.0,0.0,0.0,15.1,31.9,15.221,32.727,31.0
2026-09-13T02:09:32Z,232,0.0,0.0,0.0,15.1,31.7,15.307,32.037,31.0
2026-09-13T02:14:32Z,232,0.0,0.0,0.0,15.2,31.6,15.253,32.436,31.0
2026-09-13T02:19:32Z,232,0.0,0.0,0.0,15.2,31.6,15.309,32.178,31.0
2026-09-13T02:24:32Z,232,0.0,0.0,0.0,15.2,31.4,15.341,32.02,31.0
2026-09-13T02:29:32Z,232,0.0,0.0,0.0,15.2,31.3,15.422,32.094,31.0
2026-09-13T02:34:32Z,232,0.0,0.0,0.0,15.3,31.1,15.427,31.587,31.0
2026-09-13T02:39:32Z,232,0.0,0.0,0.0,15.3,30.7,15.459,31.446,31.0
2026-09-13T02:44:32Z,232,0.0,0.0,0.0,15.4,30.8,15.371,31.865,31.0
2026-09-13T02:49:32Z,232,0.0,0.0,0.0,15.4,31.0,15.339,32.153,31.0
2026-09-13T02:54:32Z,232,0.0,0.0,0.0,15.4,30.9,15.168,32.5,31.0
2026-09-13T02:59:32Z,232,0.0,0.0,0.0,15.4,30.8,15.152,32.491,31.0
2026-09-13T03:04:31Z,232,0.0,0.0,0.0,15.4,30.8,15.13,32.413,31.0
2026-09-13T03:09:31Z,232,0.0,0.0,0.0,15.4,30.7,15.074,32.178,31.0
2026-09-13T03:14:32Z,232,0.0,0.0,0.0,15.4,30.9,15.074,32.34,31.0
2026-09-13T03:19:31Z,232,0.0,0.0,0.0,15.4,30.9,14.936,32.691,31.0
2026-09-13T03:24:32Z,232,0.0,0.0,0.0,15.3,30.8,14.85,32.621,31.0
2026-09-13T03:29:32Z,232,0.0,0.0,0.0,15.3,30.9,14.749,32.584,31.0
2026-09-13T03:34:45Z,232,0.0,0.0,0.0,15.2,30.7,14.677,32.42,31.0
2026-09-13T03:39:32Z,232,0.0,0.0,0.0,15.1,30.9,14.663,32.781,31.0
2026-09-13T03:44:32Z,232,0.0,0.0,0.0,15.1,30.7,14.626,32.067,31.0
2026-09-13T03:49:31Z,232,0.0,0.0,0.0,15.1,30.7,14.532,32.508,31.0
2026-09-13T03:54:32Z,232,0.0,0.0,0.0,15.0,30.2,14.66,31.261,31.0
2026-09-13T03:59:32Z,232,0.0,0.0,0.0,15.0,30.1,14.783,31.066,31.0
2026-09-13T04:04:33Z,232,0.0,0.0,0.0,15.0,30.4,14.591,31.181,31.0
2026-09-13T04:09:32Z,232,0.0,0.0,0.0,14.9,30.0,14.652,30.835,31.0
2026-09-13T04:14:32Z,232,0.0,0.0,0.0,14.9,30.0,14.647,30.763,31.0
2026-09-13T04:19:32Z,232,0.0,0.0,0.0,14.9,29.7,14.674,30.5,31.0
2026-09-13T04:24:32Z,232,0.0,0.0,0.0,14.9,29.6,14.813,30.177,31.0
2026-09-13T04:29:32Z,232,0.0,0.0,0.0,14.9,29.2,14.93,29.439,31.0
2026-09-13T04:34:32Z,232,0.0,0.0,0.0,14.9,28.9,15.12,28.585,31.0
2026-09-13T04:39:32Z,232,0.0,0.0,0.0,15.0,28.9,15.168,28.497,31.0
2026-09-13T04:44:32Z,232,0.0,0.0,0.0,15.0,28.7,15.205,28.234,31.0
2026-09-13T04:49:32Z,232,0.0,0.0,0.0,15.1,28.8,15.136,28.594,31.0
2026-09-13T04:54:32Z,232,0.0,0.0,0.0,15.2,28.6,15.061,28.482,31.0
2026-09-13T04:59:32Z,232,0.0,0.0,0.0,15.2,28.6,15.016,28.522,31.0
2026-09-13T05:04:32Z,232,0.0,0.0,0.0,15.2,28.3,15.053,28.178,31.0
2026-09-13T05:09:32Z,232,0.0,0.0,0.0,15.2,28.1,15.149,28.064,31.0
2026-09-13T05:14:32Z,232,0.0,0.0,0.0,15.2,28.3,15.09,28.331,31.0
2026-09-13T05:19:32Z,232,0.0,0.0,0.0,15.2,28.1,15.101,28.38,31.0
2026-09-13T05:24:32Z,232,0.0,0.0,0.0,15.3,28.4,14.976,28.689,31.0
2026-09-13T05:29:32Z,232,0.0,0.0,0.0,15.2,28.4,14.799,29.296,31.0
2026-09-13T05:34:32Z,232,0.0,0.0,0.0,15.2,28.4,14.506,29.891,31.0
2026-09-13T05:39:32Z,232,0.0,0.0,0.0,15.1,28.4,14.506,29.38,31.0
2026-09-13T05:44:33Z,232,0.0,0.0,0.0,15.0,28.6,14.522,29.811,31.0
2026-09-13T05:49:32Z,232,0.0,0.0,0.0,15.0,28.7,14.434,29.773,31.0
2026-09-13T05:54:32Z,232,0.0,0.0,0.0,14.9,28.6,14.375,29.452,31.0
2026-09-13T05:59:32Z,232,0.0,0.0,0.0,14.9,28.7,14.369,29.874,31.0
2026-09-13T06:04:32Z,232,0.0,0.0,0.0,14.9,28.8,14.305,29.836,31.0
2026-09-13T06:09:32Z,232,0.0,0.0,0.0,14.9,28.8,14.204,29.904,31.0
2026-09-13T06:14:32Z,232,0.0,0.0,0.0,14.8,28.7,14.169,29.853,31.0
2026-09-13T06:19:32Z,232,0.0,0.0,0.0,14.7,28.7,14.11,30.229,31.0
2026-09-13T06:24:33Z,232,0.0,0.0,0.0,14.7,29.2,13.918,31.169,31.0
2026-09-13T06:29:32Z,232,0.0,0.0,0.0,14.6,29.2,13.614,31.6,31.0
2026-09-13T06:34:32Z,232,0.0,0.0,0.0,14.5,29.5,13.491,31.911,31.0
2026-09-13T06:39:32Z,232,0.0,0.0,0.0,14.3,29.6,13.243,32.178,31.0
2026-09-13T06:44:33Z,232,0.0,0.0,0.0,14.2,29.5,13.248,31.823,31.0
2026-09-13T06:49:32Z,232,0.0,0.0,0.0,14.1,29.7,13.221,31.758,31.0
2026-09-13T06:54:32Z,232,0.0,0.0,0.0,14.0,29.5,13.253,31.688,31.0
2026-09-13T06:59:32Z,232,0.0,0.0,0.0,13.9,29.7,13.275,31.596,31.0
2026-09-13T07:04:32Z,232,0.0,0.0,0.0,13.9,29.8,13.32,31.869,31.0
2026-09-13T07:09:32Z,232,0.0,0.0,0.0,13.9,29.8,13.106,31.581,31.0
2026-09-13T07:14:32Z,232,0.0,0.0,0.0,13.8,29.7,13.144,31.251,31.0
2026-09-13T07:19:32Z,232,0.0,0.0,0.0,13.7,29.9,13.101,32.497,31.0
2026-09-13T07:24:32Z,232,0.0,0.0,0.0,13.7,30.2,12.898,33.172,31.0
2026-09-13T07:29:33Z,232,0.0,0.0,0.0,13.6,30.0,12.847,32.144,31.0
2026-09-13T07:34:32Z,232,0.0,0.0,0.0,13.6,30.1,12.778,32.51,31.0
2026-09-13T07:39:32Z,232,0.0,0.0,0.0,13.5,30.2,12.687,32.684,31.0
2026-09-13T07:44:32Z,232,0.0,0.0,0.0,13.4,30.0,12.773,31.942,31.0
2026-09-13T07:49:32Z,232,0.0,0.0,0.0,13.4,30.1,12.719,32.521,31.0
2026-09-13T07:54:33Z,232,0.0,0.0,0.0,13.4,30.1,12.716,32.432,31.0
2026-09-13T07:59:32Z,232,0.0,0.0,0.0,13.3,30.7,12.498,34.085,31.0
2026-09-13T08:04:32Z,232,0.0,0.0,0.0,13.3,31.1,12.327,34.997,31.0
2026-09-13T08:09:32Z,232,0.0,0.0,0.0,13.2,31.2,11.974,34.572,31.0
2026-09-13T08:14:32Z,232,0.0,0.0,0.0,13.1,31.2,11.862,35.278,31.0
2026-09-13T08:19:32Z,232,0.0,0.0,0.0,13.0,31.2,11.646,35.623,31.0
2026-09-13T08:24:32Z,232,0.0,0.0,0.0,12.9,31.6,11.523,35.888,31.0
2026-09-13T08:29:33Z,232,0.0,0.0,0.0,12.8,31.5,11.608,35.064,31.0
2026-09-13T08:34:32Z,232,0.0,0.0,0.0,12.7,31.3,11.534,35.306,31.0
2026-09-13T08:39:32Z,232,0.0,0.0,0.0,12.6,31.6,11.25,36.067,31.0
2026-09-13T08:44:32Z,232,0.0,0.0,0.0,12.5,31.7,11.312,35.686,31.0
2026-09-13T08:49:32Z,232,0.0,0.0,0.0,12.4,31.9,11.307,35.644,31.0
2026-09-13T08:54:32Z,232,0.0,0.0,0.0,12.4,31.7,11.317,35.497,31.0
2026-09-13T08:59:33Z,232,0.0,0.0,0.0,12.4,31.6,11.36,35.117,31.0
2026-09-13T09:04:32Z,232,0.0,0.0,0.0,12.4,31.4,11.451,34.652,31.0
2026-09-13T09:09:33Z,232,0.0,0.0,0.0,12.3,31.5,11.448,34.637,31.0
2026-09-13T09:14:33Z,232,0.0,0.0,0.0,12.3,31.4,11.523,34.095,31.0
2026-09-13T09:19:32Z,232,0.0,0.0,0.0,12.4,31.3,11.683,33.99,31.0
2026-09-13T09:24:32Z,232,0.0,0.0,0.0,12.4,31.3,11.555,33.765,31.0
2026-09-13T09:29:32Z,232,0.0,0.0,0.0,12.4,31.2,11.539,34.03,31.0
2026-09-13T09:34:32Z,232,0.0,0.0,0.0,12.4,31.3,11.552,33.668,31.0
2026-09-13T09:39:32Z,232,0.0,0.0,0.0,12.5,31.2,11.67,33.567,31.0
2026-09-13T09:44:33Z,232,0.0,0.0,0.0,12.4,31.2,11.638,33.611,31.0
2026-09-13T09:49:32Z,232,0.0,0.0,0.0,12.4,31.1,11.472,33.977,31.0
2026-09-13T09:54:33Z,232,0.0,0.0,0.0,12.4,31.0,11.493,33.471,31.0
2026-09-13T09:59:33Z,232,0.0,0.0,0.0,12.4,31.0,11.341,33.963,31.0
2026-09-13T10:04:33Z,232,0.0,0.0,0.0,12.3,32.4,11.037,37.0,31.0
2026-09-13T10:09:32Z,232,0.0,0.0,0.0,12.3,31.6,10.999,34.877,31.0
2026-09-13T10:14:33Z,232,0.0,0.0,0.0,12.2,31.5,10.877,35.63,31.0
2026-09-13T10:19:33Z,232,0.0,0.0,0.0,12.1,31.5,11.01,35.339,31.0
2026-09-13T10:24:33Z,232,1.0,0.0,1.0,12.0,32.5,10.58,39.689,31.0
2026-09-13T10:29:32Z,232,0.0,0.0,0.0,11.9,32.5,10.5,35.979,31.0
2026-09-13T10:34:33Z,232,0.0,0.0,0.0,11.8,32.1,10.65,35.762,31.0
2026-09-13T10:39:33Z,232,0.0,0.0,0.0,11.7,31.8,10.58,34.923,31.0
2026-09-13T10:44:33Z,232,0.0,0.0,0.0,11.7,32.1,10.473,36.189,31.0
2026-09-13T10:49:33Z,232,0.0,0.0,0.0,11.6,33.0,10.225,38.055,31.0
2026-09-13T10:54:32Z,232,1.0,0.0,1.0,11.5,33.9,9.926,39.857,31.0
2026-09-13T10:59:33Z,232,25.0,14.0,27.0,11.4,34.2,9.878,40.454,31.0
2026-09-13T11:04:32Z,232,5.0,3.0,5.0,11.4,34.4,9.771,41.389,31.0
2026-09-13T11:09:33Z,232,0.0,0.0,0.0,11.3,34.6,9.632,42.064,31.0
2026-09-13T11:14:33Z,232,5.0,0.0,6.0,11.2,36.0,9.357,46.699,31.0
2026-09-13T11:19:32Z,232,12.0,5.0,15.0,11.1,37.3,8.946,48.189,31.0
2026-09-13T11:24:33Z,232,13.0,5.0,13.0,10.9,35.9,9.25,43.161,31.0
2026-09-13T11:29:33Z,232,9.0,3.0,10.0,10.9,36.4,9.16,42.663,31.0
2026-09-13T11:34:32Z,232,5.0,0.0,5.0,10.9,36.2,11.809,39.148,31.0
2026-09-13T11:39:33Z,232,5.0,0.0,7.0,11.0,35.6,14.289,33.088,31.0
2026-09-13T11:44:33Z,232,14.0,5.0,16.0,11.3,36.4,15.256,33.532,31.0
2026-09-13T11:49:33Z,232,22.0,12.0,22.0,11.8,35.2,16.922,29.195,31.0
2026-09-13T11:54:32Z,232,4.0,0.0,4.0,12.4,34.7,18.46,27.356,31.0
2026-09-13T11:59:33Z,232,0.0,0.0,0.0,13.0,32.9,18.818,24.27,31.0
2026-09-13T12:04:33Z,232,0.0,0.0,0.0,13.8,31.8,19.424,23.931,31.0
2026-09-13T12:09:33Z,232,0.0,0.0,0.0,14.5,31.0,19.483,23.965,31.0
2026-09-13T12:14:33Z,232,0.0,0.0,0.0,15.0,30.7,20.188,23.16,31.0
2026-09-13T12:19:33Z,232,1.0,1.0,1.0,15.6,29.9,21.39,22.376,31.0
2026-09-13T12:24:33Z,232,0.0,0.0,0.0,16.2,29.4,21.459,22.33,31.0
2026-09-13T12:29:33Z,232,0.0,0.0,1.0,16.7,28.8,20.703,22.861,31.0
2026-09-13T12:34:33Z,232,0.0,0.0,0.0,17.2,28.4,22.14,21.308,31.0
2026-09-13T12:39:33Z,232,0.0,0.0,0.0,17.6,27.8,20.762,22.119,31.0
2026-09-13T12:44:33Z,232,0.0,0.0,0.0,17.8,27.3,19.753,23.137,31.0
2026-09-13T12:49:33Z,232,0.0,0.0,0.0,18.0,27.1,19.438,23.957,31.0
2026-09-13T12:54:33Z,232,0.0,0.0,0.0,18.0,27.0,19.697,23.583,31.0
2026-09-13T12:59:33Z,232,0.0,0.0,0.0,18.0,26.9,19.974,23.755,31.0
2026-09-13T13:04:33Z,232,0.0,0.0,0.0,18.1,26.9,17.363,26.486,31.0
2026-09-13T13:09:33Z,232,0.0,0.0,0.0,18.0,26.9,17.229,27.061,31.0
2026-09-13T13:14:33Z,232,0.0,0.0,0.0,17.8,27.0,16.236,28.504,31.0
2026-09-13T13:19:33Z,232,0.0,0.0,0.0,17.6,27.1,16.351,28.628,31.0
2026-09-13T13:24:33Z,232,0.0,0.0,0.0,17.4,27.5,16.11,28.949,31.0
2026-09-13T13:29:33Z,232,0.0,0.0,0.0,17.3,27.1,16.239,28.583,31.0
2026-09-13T13:34:33Z,232,0.0,0.0,0.0,17.1,27.6,16.516,28.43,31.0
2026-09-13T13:39:33Z,232,0.0,0.0,2.0,17.1,28.1,16.49,30.152,31.0
2026-09-13T13:44:33Z,232,0.0,0.0,0.0,17.0,28.7,16.626,30.379,31.0
2026-09-13T13:49:33Z,232,1.0,0.0,3.0,17.0,29.2,16.033,33.183,31.0
2026-09-13T13:54:33Z,232,2.0,0.0,2.0,16.9,29.8,16.161,33.977,31.0
2026-09-13T13:59:33Z,232,3.0,0.0,3.0,16.9,30.3,16.428,33.725,31.0
2026-09-13T14:04:33Z,232,1.0,1.0,1.0,16.8,29.9,16.61,30.669,31.0
2026-09-13T14:09:33Z,232,0.0,0.0,0.0,16.8,29.2,16.735,31.264,31.0
2026-09-13T14:14:33Z,232,3.0,1.0,3.0,16.9,30.3,16.992,33.435,31.0
2026-09-13T14:19:33Z,232,2.0,0.0,2.0,16.9,30.4,17.446,31.999,31.0
2026-09-13T14:24:33Z,232,0.0,0.0,0.0,17.1,30.0,17.702,29.325,31.0
2026-09-13T14:29:33Z,232,1.0,0.0,1.0,17.3,28.9,18.151,27.833,31.0
2026-09-13T14:34:33Z,232,3.0,1.0,3.0,17.5,29.2,18.281,29.38,31.0
2026-09-13T14:39:33Z,232,5.0,2.0,5.0,17.7,29.4,18.281,30.751,31.0
2026-09-13T14:44:33Z,232,3.0,1.0,3.0,17.9,30.4,18.436,31.617,31.0
2026-09-13T14:49:33Z,232,1.0,1.0,1.0,18.0,30.8,18.265,33.664,31.0
2026-09-13T14:54:33Z,232,2.0,0.0,2.0,18.1,31.1,18.036,35.533,31.0
2026-09-13T14:59:33Z,232,2.0,0.0,3.0,18.3,32.1,18.53,36.123,31.0
2026-09-13T15:04:33Z,232,4.0,2.0,5.0,18.4,33.1,18.348,38.944,31.0
2026-09-13T15:09:33Z,232,4.0,2.0,4.0,18.5,34.2,18.663,39.995,31.0
2026-09-13T15:14:33Z,232,8.0,5.0,8.0,18.6,33.7,18.856,38.329,31.0
2026-09-13T15:19:33Z,232,6.0,3.0,6.0,18.7,34.0,19.059,38.751,31.0
2026-09-13T15:24:33Z,232,4.0,3.0,4.0,18.8,34.3,19.195,38.696,31.0
2026-09-13T15:29:33Z,232,4.0,1.0,5.0,19.0,34.3,19.109,39.508,31.0
2026-09-13T15:34:33Z,232,4.0,2.0,4.0,19.0,34.0,19.499,38.072,31.0
2026-09-13T15:39:33Z,232,4.0,0.0,4.0,19.1,33.4,19.152,38.419,31.0
2026-09-13T15:44:33Z,232,4.0,2.0,4.0,19.2,34.3,19.248,39.14,31.0
2026-09-13T15:49:33Z,232,5.0,3.0,5.0,19.2,33.8,19.512,38.228,31.0
2026-09-13T15:54:33Z,232,3.0,0.0,3.0,19.2,34.2,19.406,39.045,31.0
2026-09-13T15:59:33Z,232,3.0,2.0,4.0,19.2,34.5,19.79,38.928,31.0
2026-09-13T16:04:33Z,232,2.0,0.0,2.0,19.2,34.6,19.523,39.304,31.0
2026-09-13T16:09:33Z,232,4.0,1.0,4.0,19.3,34.6,19.678,38.997,31.0
2026-09-13T16:14:33Z,232,4.0,1.0,4.0,19.3,35.1,19.574,40.798,31.0
2026-09-13T16:19:33Z,232,4.0,3.0,4.0,19.3,34.3,19.435,38.375,31.0
2026-09-13T16:24:33Z,232,5.0,3.0,5.0,19.3,33.7,19.691,36.987,31.0
2026-09-13T16:29:33Z,232,4.0,2.0,4.0,19.3,33.4,19.35,37.122,31.0
2026-09-13T16:34:34Z,232,3.0,1.0,3.0,19.3,33.0,19.782,36.052,31.0
2026-09-13T16:39:33Z,232,3.0,2.0,3.0,19.3,34.7,19.721,39.855,31.0
2026-09-13T16:44:33Z,232,5.0,2.0,5.0,19.3,33.7,19.694,37.21,31.0
2026-09-13T16:49:33Z,232,4.0,2.0,4.0,19.3,33.3,19.107,37.191,31.0
2026-09-13T16:54:33Z,232,4.0,2.0,4.0,19.2,33.0,19.229,36.721,31.0
2026-09-13T16:59:33Z,232,3.0,1.0,3.0,19.2,32.7,19.315,36.037,31.0
2026-09-13T17:04:34Z,232,7.0,4.0,8.0,19.1,33.3,19.563,37.221,31.0
2026-09-13T17:09:34Z,232,3.0,2.0,3.0,19.1,33.0,19.649,35.819,31.0
2026-09-13T17:14:34Z,232,7.0,4.0,7.0,19.1,33.9,19.467,39.012,31.0
2026-09-13T17:19:33Z,232,4.0,2.0,4.0,19.1,34.7,19.729,39.71,31.0
2026-09-13T17:24:34Z,232,22.0,17.0,23.0,19.1,33.9,19.734,37.891,31.0
2026-09-13T17:29:34Z,232,3.0,1.0,3.0,19.2,34.9,19.924,39.777,31.0
2026-09-13T17:34:33Z,232,1.0,0.0,2.0,19.2,33.8,19.566,38.106,31.0
2026-09-13T17:39:34Z,232,1.0,0.0,2.0,19.3,34.3,19.545,38.018,31.0
2026-09-13T17:44:34Z,232,1.0,0.0,1.0,19.2,34.0,19.721,37.652,31.0
2026-09-13T17:49:34Z,232,1.0,0.0,1.0,19.2,33.1,19.731,35.482,31.0
2026-09-13T17:54:34Z,232,0.0,0.0,0.0,19.3,33.2,19.857,35.987,31.0
2026-09-13T17:59:34Z,232,1.0,0.0,1.0,19.2,34.0,19.884,38.03,31.0
2026-09-13T18:04:34Z,232,0.0,0.0,0.0,19.3,33.9,20.135,37.164,31.0
2026-09-13T18:09:34Z,232,0.0,0.0,0.0,19.3,33.4,20.097,35.705,31.0
2026-09-13T18:14:33Z,232,1.0,0.0,2.0,19.4,32.9,20.311,35.167,31.0
2026-09-13T18:19:34Z,232,0.0,0.0,0.0,19.5,33.2,20.533,35.154,31.0
2026-09-13T18:24:34Z,232,0.0,0.0,0.0,19.6,32.9,20.26,35.23,31.0
2026-09-13T18:29:34Z,232,0.0,0.0,0.0,19.6,32.5,20.746,34.316,31.0
2026-09-13T18:34:34Z,232,1.0,0.0,1.0,19.8,32.6,20.773,34.997,31.0
2026-09-13T18:39:34Z,232,0.0,0.0,0.0,19.8,32.8,20.484,35.928,31.0
2026-09-13T18:44:34Z,232,0.0,0.0,0.0,19.9,33.2,20.274,37.721,31.0
2026-09-13T18:49:33Z,232,1.0,0.0,1.0,19.9,33.7,20.444,38.154,31.0
2026-09-13T18:54:33Z,232,0.0,0.0,0.0,20.0,34.5,20.519,38.831,31.0
2026-09-13T18:59:34Z,232,0.0,0.0,0.0,20.0,33.8,20.428,38.232,31.0
2026-09-13T19:04:34Z,232,0.0,0.0,0.0,20.0,33.9,20.284,38.476,31.0
2026-09-13T19:09:34Z,232,1.0,0.0,1.0,20.0,34.3,20.367,39.726,31.0
2026-09-13T19:14:34Z,232,0.0,0.0,0.0,20.0,34.1,20.543,38.139,31.0
2026-09-13T19:19:34Z,232,0.0,0.0,0.0,20.1,34.2,20.992,37.658,31.0
2026-09-13T19:24:34Z,232,0.0,0.0,0.0,20.2,33.6,20.944,36.418,31.0
2026-09-13T19:29:34Z,232,0.0,0.0,0.0,20.3,33.0,20.714,36.594,31.0
2026-09-13T19:34:34Z,232,0.0,0.0,0.0,20.3,33.9,20.973,38.173,31.0
2026-09-13T19:39:33Z,232,0.0,0.0,0.0,20.4,34.1,20.674,38.764,31.0
2026-09-13T19:44:34Z,232,2.0,0.0,2.0,20.4,34.6,20.306,40.454,31.0
2026-09-13T19:49:34Z,232,0.0,0.0,0.0,20.3,34.0,20.247,39.594,31.0
2026-09-13T19:54:34Z,232,0.0,0.0,0.0,20.2,35.3,19.755,43.916,31.0
2026-09-13T19:59:34Z,232,0.0,0.0,0.0,20.0,36.6,19.091,46.314,31.0
2026-09-13T20:04:34Z,232,0.0,0.0,0.0,19.9,38.2,19.112,48.631,31.0
2026-09-13T20:09:34Z,232,0.0,0.0,0.0,19.6,38.0,18.941,47.519,31.0
2026-09-13T20:14:34Z,232,0.0,0.0,0.0,19.5,38.5,18.968,47.447,31.0
2026-09-13T20:19:34Z,232,1.0,0.0,2.0,19.4,39.5,19.272,48.316,31.0
2026-09-13T20:24:34Z,232,0.0,0.0,1.0,19.2,39.8,18.901,48.555,31.0
2026-09-13T20:29:33Z,232,1.0,0.0,1.0,19.1,38.4,19.088,44.797,31.0
2026-09-13T20:34:34Z,232,0.0,0.0,0.0,19.1,37.5,19.141,43.121,31.0
2026-09-13T20:39:34Z,232,0.0,0.0,0.0,19.1,36.2,19.12,40.706,31.0
2026-09-13T20:44:36Z,232,0.0,0.0,0.0,19.1,35.1,18.906,39.808,31.0
2026-09-13T20:49:34Z,232,7.0,5.0,7.0,19.0,35.1,18.791,39.609,31.0
2026-09-13T20:54:33Z,232,1.0,0.0,2.0,18.9,36.3,19.107,42.297,31.0
2026-09-13T20:59:34Z,232,0.0,0.0,0.0,18.9,35.5,18.754,40.059,31.0
2026-09-13T21:04:34Z,232,1.0,0.0,1.0,18.8,35.0,18.808,39.459,31.0
2026-09-13T21:09:34Z,232,0.0,0.0,0.0,18.8,35.9,18.682,42.198,31.0
2026-09-13T21:14:34Z,232,1.0,0.0,2.0,18.7,36.5,18.885,42.846,31.0
2026-09-13T21:19:34Z,232,0.0,0.0,0.0,18.7,36.7,18.661,43.041,31.0
2026-09-13T21:24:34Z,232,0.0,0.0,0.0,18.6,37.3,18.634,44.082,31.0
2026-09-13T21:29:34Z,232,0.0,0.0,0.0,18.6,37.8,18.522,45.089,31.0
2026-09-13T21:34:34Z,232,0.0,0.0,0.0,18.5,40.2,18.151,51.275,31.0
2026-09-13T21:39:34Z,232,5.0,0.0,5.0,18.4,42.2,17.985,54.252,31.0
2026-09-13T21:44:34Z,232,4.0,1.0,4.0,18.3,42.6,17.985,53.396,31.0
2026-09-13T21:49:34Z,232,3.0,1.0,4.0,18.2,42.3,17.99,52.171,31.0
2026-09-13T21:54:34Z,232,5.0,1.0,5.0,18.1,42.3,17.958,51.761,31.0
2026-09-13T21:59:34Z,232,13.0,5.0,16.0,18.1,42.2,17.86,51.62,31.0
2026-09-13T22:04:34Z,232,7.0,4.0,8.0,18.0,42.6,17.822,51.633,31.0
2026-09-13T22:09:34Z,232,7.0,1.0,8.0,17.9,42.6,17.758,52.017,31.0
2026-09-13T22:14:34Z,232,12.0,5.0,13.0,17.8,42.9,17.603,52.268,31.0
2026-09-13T22:19:34Z,232,19.0,9.0,20.0,17.7,42.9,17.502,51.565,31.0
2026-09-13T22:24:34Z,232,24.0,13.0,26.0,17.6,43.1,17.403,52.919,31.0
2026-09-13T22:29:34Z,232,23.0,11.0,23.0,17.5,43.6,17.259,53.541,31.0
2026-09-13T22:34:34Z,232,8.0,4.0,10.0,17.4,43.4,17.082,52.68,31.0
2026-09-13T22:39:34Z,232,3.0,1.0,4.0,17.3,45.0,16.703,56.753,31.0
2026-09-13T22:44:34Z,232,4.0,1.0,4.0,17.2,44.8,16.682,56.377,31.0
2026-09-13T22:49:34Z,232,5.0,2.0,5.0,17.0,45.3,16.455,57.107,31.0
2026-09-13T22:54:34Z,232,32.0,21.0,36.0,16.9,45.7,16.241,57.535,31.0
2026-09-13T22:59:34Z,232,24.0,17.0,25.0,16.7,46.0,16.006,58.456,31.0
2026-09-13T23:04:34Z,232,26.0,18.0,28.0,16.5,46.5,15.841,58.414,31.0
2026-09-13T23:09:34Z,232,19.0,9.0,20.0,16.3,46.5,15.681,58.647,31.0
2026-09-13T23:14:34Z,232,19.0,9.0,19.0,16.1,46.8,15.512,58.435,31.0
2026-09-13T23:19:34Z,232,28.0,20.0,29.0,16.0,48.1,15.08,61.853,31.0
2026-09-13T23:24:35Z,232,45.0,29.0,55.0,15.8,47.8,15.053,60.051,31.0
2026-09-13T23:29:34Z,232,32.0,23.0,35.0,15.7,48.0,14.978,60.365,31.0
2026-09-13T23:34:34Z,232,25.0,17.0,27.0,15.5,48.1,14.607,60.428,31.0
2026-09-13T23:39:34Z,232,17.0,8.0,20.0,15.3,48.0,14.506,60.157,31.0
2026-09-13T23:44:35Z,232,32.0,20.0,34.0,15.2,48.6,14.377,61.035,31.0
2026-09-13T23:49:34Z,232,32.0,23.0,36.0,15.1,48.9,14.287,61.599,31.0
2026-09-13T23:54:34Z,232,53.0,34.0,65.0,15.0,49.5,14.094,63.055,31.0
2026-09-13T23:59:34Z,232,55.0,36.0,68.0,14.8,49.8,14.028,62.738,31.0
2026-09-14T00:04:34Z,232,35.0,24.0,40.0,14.7,49.7,13.558,63.278,31.0
2026-09-14T00:09:34Z,232,25.0,17.0,28.0,14.6,49.6,13.328,63.284,31.0
2026-09-14T00:14:34Z,232,20.0,9.0,22.0,14.5,49.7,13.376,63.396,31.0
2026-09-14T00:19:34Z,232,17.0,7.0,17.0,14.4,49.7,13.243,62.935,31.0
2026-09-14T00:24:35Z,232,7.0,4.0,8.0,14.2,49.6,12.941,63.528,31.0
2026-09-14T00:29:35Z,232,55.0,36.0,67.0,14.1,49.9,13.32,62.13,31.0
2026-09-14T00:34:35Z,232,48.0,31.0,58.0,14.0,50.1,13.053,62.761,31.0
2026-09-14T00:39:34Z,232,71.0,43.0,78.0,13.9,50.7,13.224,63.232,31.0
2026-09-14T00:44:35Z,232,68.0,44.0,76.0,13.9,51.2,13.213,63.598,31.0
2026-09-14T00:49:34Z,232,73.0,45.0,80.0,13.8,51.5,13.178,64.129,31.0
2026-09-14T00:54:34Z,232,60.0,37.0,72.0,13.8,51.5,13.109,63.528,31.0
2026-09-14T00:59:35Z,232,49.0,31.0,58.0,13.7,51.0,12.927,63.322,31.0
2026-09-14T01:04:35Z,232,53.0,34.0,65.0,13.6,51.1,12.767,63.957,31.0
2026-09-14T01:09:35Z,232,69.0,48.0,77.0,13.5,51.2,12.655,64.312,31.0
2026-09-14T01:14:35Z,232,45.0,29.0,52.0,13.4,51.0,12.193,64.537,31.0
2026-09-14T01:19:35Z,232,35.0,25.0,41.0,13.3,51.0,12.076,64.779,31.0
2026-09-14T01:24:34Z,232,41.0,26.0,50.0,13.2,51.4,12.049,64.548,31.0
2026-09-14T01:29:35Z,232,40.0,29.0,49.0,13.1,51.3,11.755,65.483,31.0
2026-09-14T01:34:35Z,232,45.0,30.0,52.0,13.0,51.8,11.798,65.927,31.0
2026-09-14T01:39:35Z,232,42.0,28.0,50.0,12.9,52.0,11.656,66.135,31.0
2026-09-14T01:44:34Z,232,40.0,27.0,48.0,12.8,52.5,11.485,66.818,31.0
2026-09-14T01:49:34Z,232,38.0,25.0,48.0,12.7,52.8,11.469,66.824,31.0
2026-09-14T01:54:35Z,232,39.0,27.0,48.0,12.6,53.1,11.443,67.167,31.0
2026-09-14T01:59:35Z,232,38.0,24.0,48.0,12.6,53.4,11.485,66.896,31.0
2026-09-14T02:04:35Z,232,39.0,26.0,45.0,12.5,53.7,11.381,66.929,31.0
2026-09-14T02:09:34Z,232,32.0,23.0,35.0,12.4,53.4,11.184,67.207,31.0
2026-09-14T02:14:35Z,232,32.0,22.0,35.0,12.3,53.2,11.098,66.984,31.0
2026-09-14T02:19:35Z,232,31.0,22.0,31.0,12.3,53.5,11.007,67.587,31.0
2026-09-14T02:24:35Z,232,26.0,18.0,29.0,12.2,53.5,10.858,67.999,31.0
2026-09-14T02:29:35Z,232,28.0,17.0,28.0,12.1,53.7,10.77,68.073,31.0
2026-09-14T02:34:35Z,232,35.0,24.0,38.0,12.1,53.9,10.476,69.082,31.0
2026-09-14T02:39:35Z,232,36.0,24.0,43.0,11.9,54.1,10.567,68.729,31.0
2026-09-14T02:44:35Z,232,33.0,24.0,39.0,11.9,54.1,10.38,69.315,31.0
2026-09-14T02:49:35Z,232,29.0,20.0,29.0,11.8,54.8,10.268,69.658,31.0
2026-09-14T02:54:35Z,232,27.0,19.0,27.0,11.7,54.6,10.26,69.41,31.0
2026-09-14T02:59:35Z,232,25.0,18.0,26.0,11.6,55.0,10.212,69.536,31.0
2026-09-14T03:04:35Z,232,27.0,19.0,27.0,11.6,54.9,10.068,70.211,31.0
2026-09-14T03:09:35Z,232,27.0,17.0,27.0,11.5,55.3,10.089,69.942,31.0
2026-09-14T03:14:35Z,232,31.0,18.0,33.0,11.5,55.5,10.035,70.36,31.0
2026-09-14T03:19:35Z,232,30.0,21.0,32.0,11.4,55.6,10.022,70.669,31.0
2026-09-14T03:24:35Z,232,34.0,22.0,35.0,11.3,55.9,9.985,71.192,31.0
2026-09-14T03:29:35Z,232,31.0,22.0,32.0,11.4,56.2,9.958,70.972,31.0
2026-09-14T03:34:35Z,232,36.0,24.0,40.0,11.3,56.5,9.99,70.995,31.0
2026-09-14T03:39:35Z,232,38.0,25.0,42.0,11.3,56.7,9.995,71.344,31.0
2026-09-14T03:44:35Z,232,36.0,24.0,42.0,11.3,56.8,9.939,71.468,31.0
2026-09-14T03:49:35Z,232,39.0,25.0,46.0,11.3,56.9,9.838,72.183,31.0
2026-09-14T03:54:35Z,232,32.0,24.0,37.0,11.2,57.4,9.817,72.258,31.0
2026-09-14T03:59:35Z,232,35.0,23.0,36.0,11.2,57.5,9.758,72.595,31.0
2026-09-14T04:04:35Z,232,37.0,24.0,43.0,11.2,57.6,9.843,72.229,31.0
2026-09-14T04:09:35Z,232,33.0,24.0,38.0,11.2,57.5,9.755,72.325,31.0
2026-09-14T04:14:35Z,232,32.0,22.0,33.0,11.2,57.5,9.75,72.145,31.0
2026-09-14T04:19:35Z,232,33.0,21.0,34.0,11.1,57.4,9.808,71.878,31.0
2026-09-14T04:24:35Z,232,33.0,24.0,37.0,11.2,57.4,9.67,72.529,31.0
2026-09-14T04:29:35Z,232,33.0,24.0,33.0,11.1,57.3,9.632,72.384,31.0
2026-09-14T04:34:35Z,232,35.0,24.0,39.0,11.1,57.7,9.678,72.309,31.0
2026-09-14T04:39:35Z,232,32.0,24.0,35.0,11.1,57.4,9.667,72.159,31.0
2026-09-14T04:44:35Z,232,37.0,25.0,42.0,11.1,57.7,9.635,72.304,31.0
2026-09-14T04:49:35Z,232,44.0,29.0,53.0,11.0,57.6,9.464,72.47,31.0
2026-09-14T04:54:35Z,232,42.0,26.0,48.0,11.0,57.6,9.427,72.649,31.0
2026-09-14T04:59:35Z,232,37.0,24.0,43.0,11.0,57.6,9.403,72.859,31.0
2026-09-14T05:04:35Z,232,34.0,25.0,35.0,10.9,57.6,9.381,72.729,31.0
2026-09-14T05:09:35Z,232,32.0,22.0,32.0,10.9,57.8,9.451,72.285,31.0
2026-09-14T05:14:35Z,232,30.0,22.0,32.0,10.9,58.0,9.28,72.786,31.0
2026-09-14T05:19:35Z,232,33.0,21.0,33.0,10.8,58.0,9.296,72.857,31.0
2026-09-14T05:24:35Z,232,32.0,21.0,33.0,10.9,58.0,9.347,72.689,31.0
2026-09-14T05:29:35Z,232,32.0,23.0,33.0,10.8,58.2,9.298,73.124,31.0
2026-09-14T05:34:35Z,232,30.0,21.0,31.0,10.8,58.4,9.325,72.998,31.0
2026-09-14T05:39:35Z,232,35.0,24.0,39.0,10.8,58.4,9.224,73.444,31.0
2026-09-14T05:44:35Z,232,36.0,23.0,39.0,10.8,58.4,9.261,73.307,31.0
2026-09-14T05:49:35Z,232,36.0,24.0,40.0,10.8,58.5,9.178,73.599,31.0
2026-09-14T05:54:35Z,232,36.0,23.0,39.0,10.7,58.7,9.104,73.767,31.0
2026-09-14T05:59:36Z,232,34.0,23.0,35.0,10.7,58.7,9.098,73.709,31.0
2026-09-14T06:04:35Z,232,32.0,22.0,33.0,10.7,58.7,9.023,73.828,31.0
2026-09-14T06:09:36Z,232,34.0,23.0,37.0,10.6,58.9,8.959,74.344,31.0
2026-09-14T06:14:35Z,232,36.0,24.0,40.0,10.6,59.3,8.919,74.768,31.0
2026-09-14T06:19:35Z,232,31.0,23.0,32.0,10.5,59.3,8.919,74.507,31.0
2026-09-14T06:24:35Z,232,34.0,23.0,38.0,10.5,59.2,8.78,74.888,31.0
2026-09-14T06:29:35Z,232,32.0,24.0,35.0,10.4,59.4,8.716,74.829,31.0
2026-09-14T06:34:35Z,232,34.0,24.0,34.0,10.4,59.5,8.615,75.207,31.0
2026-09-14T06:39:35Z,232,34.0,22.0,35.0,10.4,60.0,8.719,75.422,31.0
2026-09-14T06:44:35Z,232,34.0,23.0,38.0,10.3,60.0,8.714,75.243,31.0
2026-09-14T06:49:35Z,232,37.0,25.0,39.0,10.3,60.3,8.692,75.781,31.0
2026-09-14T06:54:35Z,232,34.0,23.0,39.0,10.3,59.9,8.644,74.308,31.0
2026-09-14T06:59:35Z,232,32.0,24.0,34.0,10.2,59.4,8.404,74.531,31.0
2026-09-14T07:04:35Z,232,33.0,24.0,34.0,10.2,59.3,8.428,74.306,31.0
2026-09-14T07:09:36Z,232,30.0,21.0,32.0,10.2,59.3,8.225,74.718,31.0
2026-09-14T07:14:35Z,232,33.0,24.0,34.0,10.1,59.2,8.188,74.951,31.0
2026-09-14T07:19:35Z,232,31.0,21.0,32.0,10.1,59.5,8.257,74.697,31.0
2026-09-14T07:24:36Z,232,31.0,21.0,31.0,10.0,59.5,8.257,74.974,31.0
2026-09-14T07:29:36Z,232,31.0,22.0,31.0,10.0,60.0,8.324,75.184,31.0
2026-09-14T07:34:35Z,232,32.0,22.0,35.0,10.0,60.4,8.521,75.281,31.0
2026-09-14T07:39:35Z,232,32.0,21.0,33.0,10.0,60.1,8.479,74.732,31.0
2026-09-14T07:44:36Z,232,30.0,22.0,32.0,10.0,59.5,8.169,74.667,31.0
2026-09-14T07:49:35Z,232,34.0,24.0,35.0,10.0,59.8,8.297,74.856,31.0
2026-09-14T07:54:35Z,232,34.0,23.0,35.0,10.0,59.6,8.359,73.973,31.0
2026-09-14T07:59:36Z,232,31.0,23.0,32.0,10.0,59.3,8.214,74.383,31.0
2026-09-14T08:04:35Z,232,27.0,18.0,29.0,10.0,59.5,8.23,74.14,31.0
2026-09-14T08:09:35Z,232,31.0,22.0,31.0,10.0,59.4,8.107,74.838,31.0
2026-09-14T08:14:35Z,232,30.0,18.0,31.0,9.9,59.5,8.236,74.312,31.0
2026-09-14T08:19:35Z,232,31.0,19.0,34.0,9.9,59.9,8.26,75.13,31.0
2026-09-14T08:24:35Z,232,26.0,12.0,26.0,9.9,59.6,8.26,73.959,31.0
2026-09-14T08:29:35Z,232,30.0,17.0,30.0,9.9,59.4,8.281,73.41,31.0
2026-09-14T08:34:36Z,232,30.0,17.0,30.0,9.9,59.2,8.26,72.908,31.0
2026-09-14T08:39:35Z,232,26.0,16.0,30.0,9.9,59.1,8.297,72.603,31.0
2026-09-14T08:44:35Z,232,29.0,15.0,29.0,9.9,58.4,8.166,71.825,31.0
2026-09-14T08:49:35Z,232,25.0,12.0,29.0,9.9,58.2,8.188,71.562,31.0
2026-09-14T08:54:35Z,232,19.0,9.0,22.0,9.8,57.9,8.156,71.155,31.0
2026-09-14T08:59:36Z,232,17.0,7.0,19.0,9.9,57.8,8.209,71.359,31.0
2026-09-14T09:04:35Z,232,16.0,8.0,17.0,9.9,57.5,8.182,71.079,31.0
2026-09-14T09:09:36Z,232,15.0,7.0,16.0,9.8,57.8,8.116,71.264,31.0
2026-09-14T09:14:36Z,232,18.0,10.0,18.0,9.8,57.9,8.035,71.77,31.0
2026-09-14T09:19:36Z,232,18.0,9.0,20.0,9.8,58.0,7.913,73.099,31.0
2026-09-14T09:24:36Z,232,17.0,5.0,18.0,9.8,58.2,8.116,71.855,31.0
2026-09-14T09:29:36Z,232,16.0,8.0,17.0,9.8,58.1,8.19,71.533,31.0
2026-09-14T09:34:36Z,232,10.0,5.0,10.0,9.8,57.8,8.3,69.883,31.0
2026-09-14T09:39:36Z,232,6.0,4.0,6.0,9.8,57.6,8.391,69.748,31.0
2026-09-14T09:44:35Z,232,15.0,6.0,18.0,9.8,57.0,8.593,67.762,31.0
2026-09-14T09:49:36Z,232,21.0,8.0,21.0,9.9,57.0,8.545,68.313,31.0
2026-09-14T09:54:36Z,232,18.0,8.0,21.0,9.9,56.1,8.719,66.993,31.0
2026-09-14T09:59:36Z,232,19.0,9.0,22.0,10.0,56.5,8.724,67.655,31.0
2026-09-14T10:04:36Z,232,18.0,8.0,20.0,10.0,56.3,8.687,67.72,31.0
2026-09-14T10:09:36Z,232,10.0,5.0,10.0,10.0,56.1,8.911,66.389,31.0
2026-09-14T10:14:36Z,232,6.0,4.0,8.0,10.1,55.8,8.869,66.826,31.0
2026-09-14T10:19:35Z,232,17.0,8.0,17.0,10.1,55.8,8.722,67.14,31.0
2026-09-14T10:24:35Z,232,21.0,9.0,23.0,10.1,55.7,8.78,66.782,31.0
2026-09-14T10:29:36Z,232,26.0,10.0,27.0,10.1,55.4,8.706,66.587,31.0
2026-09-14T10:34:36Z,232,21.0,9.0,21.0,10.1,54.9,8.706,65.849,31.0
2026-09-14T10:39:36Z,232,19.0,9.0,20.0,10.2,54.6,8.85,64.743,31.0
2026-09-14T10:44:36Z,232,27.0,14.0,28.0,10.2,54.0,8.975,64.062,31.0
2026-09-14T10:49:35Z,232,39.0,26.0,46.0,10.2,54.1,8.933,63.858,31.0
2026-09-14T10:54:36Z,232,17.0,5.0,18.0,10.2,53.9,8.858,63.966,31.0
2026-09-14T10:59:36Z,232,25.0,12.0,26.0,10.3,53.4,9.274,61.552,31.0
2026-09-14T11:04:36Z,232,6.0,4.0,6.0,10.4,53.0,9.44,61.531,31.0
2026-09-14T11:09:35Z,232,5.0,2.0,5.0,10.4,53.4,9.213,63.072,31.0
2026-09-14T11:14:36Z,232,9.0,5.0,10.0,10.5,53.9,9.181,64.682,31.0
2026-09-14T11:19:36Z,232,9.0,5.0,12.0,10.5,54.1,9.197,64.939,31.0
2026-09-14T11:24:36Z,232,22.0,13.0,22.0,10.5,54.5,9.133,66.185,31.0
2026-09-14T11:29:36Z,232,22.0,9.0,25.0,10.5,54.5,9.25,66.019,31.0
2026-09-14T11:34:35Z,232,33.0,17.0,34.0,10.6,55.5,11.95,59.311,31.0
2026-09-14T11:39:36Z,232,37.0,23.0,42.0,10.8,54.9,13.28,53.67,31.0
2026-09-14T11:44:36Z,232,36.0,25.0,41.0,11.2,53.7,15.112,48.328,31.0
2026-09-14T11:49:36Z,232,45.0,31.0,54.0,11.6,53.2,16.42,46.722,31.0
2026-09-14T11:54:36Z,232,43.0,28.0,51.0,12.2,52.1,17.681,42.079,31.0
2026-09-14T11:59:36Z,232,45.0,30.0,56.0,12.8,51.3,18.837,41.429,31.0
2026-09-14T12:04:36Z,232,31.0,21.0,31.0,13.5,50.2,19.569,40.166,31.0
2026-09-14T12:09:36Z,232,30.0,21.0,31.0,14.3,49.3,19.611,40.202,31.0
2026-09-14T12:14:36Z,232,25.0,19.0,27.0,14.9,48.3,19.617,39.809,31.0
2026-09-14T12:19:36Z,232,41.0,26.0,49.0,15.4,46.6,20.848,37.73,31.0
2026-09-14T12:24:36Z,232,34.0,23.0,39.0,16.0,45.3,20.666,36.845,31.0
2026-09-14T12:29:36Z,232,23.0,14.0,23.0,16.6,43.9,19.395,38.991,31.0
2026-09-14T12:34:36Z,232,7.0,3.0,7.0,17.1,42.8,19.758,37.65,31.0
2026-09-14T12:39:36Z,232,18.0,12.0,19.0,17.5,41.9,21.675,35.154,31.0
2026-09-14T12:44:36Z,232,3.0,2.0,4.0,17.9,39.7,20.984,32.325,31.0
2026-09-14T12:49:36Z,232,5.0,1.0,7.0,18.2,37.9,19.147,35.712,31.0
2026-09-14T12:54:36Z,232,3.0,1.0,3.0,18.4,37.3,19.798,34.257,31.0
2026-09-14T12:59:36Z,232,2.0,0.0,3.0,18.5,37.2,19.302,35.865,31.0
2026-09-14T13:04:36Z,232,2.0,0.0,3.0,18.6,36.9,16.49,41.19,31.0
2026-09-14T13:09:36Z,232,0.0,0.0,1.0,18.3,36.9,15.571,42.468,31.0
2026-09-14T13:14:36Z,232,2.0,0.0,2.0,18.0,37.1,15.496,43.228,31.0
2026-09-14T13:19:36Z,232,2.0,1.0,2.0,17.6,37.3,15.486,42.995,31.0
2026-09-14T13:24:36Z,232,2.0,2.0,3.0,17.3,37.7,15.486,43.163,31.0
2026-09-14T13:29:36Z,232,0.0,0.0,1.0,17.0,37.8,15.841,41.822,31.0
2026-09-14T13:34:36Z,232,3.0,1.0,4.0,16.9,38.2,16.284,41.662,31.0
2026-09-14T13:39:36Z,232,4.0,1.0,4.0,16.8,38.0,16.482,41.185,31.0
2026-09-14T13:44:36Z,232,5.0,3.0,7.0,16.8,37.7,16.754,40.006,31.0
2026-09-14T13:49:36Z,232,4.0,2.0,4.0,16.8,37.6,17.0,39.436,31.0
2026-09-14T13:54:36Z,232,0.0,0.0,1.0,16.9,37.4,17.408,38.303,31.0
2026-09-14T13:59:36Z,232,0.0,0.0,0.0,17.0,37.4,17.531,38.568,31.0
2026-09-14T14:04:36Z,232,0.0,0.0,0.0,17.1,37.1,17.35,38.98,31.0
2026-09-14T14:09:37Z,232,0.0,0.0,0.0,17.1,37.0,17.328,38.978,31.0
2026-09-14T14:14:36Z,232,1.0,0.0,1.0,17.2,36.9,17.595,38.587,31.0
2026-09-14T14:19:36Z,232,0.0,0.0,0.0,17.3,36.8,17.774,38.722,31.0
2026-09-14T14:24:36Z,232,4.0,1.0,5.0,17.4,37.2,18.004,38.97,31.0
2026-09-14T14:29:37Z,232,0.0,0.0,0.0,17.5,37.1,18.02,39.027,31.0
2026-09-14T14:34:36Z,232,0.0,0.0,0.0,17.6,36.8,18.297,38.295,31.0
2026-09-14T14:39:36Z,232,1.0,1.0,1.0,17.7,37.0,18.714,38.476,31.0
2026-09-14T14:44:36Z,232,0.0,0.0,1.0,17.9,36.8,18.824,37.942,31.0
2026-09-14T14:49:36Z,232,0.0,0.0,0.0,18.0,36.8,18.893,37.626,31.0
2026-09-14T14:54:36Z,232,1.0,0.0,1.0,18.1,36.7,18.904,38.038,31.0
2026-09-14T14:59:36Z,232,0.0,0.0,0.0,18.3,36.7,19.091,38.694,31.0
2026-09-14T15:04:36Z,232,0.0,0.0,0.0,18.4,36.3,19.326,37.709,31.0
2026-09-14T15:09:36Z,232,0.0,0.0,0.0,18.5,36.9,19.462,38.945,31.0
2026-09-14T15:14:36Z,232,0.0,0.0,0.0,18.6,36.7,19.755,37.956,31.0
2026-09-14T15:19:42Z,232,0.0,0.0,0.0,18.8,36.6,20.108,37.744,31.0
2026-09-14T15:24:36Z,232,0.0,0.0,0.0,18.9,36.3,20.394,36.912,31.0
2026-09-14T15:29:36Z,232,0.0,0.0,0.0,19.1,36.0,20.468,37.03,31.0
2026-09-14T15:34:36Z,232,0.0,0.0,0.0,19.2,35.4,20.378,35.863,31.0
2026-09-14T15:39:36Z,232,15.0,10.0,17.0,19.3,34.9,20.559,35.516,31.0
2026-09-14T15:44:36Z,232,0.0,0.0,0.0,19.5,34.7,20.834,34.551,31.0
2026-09-14T15:49:36Z,232,0.0,0.0,0.0,19.6,34.7,20.909,34.97,31.0
2026-09-14T15:54:37Z,232,0.0,0.0,0.0,19.7,34.6,21.165,34.875,31.0
2026-09-14T15:59:36Z,232,1.0,0.0,2.0,19.9,33.9,21.326,33.357,31.0
2026-09-14T16:04:36Z,232,0.0,0.0,0.0,20.0,33.6,21.248,33.591,31.0
2026-09-14T16:09:37Z,232,0.0,0.0,0.0,20.1,34.1,21.553,34.763,31.0
2026-09-14T16:14:36Z,232,1.0,1.0,2.0,20.2,34.2,21.638,35.512,31.0
2026-09-14T16:19:37Z,232,0.0,0.0,0.0,20.3,34.2,21.873,34.86,31.0
2026-09-14T16:24:37Z,232,2.0,0.0,2.0,20.5,34.0,21.884,34.656,31.0
2026-09-14T16:29:37Z,232,0.0,0.0,0.0,20.6,33.3,22.143,33.014,31.0
2026-09-14T16:34:36Z,232,1.0,0.0,1.0,20.7,32.8,22.063,32.605,31.0
2026-09-14T16:39:36Z,232,1.0,0.0,2.0,20.8,32.6,22.127,32.584,31.0
2026-09-14T16:44:36Z,232,0.0,0.0,0.0,20.9,32.5,22.041,32.798,31.0
2026-09-14T16:49:37Z,232,0.0,0.0,0.0,21.0,32.4,22.485,31.757,31.0
2026-09-14T16:54:36Z,232,0.0,0.0,0.0,21.1,32.6,22.893,32.701,31.0
2026-09-14T16:59:37Z,232,0.0,0.0,1.0,21.2,32.2,22.749,32.561,31.0
2026-09-14T17:04:37Z,232,0.0,0.0,0.0,21.3,31.6,22.979,31.203,31.0
2026-09-14T17:09:37Z,232,0.0,0.0,0.0,21.4,31.6,23.235,31.112,31.0
2026-09-14T17:14:36Z,232,3.0,0.0,4.0,21.5,31.2,23.43,30.107,31.0
2026-09-14T17:19:37Z,232,0.0,0.0,0.0,21.6,30.7,23.307,29.8,31.0
2026-09-14T17:24:37Z,232,0.0,0.0,0.0,21.8,30.4,23.473,29.441,31.0
2026-09-14T17:29:37Z,232,0.0,0.0,0.0,21.9,29.3,23.643,26.767,31.0
2026-09-14T17:34:37Z,232,0.0,0.0,0.0,22.0,27.9,23.59,25.235,31.0
2026-09-14T17:39:37Z,232,0.0,0.0,0.0,22.1,28.2,23.929,25.952,31.0
2026-09-14T17:44:37Z,232,0.0,0.0,0.0,22.2,27.2,23.822,24.48,31.0
2026-09-14T17:49:37Z,232,0.0,0.0,0.0,22.3,27.5,23.822,25.558,31.0
2026-09-14T17:54:37Z,232,5.0,2.0,5.0,22.3,32.7,23.091,39.445,31.0
2026-09-14T17:59:37Z,232,5.0,2.0,6.0,22.2,34.6,22.087,41.341,31.0
2026-09-14T18:04:37Z,232,7.0,5.0,7.0,22.0,36.1,21.587,44.565,31.0
2026-09-14T18:09:37Z,232,7.0,2.0,7.0,21.8,36.5,21.422,45.051,31.0
2026-09-14T18:14:37Z,232,8.0,5.0,8.0,21.5,37.4,21.459,45.509,31.0
2026-09-14T18:19:37Z,232,11.0,5.0,11.0,21.3,37.9,21.294,45.711,31.0
2026-09-14T18:24:37Z,232,11.0,7.0,12.0,21.1,38.3,21.075,46.495,31.0
2026-09-14T18:29:37Z,232,6.0,3.0,6.0,20.9,38.4,21.398,45.249,31.0
2026-09-14T18:34:37Z,232,8.0,5.0,8.0,20.9,38.9,21.515,45.663,31.0
2026-09-14T18:39:36Z,232,10.0,6.0,11.0,20.8,39.3,21.312,45.698,31.0
2026-09-14T18:44:37Z,232,13.0,7.0,14.0,20.8,39.0,21.489,44.805,31.0
2026-09-14T18:49:37Z,232,10.0,6.0,12.0,20.7,38.6,21.264,44.689,31.0
2026-09-14T18:54:37Z,232,7.0,5.0,7.0,20.7,38.4,21.128,44.032,31.0
2026-09-14T18:59:37Z,232,10.0,5.0,10.0,20.6,38.4,20.829,44.563,31.0
2026-09-14T19:04:37Z,232,11.0,4.0,13.0,20.5,38.4,20.973,44.412,31.0
2026-09-14T19:09:37Z,232,7.0,4.0,7.0,20.4,38.5,20.914,43.619,31.0
2026-09-14T19:14:37Z,232,8.0,5.0,8.0,20.3,37.8,20.674,42.695,31.0
2026-09-14T19:19:37Z,232,5.0,2.0,5.0,20.2,37.3,20.607,41.759,31.0
2026-09-14T19:24:37Z,232,7.0,3.0,7.0,20.2,36.6,20.928,40.279,31.0
2026-09-14T19:29:37Z,232,4.0,2.0,4.0,20.2,37.3,20.858,42.293,31.0
2026-09-14T19:34:37Z,232,7.0,2.0,7.0,20.2,38.0,20.826,42.98,31.0
2026-09-14T19:39:37Z,232,4.0,0.0,4.0,20.2,38.5,20.645,44.13,31.0
2026-09-14T19:44:37Z,232,4.0,1.0,4.0,20.1,38.3,20.711,43.945,31.0
2026-09-14T19:49:37Z,232,5.0,2.0,5.0,20.1,38.8,20.695,44.412,31.0
2026-09-14T19:54:37Z,232,3.0,2.0,3.0,20.1,38.9,20.936,43.874,31.0
2026-09-14T19:59:37Z,232,3.0,1.0,3.0,20.1,39.1,20.989,43.851,31.0
2026-09-14T20:04:37Z,232,14.0,7.0,16.0,20.1,39.3,21.08,43.865,31.0
2026-09-14T20:09:37Z,232,5.0,3.0,5.0,20.1,39.4,21.077,43.823,31.0
2026-09-14T20:14:37Z,232,5.0,3.0,6.0,20.1,39.3,20.949,43.996,31.0
2026-09-14T20:19:37Z,232,5.0,2.0,6.0,20.2,38.7,20.938,42.705,31.0
2026-09-14T20:24:37Z,232,3.0,0.0,3.0,20.2,38.3,20.949,42.241,31.0
2026-09-14T20:29:37Z,232,2.0,0.0,2.0,20.2,37.9,21.125,41.869,31.0
2026-09-14T20:34:37Z,232,3.0,1.0,3.0,20.2,37.7,21.155,41.583,31.0
2026-09-14T20:39:37Z,232,2.0,0.0,3.0,20.2,37.5,21.251,40.941,31.0
2026-09-14T20:44:37Z,232,1.0,0.0,1.0,20.2,37.2,21.16,41.044,31.0
2026-09-14T20:49:37Z,232,3.0,1.0,3.0,20.3,37.1,21.224,40.761,31.0
2026-09-14T20:54:37Z,232,4.0,0.0,4.0,20.3,37.3,21.422,40.515,31.0
2026-09-14T20:59:37Z,232,3.0,0.0,3.0,20.3,37.2,21.467,40.723,31.0
2026-09-14T21:04:37Z,232,9.0,5.0,13.0,20.4,37.2,21.601,39.989,31.0
2026-09-14T21:09:37Z,232,5.0,2.0,6.0,20.5,36.6,21.627,39.331,31.0
2026-09-14T21:14:37Z,232,3.0,2.0,4.0,20.5,36.6,21.766,39.211,31.0
2026-09-14T21:19:37Z,232,2.0,1.0,3.0,20.6,36.3,21.611,39.399,31.0
2026-09-14T21:24:37Z,232,3.0,1.0,3.0,20.6,36.5,21.587,39.514,31.0
2026-09-14T21:29:37Z,232,4.0,1.0,5.0,20.6,36.5,21.534,40.111,31.0
2026-09-14T21:34:37Z,232,3.0,1.0,3.0,20.6,36.7,21.55,40.555,31.0
2026-09-14T21:39:37Z,232,5.0,0.0,5.0,20.6,37.2,21.432,41.894,31.0
2026-09-14T21:44:37Z,232,3.0,1.0,3.0,20.6,37.8,21.347,42.615,31.0
2026-09-14T21:49:37Z,232,4.0,1.0,4.0,20.5,38.3,21.28,43.819,31.0
2026-09-14T21:54:37Z,232,6.0,4.0,6.0,20.5,39.2,21.195,45.585,31.0
2026-09-14T21:59:37Z,232,7.0,3.0,7.0,20.4,39.7,20.97,45.968,31.0
2026-09-14T22:04:37Z,232,5.0,4.0,7.0,20.3,39.7,20.837,45.963,31.0
2026-09-14T22:09:37Z,232,5.0,2.0,5.0,20.2,39.5,20.639,45.585,31.0
2026-09-14T22:14:37Z,232,6.0,4.0,7.0,20.1,39.7,20.428,46.327,31.0
2026-09-14T22:19:37Z,232,7.0,3.0,7.0,20.0,40.5,20.151,48.015,31.0
2026-09-14T22:24:37Z,232,7.0,5.0,9.0,19.8,40.8,20.06,48.019,31.0
2026-09-14T22:29:38Z,232,8.0,5.0,8.0,19.7,41.2,19.846,49.043,31.0
2026-09-14T22:34:37Z,232,9.0,6.0,11.0,19.6,41.1,19.739,48.587,31.0
2026-09-14T22:39:37Z,232,33.0,23.0,37.0,19.4,42.0,19.507,50.348,31.0
2026-09-14T22:44:37Z,232,25.0,16.0,25.0,19.2,43.2,19.39,52.4,31.0
2026-09-14T22:49:37Z,232,17.0,8.0,18.0,19.1,43.5,19.107,53.403,31.0
2026-09-14T22:54:37Z,232,13.0,8.0,15.0,19.0,44.0,18.503,55.055,31.0
2026-09-14T22:59:37Z,232,17.0,7.0,21.0,18.8,44.4,18.45,55.116,31.0
2026-09-14T23:04:37Z,232,20.0,12.0,20.0,18.6,44.7,18.303,55.418,31.0
2026-09-14T23:09:37Z,232,22.0,11.0,25.0,18.4,45.1,18.068,56.066,31.0
2026-09-14T23:14:38Z,232,8.0,5.0,8.0,18.2,45.2,17.71,55.91,31.0
2026-09-14T23:19:37Z,232,7.0,4.0,7.0,18.0,45.4,17.475,56.364,31.0
2026-09-14T23:24:38Z,232,6.0,3.0,6.0,17.8,45.9,17.165,56.951,31.0
2026-09-14T23:29:37Z,232,18.0,10.0,19.0,17.6,46.7,17.205,58.065,31.0
2026-09-14T23:34:38Z,232,18.0,8.0,18.0,17.4,47.0,16.944,58.576,31.0
2026-09-14T23:39:37Z,232,21.0,10.0,22.0,17.2,47.7,16.837,58.7,31.0
2026-09-14T23:44:38Z,232,17.0,8.0,17.0,17.1,47.6,16.655,58.696,31.0
2026-09-14T23:49:37Z,232,12.0,6.0,12.0,16.9,48.0,16.436,59.398,31.0
2026-09-14T23:54:37Z,232,29.0,21.0,29.0,16.8,48.5,16.439,59.793,31.0
2026-09-14T23:59:37Z,232,34.0,23.0,38.0,16.7,48.6,16.38,59.492,31.0
2026-09-15T00:04:38Z,232,40.0,27.0,48.0,16.6,48.6,16.289,59.482,31.0
2026-09-15T00:09:38Z,232,42.0,28.0,49.0,16.4,48.7,16.295,59.562,31.0
2026-09-15T00:14:37Z,232,41.0,28.0,50.0,16.3,49.4,16.193,60.558,31.0
2026-09-15T00:19:38Z,232,44.0,28.0,54.0,16.2,49.5,16.185,60.018,31.0
2026-09-15T00:24:37Z,232,36.0,25.0,42.0,16.2,50.1,16.046,61.002,31.0
2026-09-15T00:29:38Z,232,34.0,23.0,40.0,16.1,49.6,16.094,59.702,31.0
2026-09-15T00:34:38Z,232,33.0,23.0,37.0,16.1,48.4,16.132,56.337,31.0
2026-09-15T00:39:38Z,232,32.0,22.0,35.0,16.0,48.4,16.126,57.319,31.0
2026-09-15T00:44:37Z,232,30.0,20.0,33.0,16.0,48.1,16.076,56.47,31.0
2026-09-15T00:49:37Z,232,23.0,12.0,24.0,16.0,47.8,15.98,55.778,31.0
2026-09-15T00:54:38Z,232,26.0,19.0,27.0,16.0,47.4,16.049,54.784,31.0
2026-09-15T00:59:38Z,232,29.0,21.0,33.0,15.9,47.2,16.054,54.607,31.0
2026-09-15T01:04:37Z,232,27.0,17.0,27.0,15.9,45.9,16.183,51.206,31.0
2026-09-15T01:09:38Z,232,25.0,16.0,25.0,16.0,45.4,16.335,50.937,31.0
2026-09-15T01:14:38Z,232,28.0,19.0,29.0,16.0,45.4,16.324,51.57,31.0
2026-09-15T01:19:38Z,232,31.0,21.0,33.0,16.0,45.5,16.26,52.436,31.0
2026-09-15T01:24:38Z,232,33.0,23.0,37.0,16.0,45.8,16.201,53.215,31.0
2026-09-15T01:29:38Z,232,42.0,26.0,52.0,16.0,45.9,16.126,53.476,31.0
2026-09-15T01:34:38Z,232,34.0,22.0,39.0,16.0,46.5,15.98,54.538,31.0
2026-09-15T01:39:38Z,232,33.0,23.0,37.0,16.0,46.6,15.819,54.723,31.0
2026-09-15T01:44:38Z,232,32.0,21.0,34.0,15.9,46.4,15.697,54.679,31.0
2026-09-15T01:49:38Z,232,32.0,21.0,35.0,15.9,46.5,15.889,54.599,31.0
2026-09-15T01:54:37Z,232,33.0,22.0,37.0,15.9,46.6,15.972,54.477,31.0
2026-09-15T01:59:38Z,232,35.0,23.0,41.0,15.8,47.3,15.806,55.601,31.0
2026-09-15T02:04:37Z,232,37.0,24.0,45.0,15.8,47.3,15.758,55.446,31.0
2026-09-15T02:09:37Z,232,27.0,19.0,29.0,15.8,46.6,15.79,53.92,31.0
2026-09-15T02:14:38Z,232,30.0,18.0,31.0,15.8,46.3,15.854,54.018,31.0
2026-09-15T02:19:38Z,232,11.0,6.0,13.0,15.8,44.6,16.289,49.642,31.0
2026-09-15T02:24:38Z,232,2.0,0.0,2.0,15.9,43.6,16.781,46.199,31.0
2026-09-15T02:29:38Z,232,6.0,4.0,6.0,15.9,43.7,16.866,47.283,31.0
2026-09-15T02:34:37Z,232,1.0,1.0,1.0,16.1,42.5,17.39,43.372,31.0
2026-09-15T02:39:38Z,232,0.0,0.0,1.0,16.3,41.9,17.609,43.464,31.0
2026-09-15T02:44:38Z,232,0.0,0.0,0.0,16.5,41.3,17.771,42.43,31.0
2026-09-15T02:49:38Z,232,1.0,0.0,1.0,16.7,40.9,17.675,42.812,31.0
2026-09-15T02:54:38Z,232,1.0,0.0,1.0,16.9,40.8,17.702,43.113,31.0
2026-09-15T02:59:38Z,232,1.0,0.0,2.0,17.0,40.5,17.691,42.962,31.0
2026-09-15T03:04:38Z,232,0.0,0.0,0.0,17.1,40.2,17.67,42.819,31.0
2026-09-15T03:09:38Z,232,1.0,0.0,1.0,17.2,40.0,17.71,42.529,31.0
2026-09-15T03:14:38Z,232,0.0,0.0,0.0,17.2,39.5,17.662,42.627,31.0
2026-09-15T03:19:38Z,232,0.0,0.0,0.0,17.2,39.3,17.593,42.251,31.0
2026-09-15T03:24:38Z,232,0.0,0.0,0.0,17.3,39.3,17.63,42.085,31.0
2026-09-15T03:29:38Z,232,0.0,0.0,0.0,17.3,39.3,17.603,42.438,31.0
2026-09-15T03:34:38Z,232,0.0,0.0,0.0,17.3,39.2,17.595,42.718,31.0
2026-09-15T03:39:38Z,232,0.0,0.0,0.0,17.3,39.3,17.568,42.692,31.0
2026-09-15T03:44:38Z,232,0.0,0.0,0.0,17.3,39.3,17.483,42.779,31.0
2026-09-15T03:49:38Z,232,0.0,0.0,0.0,17.3,39.0,17.435,43.105,31.0
2026-09-15T03:54:38Z,232,0.0,0.0,0.0,17.3,39.0,17.494,42.732,31.0
2026-09-15T03:59:38Z,232,0.0,0.0,0.0,17.3,39.0,17.416,42.579,31.0
2026-09-15T04:04:38Z,232,0.0,0.0,0.0,17.3,39.0,17.379,42.991,31.0
2026-09-15T04:09:38Z,232,0.0,0.0,0.0,17.2,38.9,17.309,42.749,31.0
2026-09-15T04:14:38Z,232,0.0,0.0,0.0,17.2,38.5,17.358,42.548,31.0
2026-09-15T04:19:38Z,232,0.0,0.0,0.0,17.2,38.7,17.299,42.537,31.0
2026-09-15T04:24:38Z,232,0.0,0.0,0.0,17.1,38.8,17.163,42.795,31.0
2026-09-15T04:29:38Z,232,0.0,0.0,0.0,17.1,38.6,17.082,42.894,31.0
2026-09-15T04:34:38Z,232,0.0,0.0,0.0,17.1,38.8,17.029,43.117,31.0
2026-09-15T04:39:38Z,232,0.0,0.0,0.0,17.0,39.1,16.912,43.746,31.0
2026-09-15T04:44:38Z,232,0.0,0.0,0.0,17.0,39.3,16.789,44.574,31.0
2026-09-15T04:49:38Z,232,0.0,0.0,0.0,16.9,39.2,16.754,44.505,31.0
2026-09-15T04:54:38Z,232,0.0,0.0,0.0,16.9,39.5,16.637,45.295,31.0
2026-09-15T04:59:38Z,232,0.0,0.0,0.0,16.8,39.8,16.546,45.61,31.0
2026-09-15T05:04:38Z,232,0.0,0.0,0.0,16.7,39.9,16.621,45.345,31.0
2026-09-15T05:09:38Z,232,0.0,0.0,0.0,16.7,39.9,16.46,45.616,31.0
2026-09-15T05:14:38Z,232,0.0,0.0,0.0,16.7,40.0,16.479,45.598,31.0
2026-09-15T05:19:38Z,232,0.0,0.0,0.0,16.6,40.2,16.388,46.255,31.0
2026-09-15T05:24:38Z,232,0.0,0.0,0.0,16.5,40.3,16.372,46.152,31.0
2026-09-15T05:29:38Z,232,0.0,0.0,0.0,16.5,40.4,16.356,46.184,31.0
2026-09-15T05:34:38Z,232,0.0,0.0,0.0,16.4,40.5,16.297,46.125,31.0
2026-09-15T05:39:38Z,232,0.0,0.0,0.0,16.4,40.4,16.247,46.268,31.0
2026-09-15T05:44:38Z,232,0.0,0.0,0.0,16.3,40.8,16.145,46.676,31.0
2026-09-15T05:49:38Z,232,0.0,0.0,0.0,16.2,41.0,16.033,47.117,31.0
2026-09-15T05:54:38Z,232,0.0,0.0,0.0,16.2,40.9,15.953,47.096,31.0
2026-09-15T05:59:38Z,232,0.0,0.0,0.0,16.2,41.0,15.98,47.071,31.0
2026-09-15T06:04:38Z,232,0.0,0.0,0.0,16.1,41.2,15.982,47.204,31.0
2026-09-15T06:09:38Z,232,0.0,0.0,0.0,16.1,41.3,16.041,47.239,31.0
2026-09-15T06:14:38Z,232,0.0,0.0,0.0,16.1,41.4,15.977,47.431,31.0
2026-09-15T06:19:38Z,232,0.0,0.0,0.0,16.1,41.4,15.875,47.414,31.0
2026-09-15T06:24:38Z,232,0.0,0.0,0.0,16.1,41.5,15.795,47.79,31.0
2026-09-15T06:29:39Z,232,0.0,0.0,0.0,16.0,41.7,15.681,48.189,31.0
2026-09-15T06:34:38Z,232,0.0,0.0,0.0,16.0,41.7,15.574,48.349,31.0
2026-09-15T06:39:38Z,232,0.0,0.0,0.0,16.0,41.7,15.702,48.065,31.0
2026-09-15T06:44:38Z,232,0.0,0.0,0.0,15.9,41.7,15.638,48.122,31.0
2026-09-15T06:49:38Z,232,0.0,0.0,0.0,15.9,41.8,15.566,48.618,31.0
2026-09-15T06:54:38Z,232,0.0,0.0,0.0,15.9,41.9,15.464,48.742,31.0
2026-09-15T06:59:38Z,232,0.0,0.0,0.0,15.8,42.1,15.416,49.003,31.0
2026-09-15T07:04:38Z,232,0.0,0.0,0.0,15.7,42.6,15.256,50.054,31.0
2026-09-15T07:09:38Z,232,0.0,0.0,0.0,15.7,42.8,15.069,50.895,31.0
2026-09-15T07:14:39Z,232,0.0,0.0,0.0,15.5,43.1,14.858,51.477,31.0
2026-09-15T07:19:38Z,232,0.0,0.0,0.0,15.4,43.3,14.89,51.431,31.0
2026-09-15T07:24:38Z,232,0.0,0.0,0.0,15.3,43.8,14.575,52.829,31.0
2026-09-15T07:29:38Z,232,0.0,0.0,0.0,15.2,43.7,14.495,52.368,31.0
2026-09-15T07:34:39Z,232,0.0,0.0,0.0,15.1,44.0,14.404,52.696,31.0
2026-09-15T07:39:38Z,232,0.0,0.0,0.0,15.0,44.0,14.434,52.27,31.0
2026-09-15T07:44:38Z,232,4.0,2.0,5.0,15.0,44.0,14.396,52.331,31.0
2026-09-15T07:49:38Z,232,0.0,0.0,0.0,14.9,43.8,14.599,51.486,31.0
2026-09-15T07:54:38Z,232,0.0,0.0,0.0,14.9,44.3,14.417,52.324,31.0
2026-09-15T07:59:38Z,232,0.0,0.0,0.0,14.9,44.4,14.391,52.337,31.0
2026-09-15T08:04:39Z,232,0.0,0.0,0.0,14.8,44.5,14.324,52.621,31.0
2026-09-15T08:09:38Z,232,0.0,0.0,0.0,14.8,44.7,14.228,52.991,31.0
2026-09-15T08:14:38Z,232,1.0,0.0,1.0,14.8,44.9,14.025,54.092,31.0
2026-09-15T08:19:38Z,232,0.0,0.0,0.0,14.7,45.0,13.913,54.189,31.0
2026-09-15T08:24:38Z,232,0.0,0.0,0.0,14.6,45.3,13.801,55.225,31.0
2026-09-15T08:29:38Z,232,0.0,0.0,0.0,14.5,45.4,13.846,54.801,31.0
2026-09-15T08:34:38Z,232,1.0,0.0,2.0,14.4,45.9,13.275,56.564,31.0
2026-09-15T08:39:39Z,232,8.0,5.0,8.0,14.3,46.1,13.429,56.73,31.0
2026-09-15T08:44:39Z,232,0.0,0.0,0.0,14.2,46.4,13.04,57.19,31.0
2026-09-15T08:49:39Z,232,1.0,0.0,1.0,14.0,47.4,12.666,59.98,31.0
2026-09-15T08:54:38Z,232,0.0,0.0,0.0,13.8,47.7,12.62,58.893,31.0
2026-09-15T08:59:39Z,232,0.0,0.0,0.0,13.6,47.7,12.182,60.106,31.0
2026-09-15T09:04:38Z,232,0.0,0.0,0.0,13.5,48.0,11.942,60.768,31.0
2026-09-15T09:09:38Z,232,1.0,0.0,1.0,13.3,48.5,11.777,62.059,31.0
2026-09-15T09:14:38Z,232,0.0,0.0,0.0,13.1,48.9,11.809,61.306,31.0
2026-09-15T09:19:39Z,232,0.0,0.0,0.0,13.0,49.4,11.891,61.538,31.0
2026-09-15T09:24:38Z,232,2.0,0.0,2.0,12.9,49.6,11.971,61.046,31.0
2026-09-15T09:29:39Z,232,1.0,0.0,1.0,12.8,49.7,11.891,61.107,31.0
2026-09-15T09:34:38Z,232,0.0,0.0,0.0,12.8,49.9,12.009,60.688,31.0
2026-09-15T09:39:39Z,232,0.0,0.0,0.0,12.8,50.1,12.094,60.552,31.0
2026-09-15T09:44:38Z,232,0.0,0.0,0.0,12.8,49.9,11.83,61.283,31.0
2026-09-15T09:49:39Z,232,1.0,0.0,1.0,12.8,50.1,12.006,60.754,31.0
2026-09-15T09:54:38Z,232,1.0,1.0,1.0,12.7,50.4,11.937,61.138,31.0
2026-09-15T09:59:39Z,232,1.0,0.0,2.0,12.7,50.6,11.67,62.503,31.0
2026-09-15T10:04:39Z,232,3.0,2.0,4.0,12.6,50.8,11.819,61.544,31.0
2026-09-15T10:09:39Z,232,5.0,2.0,5.0,12.6,50.9,11.801,61.7,31.0
2026-09-15T10:14:39Z,232,1.0,0.0,1.0,12.6,51.1,11.421,62.997,31.0
2026-09-15T10:19:39Z,232,2.0,0.0,2.0,12.5,51.1,11.544,62.929,31.0
2026-09-15T10:24:39Z,232,3.0,0.0,3.0,12.5,51.6,11.411,63.263,31.0
2026-09-15T10:29:38Z,232,1.0,0.0,1.0,12.4,51.6,11.469,62.935,31.0
2026-09-15T10:34:39Z,232,4.0,1.0,4.0,12.4,51.6,11.44,63.158,31.0
2026-09-15T10:39:38Z,232,1.0,0.0,1.0,12.3,51.7,11.542,63.108,31.0
2026-09-15T10:44:39Z,232,0.0,0.0,1.0,12.4,51.5,11.648,62.313,31.0
2026-09-15T10:49:39Z,232,0.0,0.0,0.0,12.4,51.7,11.734,62.326,31.0
2026-09-15T10:54:39Z,232,0.0,0.0,0.0,12.4,51.8,11.841,61.657,31.0
2026-09-15T10:59:38Z,232,0.0,0.0,0.0,12.5,51.7,11.966,61.191,31.0
2026-09-15T11:04:39Z,232,1.0,0.0,1.0,12.5,52.0,11.902,62.034,31.0
2026-09-15T11:09:39Z,232,0.0,0.0,0.0,12.6,51.9,12.004,61.99,31.0
2026-09-15T11:14:39Z,232,1.0,0.0,1.0,12.6,51.9,11.95,61.91,31.0
2026-09-15T11:19:39Z,232,2.0,1.0,4.0,12.6,51.8,12.094,61.453,31.0
2026-09-15T11:24:39Z,232,2.0,1.0,2.0,12.7,51.8,12.102,61.609,31.0
2026-09-15T11:29:39Z,232,6.0,5.0,8.0,12.7,52.1,12.519,61.426,31.0
2026-09-15T11:34:38Z,232,7.0,5.0,7.0,12.8,52.3,16.097,51.301,31.0
2026-09-15T11:39:39Z,232,12.0,7.0,13.0,13.1,52.2,16.567,50.197,31.0
2026-09-15T11:44:39Z,232,8.0,4.0,8.0,13.5,51.2,18.613,45.307,31.0
2026-09-15T11:49:39Z,232,1.0,0.0,1.0,14.1,49.6,16.159,49.001,31.0
2026-09-15T11:54:39Z,232,16.0,7.0,16.0,14.6,49.4,20.18,41.98,31.0
2026-09-15T11:59:39Z,232,23.0,11.0,24.0,15.3,48.5,20.869,40.418,31.0
2026-09-15T12:04:39Z,232,1.0,0.0,2.0,15.8,47.0,20.014,41.337,31.0
2026-09-15T12:09:39Z,232,0.0,0.0,0.0,16.4,45.6,20.49,40.645,31.0
2026-09-15T12:14:39Z,232,2.0,1.0,2.0,16.9,44.8,20.898,40.118,31.0
2026-09-15T12:19:39Z,232,1.0,0.0,1.0,17.4,43.9,20.685,40.475,31.0
2026-09-15T12:24:38Z,232,1.0,0.0,1.0,17.8,43.1,20.541,40.765,31.0
2026-09-15T12:29:39Z,232,1.0,0.0,2.0,18.1,42.5,20.695,40.782,31.0
2026-09-15T12:34:39Z,232,3.0,0.0,3.0,18.4,41.8,21.406,39.106,31.0
2026-09-15T12:39:39Z,232,1.0,0.0,1.0,18.7,41.3,21.836,38.133,31.0
2026-09-15T12:44:39Z,232,0.0,0.0,0.0,19.0,40.7,22.183,37.69,31.0
2026-09-15T12:49:39Z,232,1.0,0.0,1.0,19.3,40.4,23.999,34.843,31.0
2026-09-15T12:54:38Z,232,0.0,0.0,0.0,19.7,39.8,25.008,33.485,31.0
2026-09-15T12:59:39Z,232,0.0,0.0,0.0,20.1,38.9,24.298,34.206,31.0
2026-09-15T13:04:39Z,232,0.0,0.0,0.0,20.4,38.1,20.711,39.872,31.0
2026-09-15T13:09:39Z,232,0.0,0.0,0.0,20.4,37.6,18.687,43.914,31.0
2026-09-15T13:14:39Z,232,5.0,2.0,5.0,20.2,37.5,18.671,43.87,31.0
2026-09-15T13:19:39Z,232,0.0,0.0,0.0,20.0,37.6,18.762,43.691,31.0
2026-09-15T13:24:39Z,232,0.0,0.0,0.0,19.6,37.5,17.582,45.78,31.0
2026-09-15T13:29:39Z,232,0.0,0.0,1.0,19.3,37.7,17.862,44.538,31.0
2026-09-15T13:34:39Z,232,0.0,0.0,0.0,19.1,37.9,18.257,44.261,31.0
2026-09-15T13:39:39Z,232,0.0,0.0,0.0,18.8,38.1,18.001,44.271,31.0
2026-09-15T13:44:39Z,232,4.0,1.0,5.0,18.7,38.4,18.204,43.908,31.0
2026-09-15T13:49:39Z,232,0.0,0.0,0.0,18.6,38.0,18.268,43.331,31.0
2026-09-15T13:54:39Z,232,0.0,0.0,0.0,18.5,37.9,18.575,41.81,31.0
2026-09-15T13:59:39Z,232,0.0,0.0,0.0,18.5,37.9,18.639,41.433,31.0
2026-09-15T14:04:39Z,232,0.0,0.0,0.0,18.4,37.7,18.896,41.129,31.0
2026-09-15T14:09:39Z,232,0.0,0.0,0.0,18.5,37.2,19.419,39.155,31.0
2026-09-15T14:14:39Z,232,2.0,1.0,3.0,18.7,37.2,19.638,40.765,31.0
2026-09-15T14:19:39Z,232,2.0,1.0,3.0,18.7,40.5,19.406,46.087,31.0
2026-09-15T14:24:39Z,232,0.0,0.0,0.0,18.8,39.8,19.822,43.411,31.0
2026-09-15T14:29:39Z,232,0.0,0.0,0.0,18.9,40.1,19.39,45.247,31.0
2026-09-15T14:34:39Z,232,0.0,0.0,0.0,19.0,40.3,19.406,45.648,31.0
2026-09-15T14:39:39Z,232,0.0,0.0,0.0,19.0,40.1,19.593,44.767,31.0
2026-09-15T14:44:39Z,232,4.0,0.0,4.0,19.1,39.4,19.83,43.39,31.0
2026-09-15T14:49:39Z,232,0.0,0.0,0.0,19.1,39.9,20.135,44.475,31.0
2026-09-15T14:54:39Z,232,0.0,0.0,0.0,19.2,41.3,19.884,46.48,31.0
2026-09-15T14:59:39Z,232,0.0,0.0,0.0,19.3,40.9,20.033,45.86,31.0
2026-09-15T15:04:39Z,232,0.0,0.0,1.0,19.4,41.3,20.38,46.575,31.0
2026-09-15T15:09:39Z,232,1.0,0.0,1.0,19.4,40.9,20.362,45.122,31.0
2026-09-15T15:14:39Z,232,3.0,0.0,3.0,19.5,40.7,20.153,45.276,31.0
2026-09-15T15:19:39Z,232,2.0,0.0,2.0,19.5,40.5,20.212,45.675,31.0
2026-09-15T15:24:39Z,232,2.0,1.0,2.0,19.6,40.7,19.892,46.201,31.0
2026-09-15T15:29:39Z,232,4.0,2.0,4.0,19.6,40.5,20.201,45.265,31.0
2026-09-15T15:34:39Z,232,3.0,0.0,3.0,19.6,40.5,20.279,45.303,31.0
2026-09-15T15:39:39Z,232,8.0,3.0,10.0,19.6,40.4,20.396,44.79,31.0
2026-09-15T15:44:39Z,232,8.0,4.0,9.0,19.7,40.1,20.354,44.435,31.0
2026-09-15T15:49:39Z,232,27.0,12.0,33.0,19.7,40.4,20.45,44.841,31.0
2026-09-15T15:54:39Z,232,5.0,3.0,6.0,19.7,40.4,20.535,45.15,31.0
2026-09-15T15:59:39Z,232,8.0,4.0,8.0,19.8,40.4,20.746,44.956,31.0
2026-09-15T16:04:39Z,232,6.0,2.0,6.0,19.9,40.5,20.762,45.137,31.0
2026-09-15T16:09:39Z,232,4.0,3.0,4.0,19.9,40.0,21.029,43.735,31.0
2026-09-15T16:14:39Z,232,3.0,0.0,3.0,20.0,39.9,21.093,43.615,31.0
2026-09-15T16:19:39Z,232,1.0,0.0,2.0,20.1,40.0,21.109,44.36,31.0
2026-09-15T16:24:39Z,232,3.0,0.0,3.0,20.1,39.9,20.898,44.244,31.0
2026-09-15T16:29:39Z,232,5.0,2.0,5.0,20.2,39.8,21.208,43.76,31.0
2026-09-15T16:34:39Z,232,5.0,3.0,5.0,20.3,40.0,21.091,44.608,31.0
2026-09-15T16:39:39Z,232,6.0,5.0,8.0,20.3,40.2,21.598,44.225,31.0
2026-09-15T16:44:40Z,232,7.0,3.0,8.0,20.4,40.2,21.229,44.969,31.0
2026-09-15T16:49:39Z,232,8.0,3.0,8.0,20.4,40.5,21.521,45.362,31.0
2026-09-15T16:54:39Z,232,6.0,3.0,10.0,20.5,40.5,21.798,44.683,31.0
2026-09-15T16:59:39Z,232,8.0,5.0,8.0,20.6,40.6,21.942,44.994,31.0
2026-09-15T17:04:40Z,232,7.0,5.0,8.0,20.7,40.3,21.894,44.645,31.0
2026-09-15T17:09:39Z,232,8.0,4.0,8.0,20.8,40.0,21.836,44.254,31.0
2026-09-15T17:14:39Z,232,8.0,5.0,8.0,20.9,40.1,22.26,44.175,31.0
2026-09-15T17:19:39Z,232,8.0,4.0,9.0,21.0,40.2,22.228,44.351,31.0
2026-09-15T17:24:40Z,232,6.0,4.0,8.0,21.0,39.8,22.378,43.308,31.0
2026-09-15T17:29:39Z,232,7.0,4.0,8.0,21.1,39.6,22.581,43.001,31.0
2026-09-15T17:34:39Z,232,4.0,2.0,4.0,21.1,39.2,22.228,43.544,31.0
2026-09-15T17:39:39Z,232,4.0,1.0,5.0,21.2,38.8,22.242,42.651,31.0
2026-09-15T17:44:39Z,232,3.0,1.0,4.0,21.2,38.2,22.29,41.942,31.0
2026-09-15T17:49:39Z,232,3.0,1.0,3.0,21.2,38.2,21.894,42.522,31.0
2026-09-15T17:54:39Z,232,4.0,2.0,4.0,21.2,38.6,21.905,43.676,31.0
2026-09-15T17:59:39Z,232,5.0,2.0,5.0,21.1,39.0,21.916,44.307,31.0
2026-09-15T18:04:40Z,232,2.0,1.0,3.0,21.1,38.2,21.892,42.571,31.0
2026-09-15T18:09:39Z,232,3.0,1.0,4.0,21.1,37.8,22.036,41.354,31.0
2026-09-15T18:14:39Z,232,3.0,0.0,3.0,21.1,37.7,22.308,41.339,31.0
2026-09-15T18:19:40Z,232,2.0,0.0,2.0,21.2,37.8,22.228,41.841,31.0
2026-09-15T18:24:40Z,232,1.0,0.0,1.0,21.2,40.3,21.037,49.44,31.0
2026-09-15T18:29:39Z,232,1.0,0.0,1.0,21.1,41.4,20.89,50.834,31.0
2026-09-15T18:34:40Z,232,0.0,0.0,0.0,20.9,42.5,20.495,52.787,31.0
2026-09-15T18:39:39Z,232,0.0,0.0,0.0,20.7,42.5,20.575,51.24,31.0
2026-09-15T18:44:40Z,232,1.0,0.0,1.0,20.6,42.9,20.735,52.137,31.0
2026-09-15T18:49:40Z,232,0.0,0.0,0.0,20.5,41.9,21.045,48.07,31.0
2026-09-15T18:54:40Z,232,0.0,0.0,0.0,20.5,41.3,20.615,47.601,31.0
2026-09-15T18:59:39Z,232,1.0,0.0,1.0,20.4,41.2,20.914,47.285,31.0
2026-09-15T19:09:39Z,232,1.0,1.0,2.0,20.4,41.4,21.184,47.174,31.0
2026-09-15T19:19:39Z,232,2.0,0.0,3.0,20.4,41.5,20.853,47.742,31.0
2026-09-15T19:29:40Z,232,0.0,0.0,0.0,20.5,39.8,21.192,43.609,31.0
2026-09-15T19:34:40Z,232,2.0,0.0,2.0,20.5,38.4,21.448,41.513,31.0
2026-09-15T19:39:39Z,232,1.0,0.0,1.0,20.6,38.2,21.63,40.635,31.0
2026-09-15T19:49:39Z,232,2.0,0.0,2.0,20.7,41.0,21.27,48.543,31.0
2026-09-15T19:54:40Z,232,0.0,0.0,0.0,20.7,41.5,20.965,49.436,31.0
2026-09-15T19:59:39Z,232,0.0,0.0,0.0,20.7,41.7,20.928,48.603,31.0
2026-09-15T20:04:39Z,232,3.0,1.0,3.0,20.7,41.3,21.067,48.011,31.0
2026-09-15T20:09:39Z,232,2.0,1.0,2.0,20.6,41.5,21.104,48.383,31.0
2026-09-15T20:19:40Z,232,1.0,0.0,1.0,20.5,40.9,20.685,47.464,31.0
2026-09-15T20:29:40Z,232,1.0,0.0,1.0,20.5,41.0,20.893,46.749,31.0
2026-09-15T20:39:40Z,232,6.0,2.0,6.0,20.3,41.4,21.003,47.435,31.0
2026-09-15T20:49:40Z,232,2.0,0.0,2.0,20.3,41.7,20.511,48.728,31.0
2026-09-15T20:59:40Z,232,3.0,0.0,4.0,20.3,42.3,20.436,50.592,31.0
2026-09-15T21:09:40Z,232,4.0,2.0,5.0,20.1,43.0,20.37,50.43,31.0
2026-09-15T21:19:40Z,232,6.0,4.0,6.0,20.0,43.4,20.274,51.513,31.0
2026-09-15T21:29:39Z,232,4.0,1.0,4.0,19.9,44.1,20.073,52.791,31.0
2026-09-15T21:34:40Z,232,2.0,0.0,2.0,19.8,44.0,20.025,52.528,31.0
2026-09-15T21:39:40Z,232,3.0,1.0,4.0,19.8,44.2,19.961,52.345,31.0
2026-09-15T21:49:39Z,232,5.0,1.0,5.0,19.7,44.4,19.691,53.508,31.0
2026-09-15T21:59:40Z,232,2.0,0.0,4.0,19.5,45.4,19.659,55.185,31.0
2026-09-15T22:04:39Z,232,1.0,0.0,1.0,19.5,46.5,19.296,57.779,31.0
2026-09-15T22:09:40Z,232,1.0,0.0,1.0,19.4,46.8,19.08,57.83,31.0
2026-09-15T22:19:40Z,232,1.0,0.0,1.0,19.1,47.4,19.032,57.575,31.0
2026-09-15T22:24:40Z,232,0.0,0.0,0.0,19.0,47.8,18.738,59.423,31.0
2026-09-15T22:29:40Z,232,0.0,0.0,0.0,18.9,48.7,18.546,61.041,31.0
2026-09-15T22:34:40Z,232,0.0,0.0,0.0,18.7,48.2,18.249,59.568,31.0
2026-09-15T22:39:40Z,232,0.0,0.0,0.0,18.6,48.5,18.084,60.865,31.0
2026-09-15T22:49:40Z,232,0.0,0.0,0.0,18.2,50.2,17.683,63.429,31.0
2026-09-15T22:54:39Z,232,3.0,1.0,3.0,18.0,50.9,17.422,64.466,31.0
2026-09-15T22:59:40Z,232,1.0,0.0,2.0,17.8,51.3,17.291,64.878,31.0
2026-09-15T23:04:40Z,232,2.0,0.0,2.0,17.6,51.9,17.152,65.403,31.0
2026-09-15T23:09:40Z,232,13.0,5.0,15.0,17.5,52.6,16.906,66.353,31.0
2026-09-15T23:14:40Z,232,4.0,1.0,5.0,17.3,53.0,16.928,66.427,31.0
2026-09-15T23:19:40Z,232,13.0,7.0,15.0,17.1,53.6,16.703,67.1,31.0
2026-09-15T23:29:40Z,232,7.0,3.0,10.0,16.9,54.6,16.503,68.899,31.0
2026-09-15T23:34:40Z,232,5.0,1.0,6.0,16.7,55.2,16.402,69.082,31.0
2026-09-15T23:39:40Z,232,5.0,2.0,5.0,16.6,55.6,16.444,68.357,31.0
2026-09-15T23:44:40Z,232,6.0,3.0,7.0,16.5,55.7,16.215,69.174,31.0
2026-09-15T23:49:40Z,232,7.0,3.0,7.0,16.4,56.0,16.02,69.488,31.0
2026-09-15T23:54:40Z,232,4.0,1.0,5.0,16.3,56.0,16.014,69.05,31.0
2026-09-15T23:59:40Z,232,36.0,23.0,42.0,16.2,55.0,15.496,68.178,31.0
2026-09-16T00:04:40Z,232,29.0,21.0,34.0,16.0,54.9,15.283,68.695,31.0
2026-09-16T00:09:40Z,232,33.0,22.0,37.0,15.9,55.2,15.24,68.54,31.0
2026-09-16T00:14:40Z,232,33.0,22.0,38.0,15.8,55.1,14.965,69.227,31.0
2026-09-16T00:19:40Z,232,26.0,18.0,29.0,15.6,55.8,14.709,69.645,31.0
2026-09-16T00:24:40Z,232,16.0,7.0,19.0,15.4,55.8,14.479,70.234,31.0
2026-09-16T00:29:40Z,232,22.0,13.0,23.0,15.3,56.1,14.356,70.545,31.0
2026-09-16T00:34:40Z,232,23.0,11.0,23.0,15.2,56.3,14.212,70.879,31.0
2026-09-16T00:39:40Z,232,30.0,20.0,33.0,15.0,56.7,14.156,70.911,31.0
2026-09-16T00:44:40Z,232,22.0,9.0,22.0,14.9,56.9,13.942,71.367,31.0
2026-09-16T00:49:40Z,232,8.0,4.0,8.0,14.8,57.1,13.782,71.8,31.0
2026-09-16T00:54:40Z,232,8.0,3.0,8.0,14.7,57.5,13.745,71.773,31.0
2026-09-16T00:59:40Z,232,11.0,6.0,12.0,14.6,57.7,13.619,72.275,31.0
2026-09-16T01:04:40Z,232,7.0,3.0,7.0,14.5,58.2,13.592,72.872,31.0
2026-09-16T01:09:40Z,232,11.0,7.0,11.0,14.4,58.1,13.47,72.918,31.0
2026-09-16T01:14:40Z,232,6.0,4.0,7.0,14.3,58.1,13.347,72.759,31.0
2026-09-16T01:19:40Z,232,17.0,9.0,19.0,14.2,58.7,13.384,72.655,31.0
2026-09-16T01:24:40Z,232,8.0,4.0,9.0,14.2,58.4,13.467,72.202,31.0
2026-09-16T01:29:40Z,232,13.0,7.0,18.0,14.1,58.7,13.451,72.378,31.0
2026-09-16T01:34:40Z,232,25.0,14.0,25.0,14.1,58.6,13.2,72.578,31.0
2026-09-16T01:39:40Z,232,25.0,12.0,25.0,14.0,58.8,13.061,73.208,31.0
2026-09-16T01:44:40Z,232,9.0,6.0,12.0,13.9,59.0,12.978,73.437,31.0
2026-09-16T01:49:40Z,232,16.0,8.0,17.0,13.8,59.4,13.016,73.513,31.0
2026-09-16T01:54:40Z,232,34.0,23.0,38.0,13.7,59.8,12.967,73.721,31.0
2026-09-16T01:59:40Z,232,34.0,23.0,35.0,13.6,59.6,12.738,73.839,31.0
2026-09-16T02:04:40Z,232,31.0,22.0,31.0,13.6,59.8,12.751,74.568,31.0
2026-09-16T02:09:40Z,232,29.0,22.0,30.0,13.5,60.0,12.911,73.852,31.0
2026-09-16T02:14:40Z,232,36.0,24.0,40.0,13.5,60.5,12.895,74.222,31.0
2026-09-16T02:19:40Z,232,34.0,23.0,35.0,13.5,60.8,12.794,74.535,31.0
2026-09-16T02:24:40Z,232,31.0,22.0,35.0,13.5,61.0,12.719,74.823,31.0
2026-09-16T02:29:40Z,232,31.0,18.0,34.0,13.4,61.1,12.663,75.048,31.0
2026-09-16T02:39:40Z,232,33.0,22.0,35.0,13.3,61.3,12.514,75.538,31.0
2026-09-16T02:44:40Z,232,9.0,6.0,12.0,13.3,61.6,12.391,76.488,31.0
2026-09-16T02:49:40Z,232,20.0,9.0,20.0,13.3,61.6,12.455,75.874,31.0
2026-09-16T02:54:40Z,232,31.0,23.0,32.0,13.2,61.7,12.409,75.464,31.0
2026-09-16T02:59:40Z,232,31.0,22.0,31.0,13.2,62.0,12.255,75.971,31.0
2026-09-16T03:04:40Z,232,20.0,11.0,24.0,13.1,61.7,12.206,75.899,31.0
2026-09-16T03:09:40Z,232,18.0,7.0,19.0,13.1,61.6,12.228,75.445,31.0
2026-09-16T03:14:40Z,232,19.0,9.0,20.0,13.1,61.6,12.158,75.628,31.0
2026-09-16T03:19:40Z,232,15.0,7.0,18.0,13.0,61.8,12.076,75.968,31.0
2026-09-16T03:24:40Z,232,18.0,9.0,23.0,13.0,62.3,12.065,76.2,31.0
2026-09-16T03:29:40Z,232,12.0,5.0,12.0,13.0,62.3,12.028,76.525,31.0
2026-09-16T03:34:41Z,232,20.0,8.0,21.0,12.9,62.5,12.049,76.568,31.0
2026-09-16T03:39:40Z,232,20.0,8.0,20.0,12.9,62.3,12.014,76.2,31.0
2026-09-16T03:44:40Z,232,12.0,7.0,14.0,12.9,62.4,11.955,76.124,31.0
2026-09-16T03:49:40Z,232,14.0,6.0,14.0,12.9,62.7,11.897,76.908,31.0
2026-09-16T03:54:40Z,232,8.0,5.0,8.0,12.8,62.9,11.918,77.474,31.0
2026-09-16T03:59:40Z,232,23.0,11.0,23.0,12.8,62.9,11.862,76.929,31.0
2026-09-16T04:04:41Z,232,20.0,8.0,20.0,12.8,62.9,11.899,76.324,31.0
2026-09-16T04:09:41Z,232,23.0,11.0,24.0,12.8,62.7,11.91,76.2,31.0
2026-09-16T04:14:40Z,232,34.0,22.0,36.0,12.7,62.8,11.819,76.525,31.0
2026-09-16T04:19:41Z,232,43.0,28.0,51.0,12.7,62.8,11.886,76.176,31.0
2026-09-16T04:24:40Z,232,71.0,43.0,78.0,12.7,62.6,11.699,76.401,31.0
2026-09-16T04:29:41Z,232,43.0,27.0,53.0,12.7,63.0,11.71,77.062,31.0
2026-09-16T04:34:41Z,232,28.0,16.0,28.0,12.6,63.2,11.758,77.278,31.0
2026-09-16T04:39:41Z,232,23.0,12.0,25.0,12.7,63.2,11.803,77.249,31.0
2026-09-16T04:44:40Z,232,20.0,9.0,21.0,12.6,63.3,11.643,77.303,31.0
2026-09-16T04:49:41Z,232,16.0,7.0,18.0,12.6,63.5,11.702,77.276,31.0
2026-09-16T04:54:41Z,232,24.0,9.0,24.0,12.6,63.5,11.606,77.665,31.0
2026-09-16T04:59:41Z,232,20.0,8.0,20.0,12.6,63.7,11.67,77.631,31.0
2026-09-16T05:04:41Z,232,24.0,9.0,25.0,12.6,64.2,11.635,78.783,31.0
2026-09-16T05:09:40Z,232,21.0,8.0,21.0,12.6,64.4,11.891,77.478,31.0
2026-09-16T05:14:41Z,232,17.0,8.0,20.0,12.6,63.8,11.662,77.202,31.0
2026-09-16T05:19:40Z,232,13.0,7.0,13.0,12.6,64.0,11.64,77.633,31.0
2026-09-16T05:24:40Z,232,8.0,5.0,11.0,12.6,63.8,11.656,77.133,31.0
2026-09-16T05:29:40Z,232,17.0,7.0,17.0,12.5,63.6,11.59,77.276,31.0
2026-09-16T05:34:41Z,232,19.0,7.0,20.0,12.5,63.4,11.488,77.415,31.0
2026-09-16T05:39:40Z,232,18.0,6.0,18.0,12.5,63.6,11.429,77.349,31.0
2026-09-16T05:44:40Z,232,17.0,8.0,17.0,12.4,63.7,11.429,77.343,31.0
2026-09-16T05:49:41Z,232,11.0,6.0,11.0,12.4,63.7,11.376,77.453,31.0
2026-09-16T05:54:41Z,232,8.0,4.0,8.0,12.4,63.4,11.32,77.526,31.0
2026-09-16T05:59:41Z,232,6.0,4.0,6.0,12.3,63.5,11.261,77.873,31.0
2026-09-16T06:04:40Z,232,6.0,3.0,7.0,12.3,63.4,11.176,77.711,31.0
2026-09-16T06:09:40Z,232,5.0,3.0,5.0,12.3,63.4,11.181,77.545,31.0
2026-09-16T06:14:41Z,232,5.0,2.0,5.0,12.2,63.8,11.098,78.081,31.0
2026-09-16T06:19:41Z,232,5.0,2.0,5.0,12.2,63.7,11.077,77.825,31.0
2026-09-16T06:24:41Z,232,4.0,2.0,5.0,12.2,63.7,11.072,78.052,31.0
2026-09-16T06:29:41Z,232,5.0,1.0,5.0,12.1,63.8,11.173,77.896,31.0
2026-09-16T06:34:41Z,232,6.0,3.0,7.0,12.2,63.9,11.242,77.482,31.0
2026-09-16T06:39:40Z,232,5.0,1.0,5.0,12.1,63.9,11.202,77.581,31.0
2026-09-16T06:44:41Z,232,4.0,2.0,4.0,12.2,63.8,11.154,77.558,31.0
2026-09-16T06:49:40Z,232,5.0,1.0,5.0,12.2,63.8,11.085,77.751,31.0
2026-09-16T06:54:41Z,232,4.0,2.0,5.0,12.1,64.0,11.053,78.06,31.0
2026-09-16T06:59:41Z,232,4.0,1.0,5.0,12.1,64.1,11.04,78.018,31.0
2026-09-16T07:04:41Z,232,4.0,2.0,4.0,12.1,64.0,11.023,78.379,31.0
2026-09-16T07:19:41Z,232,9.0,5.0,14.0,12.1,64.8,11.429,78.066,31.0
2026-09-16T07:24:41Z,232,4.0,3.0,6.0,12.2,65.1,11.518,78.024,31.0
2026-09-16T07:29:40Z,232,2.0,1.0,2.0,12.3,65.2,11.592,78.581,31.0
2026-09-16T07:34:41Z,232,4.0,1.0,5.0,12.3,65.3,11.736,78.422,31.0
2026-09-16T07:39:41Z,232,6.0,3.0,6.0,12.4,65.7,11.875,78.579,31.0
2026-09-16T07:44:40Z,232,4.0,1.0,5.0,12.5,65.9,12.073,78.424,31.0
2026-09-16T07:49:41Z,232,1.0,0.0,1.0,12.6,65.8,12.252,77.772,31.0
2026-09-16T07:54:41Z,232,1.0,1.0,3.0,12.7,65.8,12.295,78.071,31.0
2026-09-16T07:59:41Z,232,2.0,0.0,2.0,12.8,65.5,12.401,77.44,31.0
2026-09-16T08:04:41Z,232,3.0,0.0,3.0,12.9,65.2,12.407,77.413,31.0
2026-09-16T08:09:41Z,232,2.0,0.0,2.0,13.0,65.1,12.455,77.143,31.0
2026-09-16T08:14:41Z,232,3.0,0.0,3.0,13.0,65.5,12.57,77.98,31.0
2026-09-16T08:19:41Z,232,2.0,0.0,2.0,13.1,65.1,12.527,77.656,31.0
2026-09-16T08:24:41Z,232,1.0,0.0,2.0,13.1,65.0,12.548,77.412,31.0
2026-09-16T08:29:41Z,232,3.0,1.0,3.0,13.1,64.9,12.538,77.114,31.0
2026-09-16T08:34:41Z,232,2.0,0.0,3.0,13.1,64.6,12.455,77.066,31.0
2026-09-16T08:39:41Z,232,1.0,0.0,1.0,13.1,64.8,12.449,77.593,31.0
2026-09-16T08:44:40Z,232,5.0,2.0,5.0,13.1,64.6,12.417,77.021,31.0
2026-09-16T08:49:41Z,232,3.0,1.0,3.0,13.1,64.4,12.425,76.961,31.0
2026-09-16T08:54:41Z,232,2.0,1.0,2.0,13.1,64.1,12.313,77.185,31.0
2026-09-16T08:59:41Z,232,4.0,1.0,4.0,13.1,64.1,12.164,77.207,31.0
2026-09-16T09:04:41Z,232,9.0,4.0,11.0,13.1,64.3,12.052,77.963,31.0
2026-09-16T09:09:41Z,232,3.0,1.0,3.0,13.0,64.2,11.977,77.511,31.0
2026-09-16T09:14:41Z,232,1.0,1.0,2.0,12.9,63.9,11.846,77.648,31.0
2026-09-16T09:19:41Z,232,1.0,0.0,3.0,12.9,63.9,11.755,77.44,31.0
2026-09-16T09:24:41Z,232,4.0,0.0,4.0,12.8,63.8,11.627,77.789,31.0
2026-09-16T09:29:41Z,232,3.0,0.0,3.0,12.7,63.6,11.355,77.768,31.0
2026-09-16T09:34:41Z,232,3.0,0.0,3.0,12.6,64.1,11.25,78.415,31.0
2026-09-16T09:39:41Z,232,2.0,0.0,2.0,12.5,63.9,11.234,77.791,31.0
2026-09-16T09:44:41Z,232,5.0,3.0,6.0,12.4,63.7,11.042,78.516,31.0
2026-09-16T09:49:41Z,232,2.0,0.0,3.0,12.3,63.9,11.074,77.89,31.0
2026-09-16T09:54:41Z,232,3.0,0.0,3.0,12.2,64.0,11.007,78.466,31.0
2026-09-16T09:59:41Z,232,3.0,0.0,3.0,12.1,64.1,10.922,78.195,31.0
2026-09-16T10:04:41Z,232,0.0,0.0,0.0,12.1,63.9,10.895,77.835,31.0
2026-09-16T10:34:41Z,232,2.0,1.0,2.0,11.7,63.7,10.332,77.801,31.0
2026-09-16T10:39:41Z,232,2.0,0.0,2.0,11.7,63.7,10.375,77.717,31.0
2026-09-16T10:44:41Z,232,2.0,0.0,3.0,11.7,64.0,10.297,77.783,31.0
2026-09-16T10:49:41Z,232,2.0,0.0,2.0,11.6,63.7,10.324,77.751,31.0
2026-09-16T10:54:41Z,232,2.0,0.0,2.0,11.6,64.0,10.388,77.822,31.0
2026-09-16T10:59:41Z,232,7.0,4.0,8.0,11.5,64.6,10.404,78.241,31.0
2026-09-16T11:04:41Z,232,10.0,6.0,10.0,11.5,64.7,10.607,77.839,31.0
2026-09-16T11:09:41Z,232,8.0,5.0,12.0,11.6,64.7,10.626,77.677,31.0
2026-09-16T14:49:41Z,232,26.0,13.0,26.0,17.2,52.4,17.096,60.579,31.0
2026-09-16T14:54:41Z,232,25.0,17.0,27.0,17.2,52.1,16.936,60.764,31.0
2026-09-16T14:59:41Z,232,28.0,18.0,30.0,17.2,52.1,17.123,60.238,31.0
2026-09-16T15:04:42Z,232,28.0,19.0,30.0,17.2,52.0,16.925,60.569,31.0
2026-09-16T15:09:42Z,232,27.0,19.0,27.0,17.3,51.8,17.163,59.705,31.0
2026-09-16T15:14:41Z,232,29.0,19.0,32.0,17.3,51.6,17.344,58.921,31.0
2026-09-16T15:19:41Z,232,27.0,16.0,28.0,17.3,51.2,17.168,59.332,31.0
2026-09-16T15:24:42Z,232,22.0,12.0,22.0,17.3,51.3,17.136,59.492,31.0
2026-09-16T15:29:41Z,232,17.0,7.0,18.0,17.3,51.0,16.992,59.404,31.0
2026-09-16T15:34:41Z,232,19.0,8.0,21.0,17.3,50.9,16.909,59.677,31.0
2026-09-16T15:39:42Z,232,18.0,8.0,20.0,17.3,51.1,17.139,59.49,31.0
2026-09-16T15:44:42Z,232,11.0,6.0,15.0,17.3,51.1,16.936,59.887,31.0
2026-09-16T15:49:42Z,232,12.0,7.0,12.0,17.3,51.0,17.123,59.326,31.0
2026-09-16T15:54:42Z,232,14.0,5.0,16.0,17.3,51.1,17.301,58.843,31.0
2026-09-16T15:59:42Z,232,14.0,6.0,18.0,17.3,51.1,17.547,58.439,31.0
2026-09-16T16:04:42Z,232,12.0,5.0,14.0,17.3,51.0,17.275,58.794,31.0
2026-09-16T16:09:42Z,232,15.0,5.0,15.0,17.4,51.0,17.617,58.17,31.0
2026-09-16T16:14:42Z,232,6.0,2.0,7.0,17.5,50.7,17.836,56.959,31.0
2026-09-16T16:19:41Z,232,7.0,3.0,7.0,17.5,50.9,17.87,57.615,31.0
2026-09-16T16:24:42Z,232,5.0,2.0,5.0,17.6,50.4,17.609,57.621,31.0
2026-09-16T16:29:41Z,232,8.0,4.0,8.0,17.6,50.1,17.977,56.152,31.0
2026-09-16T16:34:42Z,232,8.0,5.0,9.0,17.7,50.1,17.988,56.167,31.0
2026-09-16T16:39:42Z,232,5.0,3.0,5.0,17.7,49.8,18.129,55.99,31.0
2026-09-16T16:44:42Z,232,7.0,4.0,7.0,17.8,49.7,18.332,55.444,31.0
2026-09-16T16:49:42Z,232,3.0,2.0,4.0,17.8,49.6,18.492,55.263,31.0
2026-09-16T16:54:42Z,232,4.0,2.0,5.0,17.9,49.0,18.423,54.996,31.0
2026-09-16T16:59:42Z,232,3.0,0.0,3.0,18.0,48.8,18.3,55.034,31.0
2026-09-16T17:04:41Z,232,3.0,2.0,4.0,18.0,48.6,18.095,55.574,31.0
2026-09-16T17:09:41Z,232,4.0,2.0,4.0,18.1,48.3,18.116,54.918,31.0
2026-09-16T17:14:42Z,232,3.0,2.0,3.0,18.1,48.3,18.623,54.061,31.0
2026-09-16T17:19:42Z,232,5.0,1.0,5.0,18.2,48.5,18.917,53.924,31.0
2026-09-16T17:24:41Z,232,5.0,2.0,5.0,18.2,48.4,18.938,53.695,31.0
2026-09-16T17:29:42Z,232,5.0,2.0,5.0,18.3,48.4,18.637,54.801,31.0
2026-09-16T17:34:42Z,232,7.0,3.0,8.0,18.4,48.6,18.994,54.464,31.0
2026-09-16T17:39:42Z,232,5.0,2.0,5.0,18.4,48.6,19.101,54.487,31.0
2026-09-16T17:44:42Z,232,1.0,0.0,1.0,18.5,48.2,18.978,53.834,31.0
2026-09-16T17:49:42Z,232,2.0,1.0,3.0,18.6,48.2,18.962,54.336,31.0
2026-09-16T17:54:41Z,232,1.0,0.0,1.0,18.6,48.1,18.874,54.401,31.0
2026-09-16T17:59:42Z,232,1.0,0.0,1.0,18.6,47.2,18.484,53.405,31.0
2026-09-16T18:04:42Z,232,2.0,1.0,2.0,18.6,47.7,18.741,54.811,31.0
2026-09-16T18:09:41Z,232,2.0,0.0,2.0,18.6,47.8,18.767,54.292,31.0
2026-09-16T18:14:41Z,232,0.0,0.0,0.0,18.6,47.7,18.714,54.769,31.0
2026-09-16T18:19:42Z,232,1.0,0.0,1.0,18.6,48.0,18.962,54.475,31.0
2026-09-16T18:24:42Z,232,1.0,0.0,1.0,18.6,47.8,18.973,54.235,31.0
2026-09-16T18:29:42Z,232,0.0,0.0,1.0,18.6,47.9,18.738,54.605,31.0
2026-09-16T18:34:42Z,232,0.0,0.0,1.0,18.6,47.7,18.914,53.974,31.0
2026-09-16T18:39:42Z,232,1.0,0.0,1.0,18.6,47.8,18.856,54.569,31.0
2026-09-16T18:44:42Z,232,1.0,0.0,1.0,18.6,47.7,18.864,54.582,31.0
2026-09-16T18:49:41Z,232,0.0,0.0,0.0,18.6,48.2,19.029,54.889,31.0
2026-09-16T18:54:42Z,232,0.0,0.0,1.0,18.6,47.9,18.869,54.889,31.0
2026-09-16T18:59:42Z,232,1.0,0.0,1.0,18.6,47.7,19.045,53.562,31.0
2026-09-16T19:04:42Z,232,0.0,0.0,0.0,18.7,47.7,19.277,53.981,31.0
2026-09-16T19:09:41Z,232,0.0,0.0,0.0,18.7,47.5,19.197,53.749,31.0
2026-09-16T19:14:42Z,232,0.0,0.0,0.0,18.8,47.1,19.224,53.565,31.0
2026-09-16T19:19:42Z,232,0.0,0.0,0.0,18.8,47.0,19.149,52.869,31.0
2026-09-16T19:24:42Z,232,0.0,0.0,0.0,18.8,46.7,19.093,53.136,31.0
2026-09-16T19:29:42Z,232,0.0,0.0,0.0,18.8,46.6,19.302,52.633,31.0
2026-09-16T19:34:42Z,232,0.0,0.0,0.0,18.8,46.9,19.478,52.9,31.0
2026-09-16T19:39:42Z,232,0.0,0.0,1.0,18.9,46.6,19.499,52.494,31.0
2026-09-16T19:44:42Z,232,0.0,0.0,0.0,18.9,46.4,19.371,52.116,31.0
2026-09-16T19:49:42Z,232,0.0,0.0,1.0,18.9,45.7,19.47,51.391,31.0
2026-09-16T19:54:42Z,232,0.0,0.0,0.0,18.9,45.7,19.464,50.922,31.0
2026-09-16T19:59:42Z,232,0.0,0.0,0.0,18.9,45.5,19.294,51.46,31.0
2026-09-16T20:04:42Z,232,0.0,0.0,0.0,19.0,45.5,19.32,51.826,31.0
2026-09-16T20:09:42Z,232,0.0,0.0,0.0,19.0,46.0,19.358,52.667,31.0
2026-09-16T20:14:42Z,232,0.0,0.0,0.0,19.0,46.3,19.12,53.815,31.0
2026-09-16T20:19:42Z,232,2.0,0.0,2.0,18.9,46.7,19.275,54.199,31.0
2026-09-16T20:24:42Z,232,0.0,0.0,0.0,18.9,47.8,19.318,55.563,31.0
2026-09-16T20:29:42Z,232,0.0,0.0,0.0,18.9,47.9,19.243,55.181,31.0
2026-09-16T20:34:42Z,232,0.0,0.0,0.0,18.9,47.5,19.099,54.685,31.0
2026-09-16T20:39:42Z,232,0.0,0.0,0.0,18.8,47.1,19.187,54.405,31.0
2026-09-16T20:44:42Z,232,0.0,0.0,0.0,18.8,47.4,19.144,54.561,31.0
2026-09-16T20:49:42Z,232,0.0,0.0,0.0,18.8,47.8,18.893,55.585,31.0
2026-09-16T20:54:42Z,232,0.0,0.0,0.0,18.8,48.1,18.914,56.327,31.0
2026-09-16T20:59:42Z,232,0.0,0.0,0.0,18.7,48.6,18.674,57.468,31.0
2026-09-16T21:04:42Z,232,0.0,0.0,1.0,18.7,49.0,18.543,58.286,31.0
2026-09-16T21:09:42Z,232,0.0,0.0,0.0,18.6,49.3,18.522,58.538,31.0
2026-09-16T21:14:42Z,232,0.0,0.0,0.0,18.5,49.4,18.532,58.374,31.0
2026-09-16T21:19:42Z,232,0.0,0.0,0.0,18.5,50.0,18.458,59.539,31.0
2026-09-16T21:24:42Z,232,0.0,0.0,0.0,18.4,50.1,18.444,59.56,31.0
2026-09-16T21:29:42Z,232,0.0,0.0,1.0,18.3,50.7,18.311,60.762,31.0
2026-09-16T21:34:42Z,232,0.0,0.0,0.0,18.3,51.0,18.284,60.997,31.0
2026-09-16T21:39:42Z,232,2.0,1.0,3.0,18.2,51.5,18.231,61.773,31.0
2026-09-16T21:44:42Z,232,1.0,0.0,1.0,18.2,52.0,18.087,62.544,31.0
2026-09-16T21:49:42Z,232,1.0,0.0,1.0,18.1,52.1,18.089,61.981,31.0
2026-09-16T21:54:42Z,232,1.0,0.0,2.0,18.0,52.3,17.972,62.809,31.0
2026-09-16T21:59:42Z,232,0.0,0.0,0.0,18.0,52.8,17.753,63.568,31.0
2026-09-16T22:04:42Z,232,1.0,0.0,2.0,17.9,53.1,17.55,64.569,31.0
2026-09-16T22:09:42Z,232,0.0,0.0,0.0,17.8,53.4,17.379,64.947,31.0
2026-09-16T22:14:42Z,232,0.0,0.0,0.0,17.7,53.8,17.296,65.382,31.0
2026-09-16T22:19:42Z,232,0.0,0.0,0.0,17.5,54.0,17.205,65.592,31.0
2026-09-16T22:24:42Z,232,1.0,0.0,1.0,17.4,54.4,17.125,65.866,31.0
2026-09-16T22:29:42Z,232,0.0,0.0,0.0,17.3,54.6,16.938,66.663,31.0
2026-09-16T22:34:42Z,232,0.0,0.0,0.0,17.2,54.9,16.757,67.133,31.0
2026-09-16T22:39:42Z,232,3.0,1.0,3.0,17.1,55.0,16.711,67.219,31.0
2026-09-16T22:44:42Z,232,2.0,0.0,2.0,17.0,55.4,16.482,67.735,31.0
2026-09-16T22:49:42Z,232,2.0,0.0,3.0,16.9,55.5,16.418,68.056,31.0
2026-09-16T22:54:42Z,232,5.0,0.0,6.0,16.7,55.9,16.348,68.208,31.0
2026-09-16T22:59:42Z,232,6.0,2.0,7.0,16.6,56.2,16.207,68.409,31.0
2026-09-16T23:04:42Z,232,12.0,6.0,13.0,16.5,56.5,16.068,68.819,31.0
2026-09-16T23:09:42Z,232,22.0,12.0,23.0,16.3,57.1,16.014,69.135,31.0
2026-09-16T23:14:42Z,232,10.0,3.0,11.0,16.2,57.5,15.87,69.732,31.0
2026-09-16T23:19:42Z,232,13.0,8.0,13.0,16.1,57.6,15.798,70.051,31.0
2026-09-16T23:24:42Z,232,18.0,7.0,18.0,16.0,57.9,15.761,70.093,31.0
2026-09-16T23:29:42Z,232,11.0,4.0,12.0,15.9,58.2,15.686,70.581,31.0
2026-09-16T23:34:42Z,232,19.0,9.0,20.0,15.8,58.5,15.547,70.78,31.0
2026-09-16T23:39:42Z,232,34.0,23.0,37.0,15.7,58.9,15.43,71.562,31.0
2026-09-16T23:44:42Z,232,28.0,21.0,29.0,15.7,58.7,15.411,70.856,31.0
2026-09-16T23:49:42Z,232,16.0,7.0,18.0,15.6,58.6,15.256,70.623,31.0
2026-09-16T23:54:42Z,232,14.0,6.0,16.0,15.5,58.7,15.144,70.467,31.0
2026-09-16T23:59:42Z,232,14.0,8.0,15.0,15.4,58.8,14.952,70.698,31.0
2026-09-17T00:04:43Z,232,7.0,4.0,7.0,15.3,58.7,14.636,71.14,31.0
2026-09-17T00:09:42Z,232,11.0,7.0,11.0,15.2,58.7,14.468,71.396,31.0
2026-09-17T00:14:42Z,232,15.0,7.0,16.0,15.1,58.6,14.329,71.525,31.0
2026-09-17T00:19:43Z,232,11.0,6.0,11.0,15.0,58.8,14.217,71.691,31.0
2026-09-17T00:24:42Z,232,24.0,16.0,26.0,14.9,59.2,14.126,72.052,31.0
2026-09-17T00:29:42Z,232,33.0,22.0,38.0,14.8,59.4,14.065,72.149,31.0
2026-09-17T00:34:42Z,232,33.0,21.0,35.0,14.7,59.7,13.883,72.862,31.0
2026-09-17T00:39:42Z,232,33.0,22.0,35.0,14.6,59.7,13.841,73.072,31.0
2026-09-17T00:44:42Z,232,17.0,9.0,17.0,14.5,59.9,13.643,73.467,31.0
2026-09-17T00:49:42Z,232,22.0,11.0,23.0,14.4,60.3,13.568,73.69,31.0
2026-09-17T00:54:42Z,232,24.0,16.0,25.0,14.3,60.4,13.566,73.879,31.0
2026-09-17T00:59:42Z,232,16.0,8.0,16.0,14.3,60.8,13.528,73.976,31.0
2026-09-17T01:04:43Z,232,31.0,20.0,32.0,14.2,61.0,13.352,74.062,31.0
2026-09-17T01:09:42Z,232,43.0,30.0,51.0,14.1,61.1,13.357,74.259,31.0
2026-09-17T01:14:43Z,232,23.0,12.0,24.0,14.0,61.3,13.283,74.346,31.0
2026-09-17T01:19:42Z,232,18.0,8.0,19.0,14.0,61.4,13.184,74.507,31.0
2026-09-17T01:24:42Z,232,8.0,5.0,9.0,14.0,61.6,13.098,74.541,31.0
2026-09-17T01:29:42Z,232,11.0,7.0,14.0,13.8,61.4,12.97,74.846,31.0
2026-09-17T01:34:43Z,232,8.0,4.0,8.0,13.7,61.8,12.879,75.207,31.0
2026-09-17T01:39:43Z,232,9.0,5.0,9.0,13.6,62.0,12.805,75.588,31.0
2026-09-17T01:44:43Z,232,24.0,13.0,26.0,13.5,62.1,12.791,75.477,31.0
2026-09-17T01:49:42Z,232,27.0,16.0,30.0,13.5,62.2,12.69,75.21,31.0
2026-09-17T01:54:42Z,232,29.0,19.0,32.0,13.5,62.2,12.781,74.886,31.0
2026-09-17T01:59:43Z,232,41.0,25.0,48.0,13.4,62.1,12.652,75.306,31.0
2026-09-17T02:04:43Z,232,29.0,18.0,29.0,13.4,62.5,12.564,75.79,31.0
2026-09-17T02:09:42Z,232,24.0,13.0,26.0,13.3,62.7,12.415,75.88,31.0
2026-09-17T02:14:42Z,232,24.0,14.0,24.0,13.3,62.8,12.409,76.086,31.0
2026-09-17T02:19:42Z,232,20.0,8.0,20.0,13.2,63.0,12.415,75.901,31.0
2026-09-17T02:24:43Z,232,21.0,9.0,21.0,13.2,62.9,12.271,75.937,31.0
2026-09-17T02:29:42Z,232,19.0,9.0,19.0,13.1,63.1,12.204,76.231,31.0
2026-09-17T02:34:43Z,232,20.0,8.0,21.0,13.1,63.1,12.161,76.263,31.0
2026-09-17T02:39:43Z,232,20.0,9.0,24.0,13.0,63.1,12.182,76.168,31.0
2026-09-17T02:44:43Z,232,18.0,8.0,18.0,13.0,63.2,12.156,76.132,31.0
2026-09-17T02:49:43Z,232,12.0,8.0,13.0,12.9,63.2,12.054,76.355,31.0
2026-09-17T02:54:43Z,232,21.0,9.0,21.0,12.9,63.1,12.052,75.941,31.0
2026-09-17T02:59:42Z,232,30.0,20.0,31.0,12.9,63.1,11.913,76.582,31.0
2026-09-17T03:04:42Z,232,34.0,23.0,38.0,12.8,63.4,11.95,76.37,31.0
2026-09-17T03:09:43Z,232,34.0,23.0,37.0,12.8,63.5,11.971,76.124,31.0
2026-09-17T03:14:43Z,232,46.0,30.0,54.0,12.8,64.0,12.012,77.16,31.0
2026-09-17T03:19:43Z,232,49.0,31.0,59.0,12.7,64.7,12.113,77.938,31.0
2026-09-17T03:24:43Z,232,37.0,25.0,44.0,12.8,65.2,12.305,78.184,31.0
2026-09-17T03:29:43Z,232,43.0,28.0,50.0,12.8,65.3,12.399,77.909,31.0
2026-09-17T03:34:43Z,232,38.0,23.0,42.0,12.9,65.4,12.548,77.291,31.0
2026-09-17T03:39:43Z,232,31.0,23.0,32.0,13.0,65.3,12.655,76.847,31.0
2026-09-17T03:44:43Z,232,17.0,6.0,19.0,13.0,65.2,13.146,74.871,31.0
2026-09-17T03:49:43Z,232,7.0,5.0,7.0,13.2,64.4,13.512,72.971,31.0
2026-09-17T03:54:42Z,232,4.0,1.0,4.0,13.3,63.6,14.148,70.081,31.0
2026-09-17T03:59:43Z,232,5.0,2.0,5.0,13.5,63.0,14.511,68.535,31.0
2026-09-17T04:04:42Z,232,4.0,2.0,4.0,13.8,62.4,14.436,68.792,31.0
2026-09-17T04:09:43Z,232,3.0,1.0,5.0,14.1,61.3,14.901,66.881,31.0
2026-09-17T04:14:42Z,232,5.0,1.0,6.0,14.3,60.6,15.197,65.822,31.0
2026-09-17T04:19:43Z,232,3.0,1.0,4.0,14.5,59.9,15.347,65.088,31.0
2026-09-17T04:24:42Z,232,1.0,0.0,1.0,14.7,59.4,15.432,64.581,31.0
2026-09-17T04:29:43Z,232,1.0,0.0,1.0,14.9,58.9,15.542,64.18,31.0
2026-09-17T04:34:43Z,232,2.0,0.0,2.0,15.0,58.0,15.547,64.054,31.0
2026-09-17T04:39:43Z,232,1.0,0.0,1.0,15.2,57.6,15.579,63.923,31.0
2026-09-17T04:44:43Z,232,1.0,0.0,1.0,15.3,57.3,15.579,63.827,31.0
2026-09-17T04:49:42Z,232,1.0,0.0,1.0,15.4,56.9,15.55,63.682,31.0
2026-09-17T04:54:43Z,232,1.0,0.0,2.0,15.4,56.5,15.55,63.65,31.0
2026-09-17T04:59:43Z,232,1.0,0.0,1.0,15.5,56.0,15.539,63.415,31.0
2026-09-17T05:04:43Z,232,0.0,0.0,0.0,15.5,56.2,15.486,63.594,31.0
2026-09-17T05:09:43Z,232,0.0,0.0,1.0,15.5,55.9,15.512,63.394,31.0
2026-09-17T05:14:43Z,232,1.0,0.0,1.0,15.5,55.7,15.451,63.579,31.0
2026-09-17T05:19:42Z,232,0.0,0.0,0.0,15.6,55.7,15.43,63.797,31.0
2026-09-17T05:24:43Z,232,0.0,0.0,1.0,15.5,55.6,15.344,63.965,31.0
2026-09-17T05:29:43Z,232,0.0,0.0,0.0,15.6,55.7,15.307,64.197,31.0
2026-09-17T05:34:43Z,232,0.0,0.0,2.0,15.5,55.5,15.219,64.447,31.0
2026-09-17T05:39:43Z,232,1.0,0.0,1.0,15.5,55.9,15.181,64.617,31.0
2026-09-17T05:44:43Z,232,1.0,0.0,1.0,15.4,55.9,15.106,64.968,31.0
2026-09-17T05:49:43Z,232,1.0,0.0,1.0,15.4,56.0,15.069,65.0,31.0
2026-09-17T05:54:43Z,232,1.0,0.0,1.0,15.3,56.2,14.895,65.691,31.0
2026-09-17T05:59:43Z,232,0.0,0.0,0.0,15.3,56.1,14.89,65.754,31.0
2026-09-17T06:04:43Z,232,0.0,0.0,1.0,15.2,56.5,14.842,65.683,31.0
2026-09-17T06:09:43Z,232,2.0,0.0,2.0,15.2,56.4,14.917,65.365,31.0
2026-09-17T06:14:43Z,232,0.0,0.0,0.0,15.2,56.5,14.877,65.193,31.0
2026-09-17T06:19:43Z,232,2.0,0.0,2.0,15.1,56.6,14.887,65.345,31.0
2026-09-17T06:24:43Z,232,0.0,0.0,0.0,15.1,56.5,14.893,65.077,31.0
2026-09-17T06:29:43Z,232,1.0,0.0,2.0,15.1,56.6,14.85,65.18,31.0
2026-09-17T06:34:43Z,232,0.0,0.0,0.0,15.1,56.5,14.917,64.661,31.0
2026-09-17T06:39:43Z,232,1.0,0.0,1.0,15.1,56.1,14.976,64.384,31.0
2026-09-17T06:44:43Z,232,0.0,0.0,1.0,15.1,56.0,15.002,64.138,31.0
2026-09-17T06:49:43Z,232,0.0,0.0,0.0,15.1,55.9,15.024,63.814,31.0
2026-09-17T06:54:43Z,232,0.0,0.0,0.0,15.2,55.5,15.12,63.242,31.0
2026-09-17T06:59:43Z,232,1.0,0.0,1.0,15.3,55.3,15.117,62.818,31.0
2026-09-17T07:04:43Z,232,0.0,0.0,1.0,15.4,55.0,15.203,62.957,31.0
2026-09-17T07:09:43Z,232,0.0,0.0,1.0,15.4,54.7,15.219,63.02,31.0
2026-09-17T07:14:43Z,232,1.0,0.0,1.0,15.4,55.2,14.626,65.914,31.0
2026-09-17T07:19:43Z,232,1.0,0.0,1.0,15.4,54.9,14.909,64.405,31.0
2026-09-17T07:24:42Z,232,1.0,0.0,1.0,15.3,55.1,14.746,65.189,31.0
2026-09-17T07:29:43Z,232,2.0,0.0,2.0,15.2,55.2,14.789,64.457,31.0
2026-09-17T07:34:43Z,232,1.0,0.0,1.0,15.2,55.3,14.719,64.178,31.0
2026-09-17T07:39:43Z,232,1.0,0.0,1.0,15.1,55.1,14.693,64.642,31.0
2026-09-17T07:44:43Z,232,0.0,0.0,0.0,15.1,55.2,14.53,64.642,31.0
2026-09-17T07:49:43Z,232,0.0,0.0,1.0,15.0,55.1,14.423,65.151,31.0
2026-09-17T07:54:43Z,232,1.0,0.0,2.0,14.9,55.3,14.337,65.588,31.0
2026-09-17T07:59:43Z,232,1.0,0.0,2.0,14.8,55.8,14.177,66.286,31.0
2026-09-17T08:04:43Z,232,1.0,0.0,1.0,14.7,56.2,14.044,66.793,31.0
2026-09-17T08:09:43Z,232,1.0,0.0,1.0,14.7,56.2,14.025,66.665,31.0
2026-09-17T08:14:43Z,232,0.0,0.0,2.0,14.6,56.0,13.891,66.469,31.0
2026-09-17T08:19:43Z,232,0.0,0.0,2.0,14.5,56.1,13.854,66.612,31.0
2026-09-17T08:24:43Z,232,2.0,0.0,2.0,14.5,56.4,13.918,66.293,31.0
2026-09-17T08:29:43Z,232,1.0,0.0,1.0,14.4,56.3,14.094,65.391,31.0
2026-09-17T08:34:43Z,232,1.0,0.0,1.0,14.4,55.8,14.049,65.244,31.0
2026-09-17T08:39:43Z,232,0.0,0.0,0.0,14.4,55.7,13.974,64.771,31.0
2026-09-17T08:44:43Z,232,1.0,0.0,1.0,14.4,55.2,14.199,63.284,31.0
2026-09-17T08:49:43Z,232,2.0,0.0,2.0,14.4,55.7,14.113,64.644,31.0
2026-09-17T08:54:43Z,232,0.0,0.0,0.0,14.4,56.0,13.91,65.695,31.0
2026-09-17T08:59:43Z,232,1.0,0.0,1.0,14.4,56.0,13.982,65.302,31.0
2026-09-17T09:04:43Z,232,1.0,0.0,1.0,14.4,56.0,13.934,65.345,31.0
2026-09-17T09:09:43Z,232,2.0,1.0,2.0,14.3,56.5,13.753,66.19,31.0
2026-09-17T09:14:43Z,232,1.0,0.0,1.0,14.3,56.3,13.774,65.956,31.0
2026-09-17T09:19:44Z,232,0.0,0.0,0.0,14.3,56.1,13.827,65.632,31.0
2026-09-17T09:24:43Z,232,0.0,0.0,0.0,14.3,56.4,13.798,65.622,31.0
2026-09-17T09:29:44Z,232,1.0,0.0,1.0,14.3,56.2,13.739,65.834,31.0
2026-09-17T09:34:44Z,232,2.0,0.0,2.0,14.2,56.2,13.707,65.839,31.0
2026-09-17T09:39:44Z,232,3.0,1.0,3.0,14.2,56.2,13.686,66.301,31.0
2026-09-17T09:44:44Z,232,3.0,0.0,3.0,14.1,56.5,13.515,66.789,31.0
2026-09-17T09:49:43Z,232,1.0,0.0,1.0,14.1,56.5,13.347,67.133,31.0
2026-09-17T09:54:43Z,232,3.0,0.0,3.0,14.0,56.8,13.208,67.865,31.0
2026-09-17T09:59:43Z,232,2.0,0.0,2.0,13.9,56.7,13.138,67.623,31.0
2026-09-17T10:04:44Z,232,2.0,0.0,2.0,13.9,56.8,13.133,67.379,31.0
2026-09-17T10:09:43Z,232,4.0,2.0,5.0,13.7,57.2,12.802,68.638,31.0
2026-09-17T10:14:44Z,232,2.0,1.0,3.0,13.7,56.8,12.879,67.705,31.0
2026-09-17T10:19:44Z,232,4.0,1.0,4.0,13.6,56.7,13.018,66.784,31.0
2026-09-17T10:24:44Z,232,4.0,1.0,5.0,13.5,57.0,12.949,67.474,31.0
2026-09-17T10:29:43Z,232,4.0,2.0,4.0,13.5,57.0,13.013,67.177,31.0
2026-09-17T10:34:43Z,232,3.0,1.0,3.0,13.5,57.4,13.021,67.39,31.0
2026-09-17T10:39:44Z,232,3.0,1.0,3.0,13.5,57.5,13.0,67.505,31.0
2026-09-17T10:44:43Z,232,1.0,0.0,1.0,13.5,56.8,13.17,65.763,31.0
2026-09-17T10:49:43Z,232,2.0,0.0,2.0,13.5,57.0,13.181,66.221,31.0
2026-09-17T10:54:43Z,232,1.0,0.0,1.0,13.5,56.9,13.197,66.196,31.0
2026-09-17T10:59:44Z,232,7.0,3.0,7.0,13.5,57.1,13.104,67.013,31.0
2026-09-17T11:04:43Z,232,5.0,2.0,6.0,13.5,57.2,13.018,67.283,31.0
2026-09-17T11:09:44Z,232,3.0,1.0,4.0,13.5,57.0,13.152,66.86,31.0
2026-09-17T11:14:43Z,232,3.0,0.0,3.0,13.5,57.0,13.098,66.555,31.0
2026-09-17T11:19:44Z,232,1.0,0.0,2.0,13.6,56.6,13.235,65.431,31.0
2026-09-17T11:24:43Z,232,3.0,1.0,4.0,13.6,57.1,13.261,66.246,31.0
2026-09-17T11:29:44Z,232,2.0,0.0,2.0,13.7,56.4,16.311,56.238,31.0
2026-09-17T11:34:43Z,232,2.0,0.0,2.0,14.0,56.2,17.555,53.169,31.0
2026-09-17T11:39:44Z,232,2.0,0.0,2.0,14.4,55.2,17.886,51.715,31.0
2026-09-17T11:44:44Z,232,6.0,5.0,6.0,14.8,54.4,17.622,51.633,31.0
2026-09-17T11:49:44Z,232,1.0,0.0,1.0,15.2,53.3,19.806,46.695,31.0
2026-09-17T11:54:44Z,232,9.0,3.0,9.0,15.8,51.9,21.243,42.886,31.0
2026-09-17T11:59:44Z,232,4.0,2.0,4.0,16.3,51.0,20.671,44.599,31.0
2026-09-17T12:04:44Z,232,8.0,4.0,8.0,16.8,49.6,21.905,41.927,31.0
2026-09-17T12:09:44Z,232,12.0,7.0,14.0,17.4,48.5,23.168,39.062,31.0
2026-09-17T12:14:44Z,232,0.0,0.0,1.0,18.0,47.0,22.554,39.581,31.0
2026-09-17T12:19:44Z,232,0.0,0.0,0.0,18.5,46.0,21.87,41.354,31.0
2026-09-17T12:24:44Z,232,2.0,0.0,2.0,18.9,45.2,22.955,39.272,31.0
2026-09-17T12:29:44Z,232,0.0,0.0,0.0,19.3,44.5,23.943,37.414,31.0
2026-09-17T12:34:44Z,232,0.0,0.0,0.0,19.7,43.2,24.842,35.4,31.0
2026-09-17T12:39:44Z,232,0.0,0.0,0.0,20.2,42.7,23.694,37.36,31.0
2026-09-17T12:44:44Z,232,3.0,1.0,3.0,20.6,42.1,25.985,34.261,31.0
2026-09-17T12:49:43Z,232,0.0,0.0,0.0,21.0,41.3,25.013,35.236,31.0
2026-09-17T12:54:44Z,232,0.0,0.0,1.0,21.3,40.8,25.401,34.877,31.0
2026-09-17T12:59:44Z,232,0.0,0.0,0.0,21.6,40.3,26.522,33.317,31.0
2026-09-17T13:04:44Z,232,0.0,0.0,0.0,21.9,39.9,23.28,38.255,31.0
2026-09-17T13:09:44Z,232,0.0,0.0,1.0,22.0,39.5,22.057,40.941,31.0
2026-09-17T13:14:44Z,232,0.0,0.0,0.0,22.0,39.1,21.641,41.709,31.0
2026-09-17T13:19:44Z,232,0.0,0.0,0.0,21.9,39.5,21.681,42.135,31.0
2026-09-17T13:24:44Z,232,1.0,0.0,1.0,21.7,39.2,21.446,42.205,31.0
2026-09-17T13:29:44Z,232,0.0,0.0,0.0,21.4,39.2,20.543,43.773,31.0
2026-09-17T13:34:44Z,232,1.0,0.0,1.0,21.2,39.1,20.586,43.823,31.0
2026-09-17T13:39:44Z,232,0.0,0.0,0.0,21.0,39.1,20.546,43.132,31.0
2026-09-17T13:44:44Z,232,1.0,0.0,1.0,20.8,39.3,20.097,44.32,31.0
2026-09-17T13:49:44Z,232,4.0,2.0,4.0,20.5,39.9,20.418,44.732,31.0
2026-09-17T13:54:44Z,232,3.0,0.0,3.0,20.4,40.5,20.557,45.045,31.0
2026-09-17T13:59:44Z,232,2.0,1.0,2.0,20.3,40.7,20.797,44.671,31.0
2026-09-17T14:04:44Z,232,0.0,0.0,2.0,20.2,40.4,20.586,44.166,31.0
2026-09-17T14:09:44Z,232,0.0,0.0,0.0,20.2,40.6,20.8,44.019,31.0
2026-09-17T14:14:44Z,232,1.0,0.0,1.0,20.1,40.7,20.896,44.484,31.0
2026-09-17T14:19:44Z,232,1.0,0.0,1.0,20.1,41.0,20.944,44.032,31.0
2026-09-17T14:24:44Z,232,16.0,12.0,17.0,20.1,41.0,21.035,44.082,31.0
2026-09-17T14:29:44Z,232,1.0,1.0,1.0,20.2,40.7,20.898,42.951,31.0
2026-09-17T14:34:44Z,232,0.0,0.0,0.0,20.2,40.2,20.952,42.789,31.0
2026-09-17T14:39:44Z,232,0.0,0.0,0.0,20.2,39.9,20.813,42.806,31.0
2026-09-17T14:44:44Z,232,0.0,0.0,0.0,20.2,39.9,20.856,42.991,31.0
2026-09-17T14:49:44Z,232,0.0,0.0,0.0,20.2,39.9,21.016,42.823,31.0
2026-09-17T14:54:44Z,232,0.0,0.0,0.0,20.2,39.9,20.97,42.466,31.0
2026-09-17T14:59:44Z,232,0.0,0.0,0.0,20.3,39.8,21.211,42.573,31.0
2026-09-17T15:04:44Z,232,0.0,0.0,0.0,20.3,39.7,21.12,42.611,31.0
2026-09-17T15:09:44Z,232,0.0,0.0,0.0,20.4,39.1,21.27,41.202,31.0
2026-09-17T15:14:44Z,232,0.0,0.0,0.0,20.4,38.9,21.585,40.706,31.0
2026-09-17T15:19:44Z,232,0.0,0.0,0.0,20.5,39.1,21.913,40.399,31.0
2026-09-17T15:24:43Z,232,0.0,0.0,0.0,20.6,38.5,22.004,39.571,31.0
2026-09-17T15:29:44Z,232,0.0,0.0,2.0,20.7,41.3,21.983,46.14,31.0
2026-09-17T15:34:44Z,232,2.0,1.0,3.0,20.8,41.5,22.079,45.478,31.0
2026-09-17T15:39:44Z,232,1.0,0.0,2.0,20.9,41.3,21.902,44.772,31.0
2026-09-17T15:44:44Z,232,3.0,1.0,4.0,20.9,41.0,21.958,45.005,31.0
2026-09-17T15:49:44Z,232,3.0,1.0,3.0,21.0,42.1,21.622,47.069,31.0
2026-09-17T15:54:44Z,232,3.0,0.0,3.0,21.0,42.1,21.617,47.964,31.0
2026-09-17T15:59:44Z,232,14.0,8.0,15.0,21.0,42.8,21.072,50.781,31.0
2026-09-17T16:04:44Z,232,20.0,11.0,20.0,20.9,43.3,21.374,50.294,31.0
2026-09-17T16:09:44Z,232,20.0,9.0,20.0,20.9,43.8,21.47,50.495,31.0
2026-09-17T16:14:44Z,232,18.0,9.0,18.0,20.8,44.0,21.523,50.882,31.0
2026-09-17T16:19:44Z,232,20.0,9.0,20.0,20.8,44.0,21.395,50.865,31.0
2026-09-17T16:24:44Z,232,15.0,7.0,16.0,20.8,44.2,20.818,52.284,31.0
2026-09-17T16:29:44Z,232,22.0,15.0,23.0,20.7,44.2,21.216,51.071,31.0
2026-09-17T16:34:44Z,232,24.0,14.0,25.0,20.6,43.9,21.152,49.917,31.0
2026-09-17T16:39:44Z,232,17.0,8.0,19.0,20.6,43.9,21.483,49.501,31.0
2026-09-17T16:44:44Z,232,12.0,7.0,14.0,20.6,43.9,21.408,50.027,31.0
2026-09-17T16:49:45Z,232,9.0,5.0,9.0,20.6,43.9,21.601,48.364,31.0
2026-09-17T16:54:44Z,232,6.0,4.0,8.0,20.6,43.3,21.31,48.311,31.0
2026-09-17T16:59:44Z,232,6.0,5.0,6.0,20.6,43.0,21.534,48.137,31.0
2026-09-17T17:04:44Z,232,5.0,2.0,5.0,20.6,42.8,21.272,48.633,31.0
2026-09-17T17:09:44Z,232,6.0,2.0,6.0,20.6,42.6,20.695,48.761,31.0
2026-09-17T17:14:44Z,232,3.0,2.0,3.0,20.5,42.3,20.906,48.179,31.0
2026-09-17T17:19:44Z,232,4.0,0.0,5.0,20.5,42.0,20.586,47.756,31.0
2026-09-17T17:24:44Z,232,4.0,2.0,4.0,20.4,41.7,20.88,46.594,31.0
2026-09-17T17:29:44Z,232,2.0,0.0,2.0,20.3,41.8,20.49,47.582,31.0
2026-09-17T17:34:45Z,232,2.0,1.0,2.0,20.3,41.8,20.773,47.075,31.0
2026-09-17T17:39:44Z,232,1.0,0.0,1.0,20.2,41.8,20.567,46.857,31.0
2026-09-17T17:44:44Z,232,2.0,1.0,2.0,20.2,41.8,20.412,47.624,31.0
2026-09-17T17:49:44Z,232,3.0,1.0,3.0,20.2,42.2,20.797,47.399,31.0
2026-09-17T17:54:44Z,232,3.0,0.0,3.0,20.1,42.3,20.813,47.342,31.0
2026-09-17T17:59:44Z,232,0.0,0.0,0.0,20.1,42.0,20.722,47.206,31.0
2026-09-17T18:04:44Z,232,1.0,1.0,1.0,20.1,42.0,20.623,47.141,31.0
2026-09-17T18:09:44Z,232,1.0,0.0,2.0,20.1,43.5,20.741,50.95,31.0
2026-09-17T18:14:44Z,232,2.0,1.0,4.0,20.1,44.6,20.853,51.958,31.0
2026-09-17T18:19:45Z,232,2.0,0.0,2.0,20.1,44.8,20.484,52.768,31.0
2026-09-17T18:24:44Z,232,2.0,0.0,2.0,20.0,44.9,20.095,53.283,31.0
2026-09-17T18:29:45Z,232,1.0,0.0,2.0,20.0,45.3,20.743,52.036,31.0
2026-09-17T18:34:44Z,232,3.0,2.0,3.0,20.0,45.3,20.567,52.467,31.0
2026-09-17T18:39:45Z,232,2.0,1.0,2.0,20.0,45.7,20.354,53.754,31.0
2026-09-17T18:44:44Z,232,3.0,1.0,3.0,20.0,46.2,20.46,54.08,31.0
2026-09-17T18:49:44Z,232,2.0,0.0,2.0,19.9,46.2,20.533,53.493,31.0
2026-09-17T18:54:44Z,232,3.0,0.0,4.0,19.9,46.4,20.65,53.894,31.0
2026-09-17T18:59:44Z,232,2.0,1.0,3.0,19.9,46.4,20.618,53.337,31.0
2026-09-17T19:04:44Z,232,1.0,0.0,2.0,19.9,46.6,20.452,54.134,31.0
2026-09-17T19:09:44Z,232,1.0,0.0,2.0,19.9,46.6,20.591,54.071,31.0
2026-09-17T19:14:45Z,232,5.0,3.0,5.0,20.0,46.7,20.653,54.472,31.0
2026-09-17T19:19:44Z,232,1.0,0.0,2.0,20.0,47.0,20.653,54.25,31.0
2026-09-17T19:24:45Z,232,2.0,1.0,2.0,20.0,46.7,20.631,53.922,31.0
2026-09-17T19:29:45Z,232,2.0,0.0,2.0,20.0,47.1,20.711,54.512,31.0
2026-09-17T19:34:44Z,232,1.0,0.0,1.0,20.0,46.8,20.458,54.842,31.0
2026-09-17T19:39:45Z,232,2.0,1.0,2.0,19.9,47.0,20.666,54.044,31.0
2026-09-17T19:44:44Z,232,8.0,5.0,9.0,20.0,46.5,20.714,53.112,31.0
2026-09-17T19:49:44Z,232,3.0,1.0,3.0,20.0,46.3,20.671,53.613,31.0
2026-09-17T19:54:44Z,232,2.0,1.0,2.0,19.9,46.3,20.431,53.794,31.0
2026-09-17T19:59:45Z,232,1.0,0.0,1.0,20.0,46.3,20.471,53.123,31.0
2026-09-17T20:04:44Z,232,2.0,0.0,2.0,19.9,46.2,20.503,53.581,31.0
2026-09-17T20:09:45Z,232,2.0,0.0,2.0,19.9,45.9,20.562,51.818,31.0
2026-09-17T20:14:44Z,232,2.0,1.0,2.0,19.9,45.7,20.797,51.469,31.0
2026-09-17T20:19:44Z,232,15.0,8.0,16.0,20.0,45.8,20.653,52.173,31.0
2026-09-17T20:24:44Z,232,0.0,0.0,0.0,19.9,45.8,20.474,52.944,31.0
2026-09-17T20:29:45Z,232,3.0,0.0,3.0,20.0,45.9,20.426,53.253,31.0
2026-09-17T20:34:44Z,232,2.0,1.0,2.0,20.0,45.8,20.565,52.463,31.0
2026-09-17T20:39:44Z,232,2.0,1.0,3.0,20.0,45.8,20.677,52.366,31.0
2026-09-17T20:44:45Z,232,4.0,1.0,5.0,20.0,45.9,20.677,52.701,31.0
2026-09-17T20:49:45Z,232,2.0,0.0,2.0,20.0,46.1,20.503,53.691,31.0
2026-09-17T20:54:44Z,232,5.0,2.0,6.0,20.0,46.5,20.621,54.426,31.0
2026-09-17T20:59:45Z,232,2.0,0.0,2.0,20.0,46.9,20.594,54.761,31.0
2026-09-17T21:04:44Z,232,1.0,0.0,1.0,20.0,47.9,20.028,57.823,31.0
2026-09-17T21:09:45Z,232,12.0,6.0,13.0,19.9,48.2,20.217,57.19,31.0
2026-09-17T21:14:44Z,232,3.0,1.0,4.0,19.9,48.7,20.244,57.682,31.0
2026-09-17T21:19:45Z,232,3.0,2.0,3.0,19.8,48.4,20.303,56.226,31.0
2026-09-17T21:49:45Z,232,27.0,20.0,27.0,19.5,47.2,19.83,55.036,31.0
2026-09-17T21:54:44Z,232,1.0,0.0,1.0,19.5,46.9,19.515,55.418,31.0
2026-09-17T21:59:45Z,232,2.0,1.0,3.0,19.4,46.9,19.518,55.297,31.0
2026-09-17T22:04:45Z,232,3.0,1.0,3.0,19.3,47.3,19.39,55.555,31.0
2026-09-17T22:09:45Z,232,3.0,0.0,3.0,19.2,47.4,19.272,55.603,31.0
2026-09-17T22:14:45Z,232,2.0,1.0,2.0,19.1,47.8,18.909,57.693,31.0
2026-09-17T22:19:45Z,232,3.0,0.0,3.0,19.0,48.7,18.733,59.455,31.0
2026-09-17T22:24:45Z,232,2.0,0.0,2.0,18.8,49.9,18.474,61.983,31.0
2026-09-17T22:29:45Z,232,3.0,0.0,4.0,18.7,50.7,18.394,62.795,31.0
2026-09-18T00:19:46Z,232,19.0,9.0,19.0,15.7,56.3,15.163,68.767,31.0
2026-09-18T00:24:45Z,232,20.0,11.0,22.0,15.6,56.6,14.877,69.404,31.0
2026-09-21T12:34:53Z,232,6.0,3.0,6.0,16.9,51.6,21.598,43.023,31.0
2026-09-21T12:39:53Z,232,7.0,4.0,9.0,17.3,50.6,21.251,43.357,31.0
2026-09-21T12:44:54Z,232,11.0,5.0,12.0,17.7,49.6,21.286,42.861,31.0
2026-09-21T12:49:54Z,232,5.0,2.0,6.0,18.0,48.7,22.033,41.789,31.0
2026-09-21T12:54:53Z,232,3.0,1.0,3.0,18.3,48.0,22.407,40.784,31.0
2026-09-21T12:59:54Z,232,0.0,0.0,0.0,18.6,43.7,20.378,38.081,31.0
2026-09-21T13:04:53Z,232,0.0,0.0,0.0,18.7,42.5,20.335,36.929,31.0
2026-09-21T13:09:53Z,232,0.0,0.0,0.0,18.8,42.2,17.117,43.538,31.0
2026-09-21T13:14:54Z,232,0.0,0.0,0.0,18.6,41.6,16.487,45.122,31.0
2026-09-21T13:19:53Z,232,0.0,0.0,0.0,18.3,41.6,15.926,45.81,31.0
2026-09-21T13:24:53Z,232,0.0,0.0,0.0,17.9,42.3,15.285,48.683,31.0
2026-09-21T13:29:53Z,232,0.0,0.0,0.0,17.5,42.5,15.486,48.248,31.0
2026-09-21T13:34:53Z,232,0.0,0.0,0.0,17.2,42.6,14.685,50.22,31.0
2026-09-21T13:39:54Z,232,0.0,0.0,0.0,16.9,42.4,14.717,49.27,31.0
2026-09-21T13:44:53Z,232,0.0,0.0,0.0,16.6,42.6,14.722,49.114,31.0
2026-09-21T13:49:54Z,232,4.0,1.0,4.0,16.3,43.3,14.85,49.72,31.0
2026-09-21T13:54:53Z,232,0.0,0.0,0.0,16.1,43.2,15.008,47.857,31.0
2026-09-21T13:59:53Z,232,0.0,0.0,0.0,15.9,43.3,14.725,48.288,31.0
2026-09-21T14:04:53Z,232,0.0,0.0,0.0,15.7,43.0,15.013,46.958,31.0
2026-09-21T14:09:53Z,232,0.0,0.0,0.0,15.7,43.8,14.81,48.026,31.0
2026-09-21T14:14:53Z,232,0.0,0.0,0.0,15.6,43.8,14.644,49.568,31.0
2026-09-21T14:19:54Z,232,0.0,0.0,0.0,15.5,44.5,14.823,50.109,31.0
2026-09-21T14:24:54Z,232,0.0,0.0,0.0,15.5,44.6,14.839,49.97,31.0
2026-09-21T14:29:53Z,232,0.0,0.0,0.0,15.5,44.9,14.77,50.954,31.0
2026-09-21T14:34:54Z,232,0.0,0.0,0.0,15.4,44.7,14.535,50.342,31.0
2026-09-21T14:39:53Z,232,0.0,0.0,0.0,15.4,44.7,14.751,49.863,31.0
2026-09-21T14:44:53Z,232,0.0,0.0,0.0,15.4,45.2,14.944,50.603,31.0
2026-09-21T14:49:53Z,232,0.0,0.0,0.0,15.4,44.5,14.58,48.477,31.0
2026-09-21T14:54:53Z,232,0.0,0.0,0.0,15.4,44.7,14.794,50.561,31.0
2026-09-21T14:59:53Z,232,0.0,0.0,0.0,15.4,44.1,14.591,49.009,31.0
2026-09-21T15:04:53Z,232,0.0,0.0,0.0,15.4,44.2,14.679,49.856,31.0
2026-09-21T15:09:54Z,232,0.0,0.0,0.0,15.4,44.9,14.829,49.299,31.0
2026-09-21T15:14:54Z,232,0.0,0.0,0.0,15.4,44.9,14.807,49.713,31.0
2026-09-21T15:19:54Z,232,0.0,0.0,0.0,15.4,45.0,14.903,49.747,31.0
2026-09-21T15:24:54Z,232,0.0,0.0,0.0,15.4,44.8,15.144,50.237,31.0
2026-09-21T15:29:54Z,232,0.0,0.0,0.0,15.5,44.6,15.221,48.807,31.0
2026-09-21T15:34:54Z,232,0.0,0.0,0.0,15.5,43.9,15.237,47.531,31.0
2026-09-21T15:39:54Z,232,0.0,0.0,0.0,15.6,43.8,15.488,46.579,31.0
2026-09-21T15:44:53Z,232,0.0,0.0,0.0,15.6,43.5,15.552,46.846,31.0
2026-09-21T15:49:54Z,232,0.0,0.0,0.0,15.7,43.3,15.432,46.504,31.0
2026-09-21T15:54:54Z,232,0.0,0.0,1.0,15.8,43.4,15.427,47.988,31.0
2026-09-21T15:59:54Z,232,0.0,0.0,0.0,15.8,42.5,15.614,45.242,31.0
2026-09-21T16:04:54Z,232,0.0,0.0,0.0,15.9,42.6,15.673,43.285,31.0
2026-09-21T16:09:54Z,232,0.0,0.0,0.0,15.9,41.7,15.79,44.525,31.0
2026-09-21T16:14:53Z,232,0.0,0.0,0.0,16.0,41.9,15.718,45.026,31.0
2026-09-21T16:19:54Z,232,0.0,0.0,0.0,16.0,42.1,15.739,44.692,31.0
2026-09-21T16:24:54Z,232,0.0,0.0,0.0,16.1,41.3,16.391,43.277,31.0
2026-09-21T16:29:54Z,232,0.0,0.0,0.0,16.2,41.3,16.081,43.529,31.0
2026-09-21T16:34:53Z,232,0.0,0.0,0.0,16.3,41.2,16.383,42.93,31.0
2026-09-21T16:39:54Z,232,0.0,0.0,0.0,16.3,40.5,16.239,42.835,31.0
2026-09-21T16:44:54Z,232,0.0,0.0,0.0,16.3,40.7,16.159,42.718,31.0
2026-09-21T16:49:54Z,232,0.0,0.0,0.0,16.4,39.7,16.388,40.603,31.0
2026-09-21T16:54:54Z,232,0.0,0.0,0.0,16.4,39.2,16.276,41.454,31.0
2026-09-21T16:59:54Z,232,0.0,0.0,0.0,16.5,38.4,16.781,38.802,31.0
2026-09-21T17:04:54Z,232,0.0,0.0,0.0,16.5,39.8,16.727,42.247,31.0
2026-09-21T17:09:54Z,232,0.0,0.0,0.0,16.6,39.7,16.855,42.054,31.0
2026-09-21T17:14:54Z,232,0.0,0.0,0.0,16.7,39.5,16.626,41.702,31.0
2026-09-21T17:19:53Z,232,0.0,0.0,0.0,16.7,39.5,16.749,41.072,31.0
2026-09-21T17:24:54Z,232,0.0,0.0,0.0,16.8,39.3,16.698,41.414,31.0
2026-09-21T17:29:54Z,232,0.0,0.0,0.0,16.8,38.5,16.805,39.981,31.0
2026-09-21T17:34:54Z,232,0.0,0.0,0.0,16.8,38.0,16.629,39.081,31.0
2026-09-21T17:39:54Z,232,0.0,0.0,0.0,16.8,37.6,16.885,38.314,31.0
2026-09-21T17:44:54Z,232,0.0,0.0,0.0,16.9,37.4,17.12,38.028,31.0
2026-09-21T17:49:54Z,232,0.0,0.0,0.0,16.9,37.0,16.973,37.618,31.0
2026-09-21T17:54:54Z,232,0.0,0.0,0.0,17.0,37.2,17.39,37.526,31.0
2026-09-21T17:59:54Z,232,0.0,0.0,0.0,17.0,37.5,17.288,37.307,31.0
2026-09-21T18:04:54Z,232,0.0,0.0,0.0,17.1,37.6,17.288,39.42,31.0
2026-09-21T18:09:53Z,232,0.0,0.0,0.0,17.1,37.5,17.0,38.917,31.0
2026-09-21T18:14:54Z,232,0.0,0.0,0.0,17.2,37.9,17.317,41.051,31.0
2026-09-21T18:19:54Z,232,0.0,0.0,0.0,17.2,38.4,17.205,41.223,31.0
2026-09-21T18:24:54Z,232,0.0,0.0,0.0,17.2,38.1,17.584,39.766,31.0
2026-09-21T18:29:53Z,232,0.0,0.0,0.0,17.2,37.1,17.179,37.687,31.0
2026-09-21T18:34:54Z,232,0.0,0.0,0.0,17.2,36.8,17.504,37.679,31.0
2026-09-21T18:39:54Z,232,0.0,0.0,0.0,17.2,37.2,17.491,39.64,31.0
2026-09-21T18:44:54Z,232,0.0,0.0,0.0,17.3,38.5,17.822,39.581,31.0
2026-09-21T18:49:54Z,232,0.0,0.0,0.0,17.3,39.9,17.635,43.649,31.0
2026-09-21T18:54:53Z,232,0.0,0.0,0.0,17.3,39.5,17.491,42.571,31.0
2026-09-21T18:59:54Z,232,0.0,0.0,0.0,17.4,41.1,17.197,46.703,31.0
2026-09-21T19:04:54Z,232,0.0,0.0,0.0,17.4,42.0,17.392,47.41,31.0
2026-09-21T19:09:54Z,232,0.0,0.0,0.0,17.4,41.9,17.323,47.157,31.0
2026-09-21T19:14:53Z,232,0.0,0.0,1.0,17.4,42.7,17.328,47.933,31.0
2026-09-21T19:19:54Z,232,0.0,0.0,0.0,17.4,42.6,17.283,48.61,31.0
2026-09-21T19:24:54Z,232,0.0,0.0,0.0,17.3,42.5,16.973,48.786,31.0
2026-09-21T19:29:54Z,232,2.0,0.0,2.0,17.3,42.7,17.085,48.316,31.0
2026-09-21T19:34:54Z,232,0.0,0.0,0.0,17.3,42.8,17.149,48.52,31.0
2026-09-21T19:39:54Z,232,0.0,0.0,0.0,17.2,42.4,17.176,46.626,31.0
2026-09-21T19:44:54Z,232,0.0,0.0,0.0,17.2,42.6,17.312,47.189,31.0
2026-09-21T19:49:54Z,232,0.0,0.0,2.0,17.2,42.0,16.826,47.206,31.0
2026-09-21T19:54:54Z,232,0.0,0.0,0.0,17.1,42.7,16.96,48.446,31.0
2026-09-21T19:59:54Z,232,0.0,0.0,0.0,17.1,41.7,16.96,45.848,31.0
2026-09-21T20:04:54Z,232,0.0,0.0,2.0,17.1,41.9,16.906,46.708,31.0
2026-09-21T20:09:54Z,232,1.0,0.0,1.0,17.1,41.8,16.952,46.686,31.0
2026-09-21T20:14:54Z,232,0.0,0.0,0.0,17.0,42.0,16.936,46.565,31.0
2026-09-21T20:19:54Z,232,0.0,0.0,0.0,17.0,42.1,16.839,46.903,31.0
2026-09-21T20:24:54Z,232,0.0,0.0,0.0,17.0,42.6,16.818,48.395,31.0
2026-09-21T20:29:54Z,232,0.0,0.0,0.0,17.0,42.8,17.0,47.712,31.0
2026-09-21T20:34:54Z,232,3.0,0.0,4.0,17.0,42.9,17.205,47.239,31.0
2026-09-21T20:39:54Z,232,0.0,0.0,0.0,17.0,43.2,16.735,48.725,31.0
2026-09-21T20:44:54Z,232,1.0,0.0,1.0,17.0,43.5,16.976,49.154,31.0
2026-09-21T20:49:54Z,232,3.0,1.0,3.0,16.9,43.9,16.944,49.56,31.0
2026-09-21T20:54:54Z,232,1.0,0.0,1.0,16.9,43.6,16.773,49.425,31.0
2026-09-21T20:59:54Z,232,1.0,0.0,1.0,16.9,43.7,16.53,50.569,31.0
2026-09-21T21:04:54Z,232,1.0,0.0,1.0,16.8,43.7,16.583,49.236,31.0
2026-09-21T21:09:54Z,232,1.0,0.0,1.0,16.8,43.7,16.476,50.657,31.0
2026-09-21T21:14:54Z,232,0.0,0.0,0.0,16.7,43.6,16.295,50.214,31.0
2026-09-21T21:19:54Z,232,0.0,0.0,1.0,16.7,43.9,16.143,50.8,31.0
2026-09-21T21:24:54Z,232,1.0,0.0,1.0,16.6,44.0,16.159,50.868,31.0
2026-09-21T21:29:54Z,232,0.0,0.0,0.0,16.5,44.0,16.159,51.139,31.0
2026-09-21T21:34:54Z,232,0.0,0.0,1.0,16.5,44.4,16.073,51.986,31.0
2026-09-21T21:39:54Z,232,1.0,0.0,1.0,16.4,44.7,15.956,52.654,31.0
2026-09-21T21:44:54Z,232,4.0,2.0,4.0,16.3,45.4,16.038,53.037,31.0
2026-09-21T21:49:54Z,232,2.0,1.0,2.0,16.3,45.4,15.846,53.384,31.0
2026-09-21T21:54:54Z,232,2.0,0.0,2.0,16.2,45.9,15.889,54.101,31.0
2026-09-21T21:59:54Z,232,4.0,2.0,6.0,16.2,46.1,15.9,54.22,31.0
2026-09-21T22:04:54Z,232,8.0,4.0,10.0,16.1,46.2,15.814,53.871,31.0
2026-09-21T22:09:54Z,232,7.0,2.0,7.0,16.0,45.9,15.523,53.71,31.0
2026-09-21T22:14:54Z,232,4.0,2.0,5.0,15.9,46.3,15.373,54.683,31.0
2026-09-21T22:19:54Z,232,8.0,4.0,11.0,15.9,47.1,15.438,55.471,31.0
2026-09-21T22:24:54Z,232,5.0,2.0,5.0,15.8,46.9,15.256,54.765,31.0
2026-09-21T22:29:54Z,232,8.0,5.0,10.0,15.7,46.7,15.056,55.313,31.0
2026-09-21T22:34:54Z,232,15.0,8.0,15.0,15.6,47.1,15.029,55.631,31.0
2026-09-21T22:39:54Z,232,7.0,5.0,8.0,15.5,47.4,14.773,56.207,31.0
2026-09-21T22:44:54Z,232,17.0,8.0,18.0,15.4,47.5,14.618,56.453,31.0
2026-09-21T22:49:54Z,232,20.0,11.0,22.0,15.3,47.8,14.442,56.907,31.0
2026-09-21T22:54:54Z,232,19.0,9.0,22.0,15.1,48.1,14.428,57.186,31.0
2026-09-21T22:59:55Z,232,26.0,19.0,27.0,15.0,48.1,14.343,57.401,31.0
2026-09-21T23:04:55Z,232,35.0,22.0,38.0,14.9,48.2,14.188,57.005,31.0
2026-09-21T23:09:54Z,232,39.0,24.0,46.0,14.8,48.3,14.156,57.277,31.0
2026-09-21T23:14:55Z,232,30.0,21.0,33.0,14.7,48.7,14.094,58.042,31.0
2026-09-21T23:19:54Z,232,26.0,17.0,28.0,14.7,49.4,13.902,59.391,31.0
2026-09-21T23:24:55Z,232,26.0,16.0,27.0,14.6,49.6,13.982,59.806,31.0
2026-09-21T23:29:54Z,232,19.0,9.0,19.0,14.5,50.1,13.865,60.52,31.0
2026-09-21T23:34:54Z,232,7.0,4.0,7.0,14.4,49.7,13.798,58.662,31.0
2026-09-21T23:39:54Z,232,11.0,6.0,11.0,14.4,50.0,13.819,59.53,31.0
2026-09-21T23:44:55Z,232,7.0,3.0,9.0,14.4,49.6,13.841,58.58,31.0
2026-09-21T23:49:54Z,232,9.0,6.0,11.0,14.4,51.0,13.643,62.143,31.0
2026-09-21T23:54:55Z,232,2.0,0.0,2.0,14.3,50.6,13.542,60.669,31.0
2026-09-21T23:59:54Z,232,13.0,6.0,14.0,14.2,50.6,13.411,61.014,31.0
2026-09-22T00:04:54Z,232,4.0,2.0,5.0,14.2,50.4,13.347,60.009,31.0
2026-09-22T00:09:55Z,232,2.0,1.0,2.0,14.1,50.1,13.395,59.436,31.0
2026-09-22T00:14:54Z,232,4.0,0.0,5.0,14.1,50.3,13.47,58.862,31.0
2026-09-22T00:19:54Z,232,17.0,7.0,19.0,14.1,50.0,13.528,58.612,31.0
2026-09-22T00:24:55Z,232,23.0,11.0,24.0,14.1,49.6,13.536,57.619,31.0
2026-09-22T00:29:54Z,232,24.0,13.0,24.0,14.0,49.6,13.515,57.788,31.0
2026-09-22T00:34:54Z,232,25.0,12.0,25.0,14.1,49.6,13.483,58.136,31.0
2026-09-22T00:39:55Z,232,19.0,7.0,20.0,14.0,50.0,13.44,59.375,31.0
2026-09-22T00:44:54Z,232,11.0,7.0,12.0,14.1,50.0,13.384,58.87,31.0
2026-09-22T00:49:54Z,232,18.0,6.0,19.0,14.0,50.2,13.325,59.04,31.0
2026-09-22T00:54:54Z,232,24.0,11.0,26.0,14.0,50.1,13.283,59.555,31.0
2026-09-22T00:59:55Z,232,29.0,20.0,31.0,14.0,50.6,13.272,59.909,31.0
2026-09-22T01:04:54Z,232,20.0,9.0,24.0,13.9,51.2,13.2,61.34,31.0
2026-09-22T01:09:55Z,232,7.0,3.0,7.0,13.9,51.4,13.077,61.7,31.0
2026-09-22T01:14:54Z,232,7.0,4.0,8.0,13.9,51.9,13.018,63.009,31.0
2026-09-22T01:19:55Z,232,16.0,8.0,19.0,13.8,52.2,12.933,63.263,31.0
2026-09-22T01:24:54Z,232,23.0,13.0,24.0,13.7,52.8,12.855,64.018,31.0
2026-09-22T01:29:55Z,232,29.0,17.0,31.0,13.6,52.9,12.802,63.455,31.0
2026-09-22T01:34:54Z,232,31.0,20.0,35.0,13.6,52.4,12.951,62.647,31.0
2026-09-22T01:39:54Z,232,34.0,23.0,39.0,13.5,53.6,12.866,64.735,31.0
2026-09-22T01:44:54Z,232,30.0,20.0,31.0,13.5,54.0,12.802,65.269,31.0
2026-09-22T01:49:54Z,232,33.0,20.0,34.0,13.5,53.9,12.842,64.842,31.0
2026-09-22T01:54:55Z,232,33.0,23.0,37.0,13.5,53.2,12.895,62.421,31.0
2026-09-22T01:59:54Z,232,34.0,24.0,39.0,13.5,53.0,12.986,62.576,31.0
2026-09-22T02:04:54Z,232,37.0,25.0,45.0,13.5,53.5,12.986,63.285,31.0
2026-09-22T02:09:55Z,232,41.0,27.0,50.0,13.5,53.2,12.997,62.736,31.0
2026-09-22T02:14:55Z,232,43.0,28.0,50.0,13.5,53.1,12.951,62.734,31.0
2026-09-22T02:19:54Z,232,44.0,29.0,52.0,13.5,53.3,13.005,63.432,31.0
2026-09-22T02:24:55Z,232,44.0,30.0,52.0,13.5,53.6,12.978,63.57,31.0
2026-09-22T02:29:55Z,232,42.0,27.0,49.0,13.5,53.5,12.941,63.575,31.0
2026-09-22T02:34:55Z,232,44.0,29.0,53.0,13.5,53.7,12.946,63.455,31.0
2026-09-22T02:39:55Z,232,44.0,29.0,53.0,13.5,53.5,12.885,63.116,31.0
2026-09-22T02:44:55Z,232,36.0,24.0,40.0,13.5,53.4,12.794,64.048,31.0
2026-09-22T02:49:55Z,232,31.0,22.0,38.0,13.4,53.5,12.714,64.212,31.0
2026-09-22T02:54:55Z,232,31.0,22.0,35.0,13.4,54.1,12.612,65.277,31.0
2026-09-22T02:59:55Z,232,30.0,21.0,32.0,13.4,54.0,12.535,64.926,31.0
2026-09-22T03:04:55Z,232,35.0,23.0,41.0,13.4,54.0,12.562,64.487,31.0
2026-09-22T03:09:54Z,232,34.0,23.0,40.0,13.4,53.9,12.642,64.197,31.0
2026-09-22T03:14:55Z,232,36.0,24.0,42.0,13.3,54.2,12.636,64.527,31.0
2026-09-22T03:19:55Z,232,34.0,23.0,36.0,13.3,54.4,12.655,64.613,31.0
2026-09-22T03:24:55Z,232,6.0,3.0,6.0,13.3,51.3,12.778,56.673,31.0
2026-09-22T03:29:55Z,232,0.0,0.0,1.0,13.3,48.4,13.072,52.223,31.0
2026-09-22T03:34:55Z,232,0.0,0.0,0.0,13.4,48.0,13.13,52.0,31.0
2026-09-22T03:39:55Z,232,1.0,0.0,1.0,13.5,47.8,13.224,51.927,31.0
2026-09-22T03:44:55Z,232,1.0,0.0,2.0,13.5,47.3,13.245,51.939,31.0
2026-09-22T03:49:55Z,232,0.0,0.0,0.0,13.6,47.2,13.245,51.143,31.0
2026-09-22T03:54:55Z,232,0.0,0.0,1.0,13.6,46.7,13.304,51.113,31.0
2026-09-22T03:59:55Z,232,0.0,0.0,0.0,13.7,46.2,13.235,50.931,31.0
2026-09-22T04:04:55Z,232,0.0,0.0,0.0,13.7,46.0,13.344,50.571,31.0
2026-09-22T04:09:54Z,232,0.0,0.0,0.0,13.7,45.7,13.323,50.737,31.0
2026-09-22T04:14:55Z,232,0.0,0.0,0.0,13.8,45.7,13.339,51.115,31.0
2026-09-22T04:19:55Z,232,0.0,0.0,0.0,13.9,46.0,13.296,51.351,31.0
2026-09-22T04:24:55Z,232,0.0,0.0,0.0,13.9,46.0,13.389,51.462,31.0
2026-09-22T04:29:55Z,232,0.0,0.0,0.0,13.9,46.1,13.448,51.654,31.0
2026-09-22T04:34:55Z,232,0.0,0.0,1.0,13.9,45.9,13.416,51.895,31.0
2026-09-22T04:39:55Z,232,2.0,0.0,2.0,13.9,46.8,13.363,53.049,31.0
2026-09-22T04:44:55Z,232,2.0,0.0,2.0,13.9,46.5,13.315,53.06,31.0
2026-09-22T04:49:55Z,232,0.0,0.0,0.0,13.9,46.0,13.237,52.158,31.0
2026-09-22T04:54:55Z,232,0.0,0.0,0.0,13.9,46.2,13.21,52.265,31.0
2026-09-22T04:59:55Z,232,0.0,0.0,0.0,13.9,46.1,13.178,52.433,31.0
2026-09-22T05:04:55Z,232,0.0,0.0,0.0,13.9,45.9,13.082,52.892,31.0
2026-09-22T05:09:55Z,232,0.0,0.0,0.0,13.9,46.1,13.034,52.574,31.0
2026-09-22T05:14:55Z,232,0.0,0.0,0.0,13.8,46.0,13.01,52.967,31.0
2026-09-22T05:19:55Z,232,0.0,0.0,0.0,13.8,46.6,13.037,54.407,31.0
2026-09-22T05:24:55Z,232,0.0,0.0,0.0,13.8,46.3,13.154,52.52,31.0
2026-09-22T05:29:55Z,232,0.0,0.0,0.0,13.8,46.5,13.186,53.115,31.0
2026-09-22T05:34:54Z,232,0.0,0.0,0.0,13.8,46.5,13.213,53.201,31.0
2026-09-22T05:39:55Z,232,0.0,0.0,0.0,13.8,46.8,13.157,53.524,31.0
2026-09-22T05:44:55Z,232,0.0,0.0,0.0,13.8,47.0,13.045,54.718,31.0
2026-09-22T05:49:55Z,232,0.0,0.0,0.0,13.8,46.5,13.018,54.031,31.0
2026-09-22T05:54:55Z,232,0.0,0.0,0.0,13.7,46.4,12.778,53.672,31.0
2026-09-22T05:59:55Z,232,0.0,0.0,0.0,13.7,46.6,12.805,53.943,31.0
2026-09-22T06:09:55Z,232,0.0,0.0,0.0,13.6,46.2,12.874,53.44,31.0
2026-09-22T06:19:55Z,232,0.0,0.0,0.0,13.6,46.1,12.773,53.358,31.0
2026-09-22T06:24:55Z,232,0.0,0.0,0.0,13.6,46.4,12.97,53.619,31.0
2026-09-22T06:29:55Z,232,0.0,0.0,0.0,13.6,46.5,12.863,53.588,31.0
2026-09-22T06:34:55Z,232,0.0,0.0,0.0,13.6,46.2,12.77,53.596,31.0
2026-09-22T06:39:55Z,232,0.0,0.0,0.0,13.5,46.5,12.877,53.386,31.0
2026-09-22T06:44:55Z,232,0.0,0.0,0.0,13.5,46.5,12.823,53.455,31.0
2026-09-22T06:49:55Z,232,0.0,0.0,0.0,13.5,46.7,12.781,53.369,31.0
2026-09-22T06:54:55Z,232,0.0,0.0,0.0,13.5,47.1,12.845,55.419,31.0
2026-09-22T06:59:55Z,232,0.0,0.0,0.0,13.5,47.2,12.842,54.773,31.0
2026-09-22T07:04:55Z,232,0.0,0.0,0.0,13.5,47.2,12.805,54.485,31.0
2026-09-22T07:09:55Z,232,0.0,0.0,0.0,13.5,47.3,12.751,55.051,31.0
2026-09-22T07:14:55Z,232,0.0,0.0,0.0,13.5,47.7,12.767,55.595,31.0
2026-09-22T07:19:55Z,232,1.0,0.0,1.0,13.5,48.0,12.762,56.758,31.0
2026-09-22T07:24:55Z,232,0.0,0.0,0.0,13.5,48.6,12.546,57.977,31.0
2026-09-22T07:29:55Z,232,2.0,0.0,2.0,13.4,48.7,12.599,57.556,31.0
2026-09-22T07:34:55Z,232,2.0,1.0,2.0,13.4,48.6,12.626,56.726,31.0
2026-09-22T07:39:55Z,232,0.0,0.0,0.0,13.4,47.3,12.396,54.378,31.0
2026-09-22T07:44:55Z,232,0.0,0.0,0.0,13.3,47.2,12.337,54.407,31.0
2026-09-22T07:49:55Z,232,0.0,0.0,0.0,13.3,47.3,12.516,54.613,31.0
2026-09-22T07:54:55Z,232,0.0,0.0,0.0,13.3,47.3,12.244,54.706,31.0
2026-09-22T07:59:55Z,232,0.0,0.0,0.0,13.3,47.3,12.052,55.625,31.0
2026-09-22T08:04:55Z,232,0.0,0.0,0.0,13.2,47.5,12.052,56.133,31.0
2026-09-22T08:09:55Z,232,0.0,0.0,1.0,13.2,47.5,12.105,56.053,31.0
2026-09-22T08:14:55Z,232,0.0,0.0,0.0,13.1,47.7,12.166,55.87,31.0
2026-09-22T08:19:55Z,232,0.0,0.0,0.0,13.1,47.6,12.241,55.158,31.0
2026-09-22T08:24:55Z,232,0.0,0.0,0.0,13.1,47.5,12.252,54.948,31.0
2026-09-22T08:29:55Z,232,0.0,0.0,0.0,13.1,47.6,12.327,55.011,31.0
2026-09-22T08:34:55Z,232,0.0,0.0,0.0,13.1,47.3,12.364,54.515,31.0
2026-09-22T08:39:55Z,232,0.0,0.0,0.0,13.1,47.2,12.228,54.687,31.0
2026-09-22T08:44:55Z,232,0.0,0.0,0.0,13.1,47.5,12.303,54.966,31.0
2026-09-22T08:49:55Z,232,0.0,0.0,1.0,13.1,47.6,12.19,55.151,31.0
2026-09-22T08:54:55Z,232,0.0,0.0,0.0,13.0,47.6,12.142,54.536,31.0
2026-09-22T08:59:55Z,232,0.0,0.0,0.0,13.0,48.0,12.313,55.549,31.0
2026-09-22T09:04:56Z,232,0.0,0.0,0.0,13.0,48.2,12.305,55.896,31.0
2026-09-22T09:09:55Z,232,0.0,0.0,1.0,13.0,48.1,12.263,56.121,31.0
2026-09-22T09:14:55Z,232,0.0,0.0,0.0,13.0,47.7,12.279,55.074,31.0
2026-09-22T09:19:56Z,232,1.0,0.0,1.0,13.0,48.7,12.102,58.422,31.0
2026-09-22T09:24:55Z,232,1.0,0.0,1.0,13.0,49.1,11.995,58.33,31.0
2026-09-22T09:29:56Z,232,1.0,0.0,2.0,13.0,48.1,12.1,55.845,31.0
2026-09-22T09:34:55Z,232,5.0,1.0,5.0,12.9,48.3,12.158,55.923,31.0
2026-09-22T09:39:55Z,232,5.0,2.0,5.0,12.9,49.1,12.126,58.084,31.0
2026-09-22T09:44:55Z,232,3.0,1.0,3.0,12.9,49.1,12.052,59.333,31.0
2026-09-22T09:49:56Z,232,2.0,0.0,3.0,12.9,49.0,11.902,57.804,31.0
2026-09-22T09:54:55Z,232,3.0,1.0,3.0,12.8,48.6,11.819,57.083,31.0
2026-09-22T09:59:55Z,232,2.0,1.0,2.0,12.8,48.9,11.771,57.611,31.0
2026-09-22T10:04:58Z,232,3.0,1.0,3.0,12.7,49.0,11.696,58.254,31.0
2026-09-22T10:09:56Z,232,1.0,0.0,1.0,12.7,49.1,11.619,58.315,31.0
2026-09-22T10:14:55Z,232,15.0,4.0,15.0,12.6,49.6,11.357,59.688,31.0
2026-09-22T10:19:56Z,232,35.0,23.0,43.0,12.5,50.0,11.256,60.213,31.0
2026-09-22T10:24:55Z,232,66.0,38.0,77.0,12.5,50.4,11.248,61.313,31.0
2026-09-22T10:29:56Z,232,14.0,5.0,17.0,12.4,50.2,11.136,60.913,31.0
2026-09-22T10:34:55Z,232,3.0,1.0,4.0,12.3,51.0,11.045,62.805,31.0
2026-09-22T10:39:55Z,232,8.0,4.0,8.0,12.2,51.7,10.789,64.912,31.0
2026-09-22T10:44:56Z,232,12.0,5.0,13.0,12.1,52.6,10.618,66.251,31.0
2026-09-22T10:49:56Z,232,12.0,6.0,12.0,12.0,52.6,10.54,65.153,31.0
2026-09-22T10:54:56Z,232,13.0,5.0,13.0,12.0,52.3,10.679,63.797,31.0
2026-09-22T10:59:56Z,232,20.0,9.0,25.0,11.9,52.4,10.556,64.243,31.0
2026-09-22T11:04:55Z,232,9.0,5.0,12.0,11.9,52.6,10.631,63.993,31.0
2026-09-22T11:09:55Z,232,7.0,3.0,8.0,11.9,52.5,10.911,62.885,31.0
2026-09-22T11:14:56Z,232,7.0,4.0,8.0,11.9,53.1,10.783,64.762,31.0
2026-09-22T11:19:56Z,232,13.0,6.0,15.0,11.9,52.7,11.264,62.572,31.0
2026-09-22T11:24:55Z,232,29.0,14.0,29.0,11.9,52.7,11.755,60.686,31.0
2026-09-22T11:29:56Z,232,26.0,14.0,28.0,12.1,52.2,11.846,59.778,31.0
2026-09-22T11:34:56Z,232,36.0,25.0,41.0,12.3,52.6,12.853,57.354,31.0
2026-09-22T11:39:56Z,232,39.0,24.0,44.0,12.4,52.1,12.692,56.968,31.0
2026-09-22T11:44:56Z,232,56.0,36.0,71.0,12.6,52.3,12.917,59.524,31.0
2026-09-22T11:49:56Z,232,45.0,31.0,57.0,12.8,52.2,13.184,57.369,31.0
2026-09-22T11:54:56Z,232,37.0,24.0,41.0,13.0,51.7,15.275,52.619,31.0
2026-09-22T11:59:56Z,232,31.0,20.0,32.0,13.3,51.4,13.635,56.057,31.0
2026-09-22T12:04:55Z,232,35.0,23.0,41.0,13.5,50.5,14.046,54.586,31.0
2026-09-22T12:09:56Z,232,31.0,22.0,31.0,13.9,49.8,14.383,53.533,31.0
2026-09-22T12:14:55Z,232,29.0,18.0,31.0,14.2,50.9,15.074,54.737,31.0
2026-09-22T12:19:56Z,232,27.0,17.0,28.0,14.4,50.3,15.272,53.951,31.0
2026-09-22T12:24:55Z,232,26.0,18.0,28.0,14.7,49.6,15.117,52.267,31.0
2026-09-22T12:29:56Z,232,8.0,5.0,8.0,14.9,47.7,16.511,46.956,31.0
2026-09-22T12:34:56Z,232,7.0,3.0,7.0,15.3,47.9,16.145,50.594,31.0
2026-09-22T12:39:56Z,232,5.0,2.0,6.0,15.5,48.1,17.325,49.011,31.0
2026-09-22T12:44:56Z,232,6.0,4.0,6.0,15.8,47.5,16.637,49.869,31.0
2026-09-22T12:49:56Z,232,8.0,4.0,8.0,16.0,46.3,19.013,44.139,31.0
2026-09-22T12:54:56Z,232,10.0,5.0,10.0,16.4,46.4,21.032,41.545,31.0
2026-09-22T12:59:56Z,232,8.0,4.0,9.0,16.8,44.9,20.164,40.164,31.0
2026-09-22T13:04:56Z,232,3.0,1.0,4.0,17.3,44.0,21.489,38.289,31.0
2026-09-22T13:09:56Z,232,3.0,1.0,3.0,17.7,43.1,18.482,42.339,31.0
2026-09-22T13:14:56Z,232,2.0,0.0,2.0,18.0,42.5,18.001,44.891,31.0
2026-09-22T13:19:56Z,232,2.0,0.0,2.0,18.1,41.5,17.886,43.424,31.0
2026-09-22T13:24:56Z,232,4.0,2.0,4.0,18.1,41.9,17.502,46.041,31.0
2026-09-22T13:29:56Z,232,3.0,1.0,4.0,18.1,42.0,17.56,46.626,31.0
2026-09-22T13:34:56Z,232,4.0,1.0,4.0,18.1,41.9,17.785,45.339,31.0
2026-09-22T13:39:56Z,232,2.0,1.0,2.0,18.1,41.4,17.403,46.756,31.0
2026-09-22T13:44:56Z,232,2.0,1.0,2.0,18.1,41.4,17.568,45.421,31.0
2026-09-22T13:49:56Z,232,2.0,1.0,2.0,18.0,40.9,17.376,44.828,31.0
2026-09-22T13:54:56Z,232,1.0,0.0,1.0,18.0,41.5,17.659,45.843,31.0
2026-09-22T13:59:56Z,232,1.0,0.0,2.0,17.9,40.9,17.251,45.457,31.0
2026-09-22T14:04:56Z,232,2.0,0.0,2.0,17.8,41.1,17.245,46.771,31.0
2026-09-22T14:09:56Z,232,4.0,2.0,4.0,17.8,41.4,17.058,47.008,31.0
2026-09-22T14:14:56Z,232,6.0,3.0,6.0,17.7,41.3,17.609,45.484,31.0
2026-09-22T14:19:56Z,232,2.0,1.0,3.0,17.6,41.3,17.454,45.497,31.0
2026-09-22T14:24:56Z,232,3.0,2.0,4.0,17.7,41.2,17.296,45.764,31.0
2026-09-22T14:29:56Z,232,6.0,2.0,6.0,17.6,41.3,17.531,45.659,31.0
2026-09-22T14:34:56Z,232,3.0,0.0,3.0,17.7,41.5,17.601,45.505,31.0
2026-09-22T14:39:56Z,232,1.0,0.0,2.0,17.6,41.9,17.852,46.691,31.0
2026-09-22T14:44:56Z,232,0.0,0.0,0.0,17.7,42.0,18.212,45.486,31.0
2026-09-22T14:49:56Z,232,2.0,0.0,3.0,17.8,41.9,18.297,45.385,31.0
2026-09-22T14:54:56Z,232,2.0,0.0,2.0,18.0,41.9,18.447,44.94,31.0
2026-09-22T14:59:56Z,232,4.0,2.0,4.0,18.1,41.5,18.581,45.314,31.0
2026-09-22T15:04:56Z,232,1.0,0.0,1.0,18.3,41.5,18.775,44.788,31.0
2026-09-22T15:09:56Z,232,1.0,0.0,1.0,18.4,41.2,18.626,44.599,31.0
2026-09-22T15:14:56Z,232,1.0,0.0,1.0,18.5,41.0,18.247,46.369,31.0
2026-09-22T15:19:56Z,232,0.0,0.0,0.0,18.5,41.0,18.941,45.078,31.0
2026-09-22T15:24:56Z,232,2.0,0.0,2.0,18.6,41.1,18.418,46.976,31.0
2026-09-22T15:29:56Z,232,1.0,0.0,1.0,18.6,41.3,18.137,47.033,31.0
2026-09-22T15:34:56Z,232,0.0,0.0,0.0,18.6,40.8,18.511,45.818,31.0
2026-09-22T15:39:56Z,232,0.0,0.0,0.0,18.5,39.4,18.559,43.069,31.0
2026-09-22T15:44:56Z,232,0.0,0.0,0.0,18.5,39.7,18.484,44.059,31.0
2026-09-22T15:49:56Z,232,1.0,0.0,3.0,18.5,39.7,18.631,43.153,31.0
2026-09-22T15:54:56Z,232,0.0,0.0,0.0,18.5,39.6,18.765,42.663,31.0
2026-09-22T15:59:56Z,232,1.0,0.0,1.0,18.5,40.1,18.567,45.162,31.0
2026-09-22T16:04:56Z,232,0.0,0.0,0.0,18.5,40.7,18.754,45.642,31.0
2026-09-22T16:09:56Z,232,2.0,0.0,2.0,18.5,40.9,18.749,45.251,31.0
2026-09-22T16:14:56Z,232,2.0,0.0,3.0,18.5,41.7,18.789,46.832,31.0
2026-09-22T16:19:56Z,232,0.0,0.0,0.0,18.6,41.7,18.639,47.161,31.0
2026-09-22T16:24:56Z,232,0.0,0.0,0.0,18.6,41.9,19.061,46.962,31.0
2026-09-22T16:29:56Z,232,0.0,0.0,0.0,18.7,42.3,18.842,47.531,31.0
2026-09-22T16:34:57Z,232,0.0,0.0,0.0,18.7,41.8,18.789,46.75,31.0
2026-09-22T16:39:56Z,232,0.0,0.0,0.0,18.8,42.3,19.048,48.561,31.0
2026-09-22T16:44:57Z,232,0.0,0.0,0.0,18.7,41.6,19.021,45.535,31.0
2026-09-22T16:49:56Z,232,0.0,0.0,0.0,18.8,41.9,19.4,46.834,31.0
2026-09-22T16:54:57Z,232,0.0,0.0,0.0,18.9,42.3,19.184,47.258,31.0
2026-09-22T16:59:56Z,232,0.0,0.0,0.0,18.9,40.9,19.424,43.765,31.0
2026-09-22T17:04:57Z,232,0.0,0.0,0.0,19.0,40.7,19.285,42.631,31.0
2026-09-22T17:09:56Z,232,0.0,0.0,0.0,19.1,39.8,19.323,41.366,31.0
2026-09-22T17:14:56Z,232,0.0,0.0,0.0,19.1,39.7,19.526,45.013,31.0
2026-09-22T17:19:57Z,232,0.0,0.0,0.0,19.2,41.3,19.774,46.115,31.0
2026-09-22T17:24:57Z,232,0.0,0.0,0.0,19.2,41.3,19.763,45.2,31.0
2026-09-22T17:29:56Z,232,0.0,0.0,0.0,19.3,41.2,19.694,45.469,31.0
2026-09-22T17:34:56Z,232,0.0,0.0,0.0,19.3,39.9,19.28,44.084,31.0
2026-09-22T17:39:56Z,232,0.0,0.0,0.0,19.4,39.9,19.344,44.221,31.0
2026-09-22T17:44:56Z,232,0.0,0.0,0.0,19.3,39.3,19.771,42.31,31.0
2026-09-22T17:49:56Z,232,0.0,0.0,0.0,19.4,39.3,19.675,43.638,31.0
2026-09-22T17:54:56Z,232,0.0,0.0,0.0,19.4,40.3,19.665,45.081,31.0
2026-09-22T17:59:56Z,232,0.0,0.0,0.0,19.4,40.8,19.283,46.529,31.0
2026-09-22T18:04:57Z,232,0.0,0.0,0.0,19.4,39.9,18.856,46.079,31.0
2026-09-22T18:09:57Z,232,0.0,0.0,0.0,19.3,40.5,19.283,46.899,31.0
2026-09-22T18:14:56Z,232,0.0,0.0,0.0,19.3,40.8,19.398,46.11,31.0
2026-09-22T18:19:56Z,232,0.0,0.0,0.0,19.3,39.3,19.045,44.206,31.0
2026-09-22T18:24:57Z,232,0.0,0.0,0.0,19.2,38.0,19.221,40.746,31.0
2026-09-22T18:29:57Z,232,0.0,0.0,0.0,19.3,37.6,19.008,40.569,31.0
2026-09-22T18:34:56Z,232,0.0,0.0,0.0,19.3,38.9,19.294,42.836,31.0
2026-09-22T18:39:57Z,232,0.0,0.0,0.0,19.3,37.8,19.267,41.087,31.0
2026-09-22T18:44:56Z,232,0.0,0.0,0.0,19.3,37.6,19.464,41.103,31.0
2026-09-22T18:49:56Z,232,0.0,0.0,0.0,19.3,37.5,19.4,40.983,31.0
2026-09-22T18:54:56Z,232,0.0,0.0,0.0,19.3,38.1,19.408,42.64,31.0
2026-09-22T18:59:57Z,232,0.0,0.0,0.0,19.3,38.8,19.285,42.672,31.0
2026-09-22T19:04:56Z,232,0.0,0.0,0.0,19.3,37.7,19.467,42.23,31.0
2026-09-22T19:09:56Z,232,0.0,0.0,0.0,19.3,37.1,19.296,40.199,31.0
2026-09-22T19:14:57Z,232,0.0,0.0,0.0,19.2,36.6,19.123,40.096,31.0
2026-09-22T19:19:56Z,232,0.0,0.0,0.0,19.2,37.9,19.08,43.514,31.0
2026-09-22T19:24:57Z,232,0.0,0.0,0.0,19.1,38.0,19.021,43.395,31.0
2026-09-22T19:29:56Z,232,0.0,0.0,0.0,19.1,38.4,18.968,43.773,31.0
2026-09-22T19:34:56Z,232,0.0,0.0,0.0,19.0,39.1,19.061,44.753,31.0
2026-09-22T19:39:57Z,232,0.0,0.0,0.0,19.1,39.6,18.773,46.304,31.0
2026-09-22T19:44:57Z,232,0.0,0.0,0.0,19.0,40.3,19.131,46.466,31.0
2026-09-22T19:49:56Z,232,0.0,0.0,0.0,19.0,40.6,19.115,47.09,31.0
2026-09-22T19:54:56Z,232,0.0,0.0,0.0,19.0,40.3,19.0,46.356,31.0
2026-09-22T19:59:57Z,232,0.0,0.0,0.0,19.1,39.9,19.048,45.465,31.0
2026-09-22T20:04:56Z,232,0.0,0.0,0.0,19.1,40.4,19.069,45.829,31.0
2026-09-22T20:09:56Z,232,0.0,0.0,0.0,19.1,40.4,18.85,46.171,31.0
2026-09-22T20:14:57Z,232,0.0,0.0,0.0,19.1,39.7,18.968,44.961,31.0
2026-09-22T20:19:57Z,232,0.0,0.0,0.0,19.1,39.3,18.725,43.474,31.0
2026-09-22T20:24:56Z,232,0.0,0.0,0.0,19.1,39.0,18.532,44.694,31.0
2026-09-22T20:29:57Z,232,0.0,0.0,0.0,19.1,38.5,18.623,43.409,31.0
2026-09-22T20:34:57Z,232,0.0,0.0,0.0,19.1,38.1,18.735,43.088,31.0
2026-09-22T20:39:57Z,232,0.0,0.0,0.0,19.0,38.8,18.693,44.517,31.0
2026-09-22T20:44:57Z,232,0.0,0.0,0.0,19.0,39.3,18.733,45.658,31.0
2026-09-22T20:49:57Z,232,0.0,0.0,0.0,18.9,39.4,18.284,46.087,31.0
2026-09-22T20:54:57Z,232,0.0,0.0,0.0,18.8,38.6,17.857,45.293,31.0
2026-09-22T20:59:57Z,232,0.0,0.0,0.0,18.7,38.6,17.905,44.633,31.0
2026-09-22T21:04:57Z,232,0.0,0.0,0.0,18.6,37.9,17.52,43.117,31.0
2026-09-22T21:09:57Z,232,0.0,0.0,0.0,18.3,37.0,16.882,43.102,31.0
2026-09-22T21:14:57Z,232,0.0,0.0,0.0,18.2,37.1,17.293,43.426,31.0
2026-09-22T21:19:56Z,232,0.0,0.0,0.0,18.0,39.5,17.037,47.47,31.0
2026-09-22T21:24:57Z,232,0.0,0.0,0.0,17.9,39.8,16.904,47.462,31.0
2026-09-22T21:29:56Z,232,0.0,0.0,0.0,17.7,41.1,16.591,50.228,31.0
2026-09-22T21:34:57Z,232,0.0,0.0,0.0,17.4,41.9,16.153,52.394,31.0
2026-09-22T21:39:56Z,232,0.0,0.0,0.0,17.3,42.9,16.303,52.785,31.0
2026-09-22T21:44:57Z,232,2.0,0.0,2.0,17.1,43.3,15.838,54.212,31.0
2026-09-22T21:49:56Z,232,4.0,1.0,4.0,16.9,43.9,15.718,54.752,31.0
2026-09-22T21:54:57Z,232,1.0,0.0,2.0,16.7,44.5,15.862,55.051,31.0
2026-09-22T21:59:57Z,232,4.0,2.0,4.0,16.6,45.0,15.814,55.505,31.0
2026-09-22T22:04:57Z,232,2.0,0.0,2.0,16.4,45.4,15.494,56.711,31.0
2026-09-22T22:09:57Z,232,7.0,2.0,7.0,16.4,45.8,15.595,56.886,31.0
2026-09-22T22:14:57Z,232,5.0,0.0,5.0,16.2,46.1,15.576,56.699,31.0
2026-09-22T22:19:57Z,232,9.0,5.0,9.0,16.2,47.0,15.753,56.863,31.0
2026-09-22T22:24:57Z,232,3.0,1.0,4.0,16.1,47.3,15.518,57.647,31.0
2026-09-22T22:29:57Z,232,0.0,0.0,0.0,16.0,47.3,15.512,57.47,31.0
2026-09-22T22:34:57Z,232,7.0,3.0,8.0,16.0,47.3,15.074,57.846,31.0
2026-09-22T22:39:57Z,232,11.0,5.0,14.0,15.9,47.4,15.221,57.468,31.0
2026-09-22T22:44:57Z,232,7.0,4.0,8.0,15.8,47.6,15.157,57.886,31.0
2026-09-22T22:49:57Z,232,9.0,5.0,9.0,15.7,48.1,15.195,58.193,31.0
2026-09-22T22:54:57Z,232,7.0,3.0,7.0,15.7,48.1,15.243,57.571,31.0
2026-09-22T22:59:57Z,232,7.0,3.0,8.0,15.6,48.1,15.141,57.634,31.0
2026-09-22T23:04:57Z,232,9.0,5.0,11.0,15.6,47.9,14.973,57.418,31.0
2026-09-22T23:09:57Z,232,12.0,7.0,14.0,15.5,48.0,15.133,57.13,31.0
2026-09-22T23:14:57Z,232,11.0,6.0,13.0,15.5,47.8,14.941,57.346,31.0
2026-09-22T23:19:57Z,232,7.0,5.0,7.0,15.4,48.0,14.813,57.867,31.0
2026-09-22T23:24:57Z,232,5.0,3.0,5.0,15.4,48.3,14.925,57.834,31.0
2026-09-22T23:29:57Z,232,30.0,19.0,35.0,15.3,48.7,14.992,57.846,31.0
2026-09-22T23:34:57Z,232,32.0,22.0,35.0,15.3,48.6,14.682,58.179,31.0
2026-09-22T23:39:57Z,232,2.0,1.0,2.0,15.3,48.7,14.815,58.061,31.0
2026-09-22T23:44:57Z,232,2.0,0.0,2.0,15.3,48.7,14.933,57.769,31.0
2026-09-22T23:49:57Z,232,0.0,0.0,1.0,15.3,48.6,14.973,57.729,31.0
2026-09-22T23:54:57Z,232,7.0,5.0,7.0,15.2,48.6,14.882,57.275,31.0
2026-09-22T23:59:57Z,232,6.0,4.0,6.0,15.2,48.6,14.829,58.054,31.0
2026-09-23T00:04:57Z,232,16.0,7.0,18.0,15.2,49.0,14.813,58.109,31.0
2026-09-23T00:09:57Z,232,9.0,4.0,12.0,15.2,49.2,14.893,58.345,31.0
2026-09-23T00:14:57Z,232,11.0,6.0,12.0,15.2,49.2,14.885,58.454,31.0
2026-09-23T00:19:57Z,232,8.0,5.0,9.0,15.2,49.5,14.751,58.857,31.0
2026-09-23T00:24:57Z,232,22.0,11.0,22.0,15.2,50.0,14.821,60.314,31.0
2026-09-23T00:29:57Z,232,11.0,7.0,14.0,15.2,50.1,14.746,60.077,31.0
2026-09-23T00:34:57Z,232,22.0,9.0,22.0,15.2,50.3,14.709,60.665,31.0
2026-09-23T00:39:57Z,232,23.0,14.0,24.0,15.1,50.7,14.599,61.655,31.0
2026-09-23T00:44:57Z,232,23.0,11.0,24.0,15.1,50.2,14.508,60.407,31.0
2026-09-23T00:49:57Z,232,6.0,3.0,6.0,15.0,50.7,14.348,61.744,31.0
2026-09-23T00:54:57Z,232,26.0,14.0,26.0,15.0,51.3,14.313,62.631,31.0
2026-09-23T00:59:57Z,232,32.0,22.0,36.0,15.0,51.4,14.442,62.015,31.0
2026-09-23T01:04:57Z,232,40.0,25.0,46.0,14.9,51.4,14.527,61.502,31.0
2026-09-23T01:09:57Z,232,38.0,25.0,44.0,14.9,51.1,14.607,60.835,31.0
2026-09-23T01:14:57Z,232,39.0,26.0,47.0,14.9,51.3,14.591,61.052,31.0
2026-09-23T01:19:57Z,232,33.0,23.0,37.0,14.9,51.1,14.567,60.487,31.0
2026-09-23T01:30:22Z,232,38.0,25.0,45.0,14.9,51.2,14.572,60.592,31.0
2026-09-23T01:30:23Z,232,41.0,27.0,49.0,14.9,52.0,14.562,62.305,31.0
2026-09-23T01:34:57Z,232,37.0,24.0,44.0,14.9,52.2,14.522,62.406,31.0
2026-09-23T01:39:57Z,232,32.0,22.0,35.0,14.9,52.3,14.57,62.53,31.0
2026-09-23T01:44:57Z,232,25.0,13.0,25.0,14.9,52.8,14.311,64.087,31.0
2026-09-23T01:49:57Z,232,20.0,11.0,22.0,14.9,52.4,14.236,62.465,31.0
2026-09-23T01:54:57Z,232,30.0,19.0,31.0,14.9,52.4,14.049,63.732,31.0
2026-09-23T01:59:57Z,232,30.0,19.0,30.0,14.8,52.8,14.209,63.436,31.0
2026-09-23T02:04:57Z,232,32.0,21.0,34.0,14.8,52.6,14.284,62.91,31.0
2026-09-23T02:09:57Z,232,32.0,22.0,34.0,14.8,52.4,14.335,62.339,31.0
2026-09-23T02:14:57Z,232,18.0,9.0,19.0,14.8,52.7,14.377,63.047,31.0
2026-09-23T02:19:57Z,232,17.0,8.0,19.0,14.8,53.0,14.287,63.678,31.0
2026-09-23T02:24:58Z,232,26.0,17.0,26.0,14.8,53.4,14.292,64.363,31.0
2026-09-23T02:29:57Z,232,17.0,8.0,18.0,14.8,53.9,14.204,65.338,31.0
2026-09-23T02:34:57Z,232,19.0,7.0,20.0,14.7,54.1,14.263,65.466,31.0
2026-09-23T02:39:57Z,232,19.0,8.0,19.0,14.7,54.4,14.129,66.255,31.0
2026-09-23T02:44:57Z,232,18.0,7.0,19.0,14.7,54.6,14.156,65.729,31.0
2026-09-23T02:49:57Z,232,18.0,9.0,22.0,14.7,54.7,14.137,66.244,31.0
2026-09-23T02:54:58Z,232,12.0,7.0,17.0,14.6,54.8,14.073,66.335,31.0
2026-09-23T02:59:57Z,232,5.0,2.0,5.0,14.6,54.5,14.11,65.584,31.0
2026-09-23T03:04:58Z,232,3.0,1.0,3.0,14.7,54.9,14.217,65.572,31.0
2026-09-23T03:09:58Z,232,1.0,0.0,1.0,14.6,54.4,14.225,65.374,31.0
2026-09-23T03:14:58Z,232,0.0,0.0,1.0,14.6,54.5,14.225,65.324,31.0
2026-09-23T03:19:57Z,232,0.0,0.0,0.0,14.6,54.9,14.161,66.316,31.0
2026-09-23T03:24:58Z,232,0.0,0.0,0.0,14.6,55.0,14.166,66.259,31.0
2026-09-23T03:29:58Z,232,0.0,0.0,1.0,14.6,54.9,14.215,65.733,31.0
2026-09-23T03:34:57Z,232,0.0,0.0,0.0,14.7,55.0,14.217,65.521,31.0
2026-09-23T03:39:58Z,232,0.0,0.0,0.0,14.6,55.1,14.244,66.114,31.0
2026-09-23T03:44:58Z,232,5.0,1.0,6.0,14.6,54.9,14.057,66.124,31.0
2026-09-23T03:49:58Z,232,7.0,3.0,7.0,14.6,55.1,13.849,67.14,31.0
2026-09-23T03:54:57Z,232,7.0,3.0,7.0,14.6,55.1,13.825,67.219,31.0
2026-09-23T03:59:58Z,232,8.0,4.0,8.0,14.5,55.5,14.028,66.982,31.0
2026-09-23T04:04:57Z,232,5.0,2.0,5.0,14.5,55.9,13.98,67.92,31.0
2026-09-23T04:09:58Z,232,2.0,1.0,2.0,14.5,56.4,14.081,68.121,31.0
2026-09-23T04:14:57Z,232,1.0,0.0,3.0,14.5,56.6,14.046,68.573,31.0
2026-09-23T04:19:58Z,232,6.0,2.0,6.0,14.5,56.5,13.779,68.58,31.0
2026-09-23T04:24:57Z,232,5.0,3.0,5.0,14.5,57.0,13.795,69.368,31.0
2026-09-23T04:29:58Z,232,4.0,2.0,4.0,14.5,56.8,13.742,69.275,31.0
2026-09-23T04:34:57Z,232,2.0,1.0,3.0,14.4,56.9,13.678,68.985,31.0
2026-09-23T04:39:58Z,232,3.0,0.0,3.0,14.4,56.8,13.739,68.63,31.0
2026-09-23T04:44:57Z,232,7.0,4.0,7.0,14.4,56.9,13.606,69.439,31.0
2026-09-23T04:49:58Z,232,6.0,3.0,7.0,14.4,57.0,13.622,69.566,31.0
2026-09-23T04:54:58Z,232,6.0,3.0,6.0,14.4,57.1,13.691,69.662,31.0
2026-09-23T04:59:57Z,232,5.0,1.0,5.0,14.4,57.6,13.801,69.544,31.0
2026-09-23T05:04:57Z,232,4.0,2.0,5.0,14.3,57.4,13.672,69.141,31.0
2026-09-23T05:09:58Z,232,9.0,5.0,9.0,14.3,57.6,13.678,70.04,31.0
2026-09-23T05:14:58Z,232,8.0,4.0,8.0,14.3,57.9,13.731,69.99,31.0
2026-09-23T05:19:57Z,232,7.0,4.0,9.0,14.3,58.4,13.683,71.049,31.0
2026-09-23T05:24:57Z,232,2.0,1.0,2.0,14.3,58.2,13.718,70.492,31.0
2026-09-23T05:29:57Z,232,0.0,0.0,1.0,14.3,58.3,13.713,70.026,31.0
2026-09-23T05:34:57Z,232,1.0,0.0,1.0,14.3,58.3,13.761,70.139,31.0
2026-09-23T05:39:57Z,232,0.0,0.0,0.0,14.3,58.3,13.627,70.595,31.0
2026-09-23T05:44:57Z,232,0.0,0.0,0.0,14.3,58.4,13.729,70.919,31.0
2026-09-23T05:49:57Z,232,0.0,0.0,0.0,14.3,58.7,13.79,71.035,31.0
2026-09-23T05:54:57Z,232,0.0,0.0,0.0,14.4,59.0,13.731,71.281,31.0
2026-09-23T05:59:57Z,232,0.0,0.0,0.0,14.4,59.0,13.758,71.379,31.0
2026-09-23T06:04:58Z,232,0.0,0.0,0.0,14.4,59.3,13.833,71.289,31.0
2026-09-23T06:09:57Z,232,0.0,0.0,0.0,14.4,59.4,13.849,71.588,31.0
2026-09-23T06:14:58Z,232,0.0,0.0,0.0,14.4,59.3,13.798,71.636,31.0
2026-09-23T06:19:57Z,232,0.0,0.0,0.0,14.4,59.4,13.809,71.733,31.0
2026-09-23T06:24:57Z,232,0.0,0.0,0.0,14.4,59.6,13.809,71.857,31.0
2026-09-23T06:29:58Z,232,0.0,0.0,0.0,14.4,59.2,13.793,71.811,31.0
2026-09-23T06:34:58Z,232,0.0,0.0,0.0,14.4,59.5,13.83,71.422,31.0
2026-09-23T06:39:57Z,232,0.0,0.0,0.0,14.4,59.3,13.881,71.01,31.0
2026-09-23T06:44:58Z,232,0.0,0.0,0.0,14.5,59.4,13.817,71.785,31.0
2026-09-23T06:49:57Z,232,0.0,0.0,0.0,14.5,59.5,13.881,71.508,31.0
2026-09-23T06:54:58Z,232,0.0,0.0,0.0,14.5,59.5,13.87,71.625,31.0
2026-09-23T06:59:58Z,232,0.0,0.0,0.0,14.5,59.6,13.966,71.388,31.0
2026-09-23T07:04:57Z,232,0.0,0.0,0.0,14.5,59.9,13.825,72.296,31.0
2026-09-23T07:09:57Z,232,0.0,0.0,0.0,14.5,59.5,13.835,72.086,31.0
2026-09-23T07:14:57Z,232,0.0,0.0,0.0,14.5,59.6,13.948,71.539,31.0
2026-09-23T07:19:58Z,232,0.0,0.0,0.0,14.5,59.5,14.012,71.653,31.0
2026-09-23T07:24:57Z,232,0.0,0.0,0.0,14.6,59.8,13.974,71.756,31.0
2026-09-23T07:29:58Z,232,0.0,0.0,0.0,14.6,59.8,14.041,72.004,31.0
2026-09-23T07:34:57Z,232,0.0,0.0,0.0,14.6,59.9,14.094,72.04,31.0
2026-09-23T07:39:58Z,232,0.0,0.0,0.0,14.6,60.0,13.891,72.756,31.0
2026-09-23T07:44:57Z,232,0.0,0.0,0.0,14.6,60.3,13.838,72.859,31.0
2026-09-23T07:49:58Z,232,0.0,0.0,0.0,14.6,60.2,13.833,72.943,31.0
2026-09-23T07:54:58Z,232,0.0,0.0,0.0,14.6,60.3,13.948,72.729,31.0
2026-09-23T07:59:57Z,232,0.0,0.0,0.0,14.6,60.2,14.012,72.729,31.0
2026-09-23T08:04:57Z,232,0.0,0.0,0.0,14.6,60.2,13.937,72.765,31.0
2026-09-23T08:09:57Z,232,0.0,0.0,0.0,14.6,60.3,14.097,72.452,31.0
2026-09-23T08:14:58Z,232,0.0,0.0,0.0,14.7,60.7,14.124,72.454,31.0
2026-09-23T08:19:57Z,232,0.0,0.0,0.0,14.7,60.9,14.046,72.664,31.0
2026-09-23T08:24:57Z,232,0.0,0.0,0.0,14.7,60.5,14.057,72.573,31.0
2026-09-23T08:29:58Z,232,0.0,0.0,0.0,14.7,60.8,13.865,72.975,31.0
2026-09-23T08:34:58Z,232,0.0,0.0,0.0,14.7,60.8,13.966,72.824,31.0
2026-09-23T08:39:58Z,232,0.0,0.0,0.0,14.7,60.8,13.897,73.158,31.0
2026-09-23T08:44:58Z,232,0.0,0.0,0.0,14.7,60.5,13.878,73.0,31.0
2026-09-23T08:49:58Z,232,0.0,0.0,0.0,14.6,60.5,13.931,73.223,31.0
2026-09-23T08:54:57Z,232,0.0,0.0,0.0,14.7,61.1,13.771,73.618,31.0
2026-09-23T08:59:58Z,232,0.0,0.0,0.0,14.6,60.8,14.065,73.168,31.0
2026-09-23T09:04:58Z,232,0.0,0.0,0.0,14.6,61.3,13.98,73.759,31.0
2026-09-23T09:09:57Z,232,0.0,0.0,0.0,14.6,61.2,14.073,73.419,31.0
2026-09-23T09:14:57Z,232,0.0,0.0,0.0,14.7,61.6,14.094,73.45,31.0
2026-09-23T09:19:58Z,232,0.0,0.0,0.0,14.7,61.5,14.02,73.469,31.0
2026-09-23T09:24:58Z,232,0.0,0.0,0.0,14.7,61.7,13.966,74.238,31.0
2026-09-23T09:29:58Z,232,0.0,0.0,0.0,14.7,61.7,13.731,74.468,31.0
2026-09-23T09:34:57Z,232,0.0,0.0,0.0,14.6,61.7,13.766,74.926,31.0
2026-09-23T09:39:58Z,232,0.0,0.0,0.0,14.6,61.8,13.846,74.713,31.0
2026-09-23T09:44:58Z,232,0.0,0.0,0.0,14.6,61.9,13.793,74.617,31.0
2026-09-23T09:49:58Z,232,0.0,0.0,0.0,14.6,61.8,13.819,74.529,31.0
2026-09-23T09:54:58Z,232,0.0,0.0,0.0,14.6,62.0,13.785,74.35,31.0
2026-09-23T09:59:58Z,232,0.0,0.0,0.0,14.6,62.3,13.972,74.875,31.0
2026-09-23T10:04:58Z,232,0.0,0.0,0.0,14.6,62.5,13.795,75.682,31.0
2026-09-23T10:09:58Z,232,0.0,0.0,0.0,14.6,62.6,13.801,75.605,31.0
2026-09-23T10:14:58Z,232,0.0,0.0,0.0,14.5,62.8,13.806,75.767,31.0
2026-09-23T10:19:58Z,232,0.0,0.0,0.0,14.6,62.8,13.734,75.416,31.0
2026-09-23T10:24:58Z,232,0.0,0.0,0.0,14.5,62.7,13.787,75.634,31.0
2026-09-23T10:29:58Z,232,0.0,0.0,0.0,14.6,62.9,13.899,75.258,31.0
2026-09-23T10:34:58Z,232,0.0,0.0,0.0,14.6,63.0,13.883,75.664,31.0
2026-09-23T10:39:58Z,232,0.0,0.0,0.0,14.6,63.0,13.838,75.823,31.0
2026-09-23T10:44:58Z,232,0.0,0.0,0.0,14.6,63.1,13.913,75.796,31.0
2026-09-23T10:49:58Z,232,0.0,0.0,0.0,14.6,63.0,13.843,75.533,31.0
2026-09-23T10:54:58Z,232,0.0,0.0,0.0,14.6,62.9,13.87,75.376,31.0
2026-09-23T10:59:58Z,232,0.0,0.0,0.0,14.6,62.7,13.91,75.247,31.0
2026-09-23T11:04:58Z,232,3.0,0.0,3.0,14.6,63.0,13.99,75.178,31.0
2026-09-23T11:09:58Z,232,0.0,0.0,0.0,14.6,63.2,14.145,75.313,31.0
2026-09-23T11:14:58Z,232,0.0,0.0,0.0,14.7,63.2,13.996,75.468,31.0
2026-09-23T11:19:58Z,232,0.0,0.0,0.0,14.6,63.1,14.081,75.352,31.0
2026-09-23T11:24:58Z,232,0.0,0.0,0.0,14.7,63.4,14.025,75.613,31.0
2026-09-23T11:29:58Z,232,18.0,9.0,19.0,14.7,63.4,14.281,75.271,31.0
2026-09-23T11:34:58Z,232,0.0,0.0,0.0,14.7,63.6,14.265,75.083,31.0
2026-09-23T11:39:58Z,232,0.0,0.0,0.0,14.8,63.4,14.303,75.037,31.0
2026-09-23T11:44:58Z,232,0.0,0.0,0.0,14.8,63.5,14.172,75.502,31.0
2026-09-23T11:49:58Z,232,0.0,0.0,0.0,14.8,63.5,14.252,75.441,31.0
2026-09-23T11:54:58Z,232,0.0,0.0,0.0,14.8,63.6,14.188,75.802,31.0
2026-09-23T11:59:58Z,232,0.0,0.0,1.0,14.8,63.7,14.305,75.668,31.0
2026-09-23T12:04:58Z,232,0.0,0.0,0.0,14.9,63.6,14.233,75.605,31.0
2026-09-23T12:09:58Z,232,0.0,0.0,0.0,14.8,63.9,14.068,76.658,31.0
2026-09-23T12:14:58Z,232,0.0,0.0,0.0,14.9,64.2,14.265,76.671,31.0
2026-09-23T12:19:58Z,232,1.0,0.0,1.0,14.9,64.3,14.276,76.75,31.0
2026-09-23T12:24:58Z,232,0.0,0.0,0.0,14.9,64.6,14.281,77.034,31.0
2026-09-23T12:29:58Z,232,4.0,2.0,5.0,14.9,64.7,14.498,77.251,31.0
2026-09-23T12:34:58Z,232,1.0,0.0,2.0,15.0,64.7,14.562,76.822,31.0
2026-09-23T12:39:58Z,232,0.0,0.0,0.0,15.0,64.5,14.434,76.645,31.0
2026-09-23T12:44:58Z,232,1.0,0.0,1.0,15.0,64.5,14.514,76.708,31.0
2026-09-23T12:49:58Z,232,0.0,0.0,0.0,15.1,64.6,14.58,76.307,31.0
2026-09-23T12:54:58Z,232,0.0,0.0,0.0,15.1,64.3,14.506,76.67,31.0
2026-09-23T12:59:58Z,232,0.0,0.0,1.0,15.2,64.3,14.591,76.469,31.0
2026-09-23T13:04:58Z,232,0.0,0.0,0.0,15.2,64.2,14.479,76.677,31.0
2026-09-23T13:09:58Z,232,6.0,1.0,9.0,15.1,64.5,14.647,76.79,31.0
2026-09-23T13:14:58Z,232,0.0,0.0,0.0,15.2,64.5,14.652,77.104,31.0
2026-09-23T13:19:58Z,232,1.0,1.0,2.0,15.2,64.5,14.391,77.463,31.0
2026-09-23T13:24:58Z,232,5.0,2.0,5.0,15.2,64.8,14.556,77.764,31.0
2026-09-23T13:29:58Z,232,2.0,1.0,2.0,15.2,64.9,14.642,77.37,31.0
2026-09-23T13:34:58Z,232,1.0,0.0,1.0,15.2,64.9,14.746,77.77,31.0
2026-09-23T13:39:58Z,232,0.0,0.0,0.0,15.2,65.1,14.564,77.944,31.0
2026-09-23T13:44:58Z,232,0.0,0.0,0.0,15.2,65.2,14.527,78.651,31.0
2026-09-23T13:49:58Z,232,1.0,0.0,1.0,15.2,65.2,14.511,78.741,31.0
2026-09-23T13:54:58Z,232,0.0,0.0,0.0,15.2,65.5,14.631,78.686,31.0
2026-09-23T13:59:58Z,232,2.0,0.0,2.0,15.2,65.4,14.711,78.245,31.0
2026-09-23T14:04:58Z,232,0.0,0.0,0.0,15.2,65.6,14.476,78.358,31.0
2026-09-23T14:09:58Z,232,0.0,0.0,0.0,15.2,65.6,14.524,78.836,31.0
2026-09-23T14:14:58Z,232,0.0,0.0,1.0,15.2,65.7,14.647,78.815,31.0
2026-09-23T14:19:58Z,232,0.0,0.0,0.0,15.3,65.5,14.709,78.291,31.0
2026-09-23T14:24:58Z,232,0.0,0.0,0.0,15.3,65.5,14.644,78.321,31.0
2026-09-23T14:29:58Z,232,0.0,0.0,0.0,15.3,65.4,14.789,77.719,31.0
2026-09-23T14:34:58Z,232,0.0,0.0,0.0,15.3,65.2,14.703,78.03,31.0
2026-09-23T14:39:58Z,232,0.0,0.0,0.0,15.3,65.2,14.719,77.762,31.0
2026-09-23T14:44:58Z,232,0.0,0.0,0.0,15.3,65.3,14.754,77.713,31.0
2026-09-23T14:49:58Z,232,0.0,0.0,1.0,15.3,65.3,14.674,78.171,31.0
2026-09-23T14:54:58Z,232,0.0,0.0,0.0,15.4,65.3,14.807,77.951,31.0
2026-09-23T14:59:58Z,232,6.0,3.0,7.0,15.4,65.4,14.957,77.53,31.0
2026-09-23T15:04:58Z,232,0.0,0.0,0.0,15.4,65.6,14.893,77.068,31.0
2026-09-23T15:09:59Z,232,0.0,0.0,0.0,15.4,65.5,14.821,77.835,31.0
2026-09-23T15:14:58Z,232,0.0,0.0,0.0,15.5,65.3,15.056,77.543,31.0
2026-09-23T15:19:58Z,232,0.0,0.0,1.0,15.5,65.4,15.114,77.602,31.0
2026-09-23T15:24:58Z,232,0.0,0.0,0.0,15.5,65.3,15.112,77.955,31.0
2026-09-23T15:29:59Z,232,1.0,0.0,1.0,15.6,65.4,15.042,77.503,31.0
2026-09-23T15:34:59Z,232,0.0,0.0,0.0,15.6,65.2,15.128,77.238,31.0
2026-09-23T15:39:59Z,232,1.0,1.0,1.0,15.6,65.0,15.112,76.998,31.0
2026-09-23T15:44:58Z,232,6.0,3.0,7.0,15.7,65.1,15.168,77.351,31.0
2026-09-23T15:49:59Z,232,1.0,0.0,1.0,15.7,64.6,15.355,75.952,31.0
2026-09-23T15:54:58Z,232,0.0,0.0,0.0,15.8,64.3,15.13,77.103,31.0
2026-09-23T15:59:58Z,232,1.0,0.0,1.0,15.8,64.3,15.211,76.956,31.0
2026-09-23T16:04:58Z,232,2.0,1.0,2.0,15.8,64.6,15.397,76.399,31.0
2026-09-23T16:09:58Z,232,2.0,1.0,2.0,15.9,64.6,15.491,76.269,31.0
2026-09-23T16:14:58Z,232,7.0,2.0,7.0,15.9,64.7,15.566,76.147,31.0
2026-09-23T16:19:59Z,232,0.0,0.0,0.0,15.9,64.2,15.181,76.399,31.0
2026-09-23T16:24:58Z,232,0.0,0.0,0.0,16.0,63.9,15.587,75.495,31.0
2026-09-23T16:29:58Z,232,0.0,0.0,0.0,16.0,63.9,15.499,75.485,31.0
2026-09-23T16:34:58Z,232,0.0,0.0,0.0,16.1,63.6,15.483,75.279,31.0
2026-09-23T16:39:58Z,232,0.0,0.0,0.0,16.1,63.8,15.75,75.363,31.0
2026-09-23T16:44:58Z,232,0.0,0.0,0.0,16.1,63.7,15.478,75.628,31.0
2026-09-23T16:49:59Z,232,0.0,0.0,0.0,16.1,63.4,15.446,75.571,31.0
2026-09-23T16:54:58Z,232,4.0,1.0,4.0,16.2,63.6,15.87,74.961,31.0
2026-09-23T16:59:58Z,232,0.0,0.0,1.0,16.3,63.3,16.062,74.165,31.0
2026-09-23T17:04:59Z,232,0.0,0.0,0.0,16.4,62.9,16.126,73.164,31.0
2026-09-23T17:09:59Z,232,1.0,0.0,1.0,16.5,62.4,16.009,73.891,31.0
2026-09-23T17:14:59Z,232,0.0,0.0,0.0,16.6,62.2,15.79,73.822,31.0
2026-09-23T17:19:58Z,232,5.0,0.0,5.0,16.7,61.8,16.012,73.269,31.0
2026-09-23T17:24:59Z,232,0.0,0.0,0.0,16.7,61.7,15.9,74.121,31.0
2026-09-23T17:29:58Z,232,1.0,0.0,1.0,16.6,61.5,15.734,74.396,31.0
2026-09-23T17:34:58Z,232,1.0,0.0,1.0,16.5,61.5,15.803,74.23,31.0
2026-09-23T17:39:59Z,232,1.0,0.0,1.0,16.5,61.8,15.822,74.087,31.0
2026-09-23T17:44:59Z,232,1.0,0.0,1.0,16.5,61.7,15.833,74.121,31.0
2026-09-23T17:49:58Z,232,4.0,0.0,5.0,16.5,62.0,16.169,72.893,31.0
2026-09-23T17:54:58Z,232,3.0,0.0,4.0,16.5,61.9,16.046,73.463,31.0
2026-09-23T17:59:58Z,232,1.0,0.0,3.0,16.5,61.9,16.126,73.149,31.0
2026-09-23T18:04:59Z,232,0.0,0.0,0.0,16.5,61.7,15.937,73.728,31.0
2026-09-23T18:09:58Z,232,0.0,0.0,2.0,16.5,61.6,15.819,74.024,31.0
2026-09-23T18:14:58Z,232,1.0,0.0,1.0,16.5,61.6,15.787,73.953,31.0
2026-09-23T18:19:58Z,232,0.0,0.0,0.0,16.4,61.8,15.552,74.806,31.0
2026-09-23T18:24:59Z,232,1.0,0.0,1.0,16.3,62.2,15.646,74.634,31.0
2026-09-23T18:29:58Z,232,0.0,0.0,0.0,16.3,61.8,15.448,74.768,31.0
2026-09-23T18:34:59Z,232,3.0,1.0,3.0,16.2,62.1,15.678,73.746,31.0
2026-09-23T18:39:58Z,232,2.0,0.0,2.0,16.2,62.3,15.865,73.883,31.0
2026-09-23T18:44:59Z,232,0.0,0.0,0.0,16.2,62.1,15.357,74.913,31.0
2026-09-23T18:49:58Z,232,1.0,0.0,1.0,16.1,62.5,15.355,75.111,31.0
2026-09-23T18:54:58Z,232,2.0,2.0,2.0,16.1,62.5,15.568,74.793,31.0
2026-09-23T18:59:59Z,232,0.0,0.0,1.0,16.0,62.8,15.536,74.884,31.0
2026-09-23T19:04:58Z,232,1.0,0.0,1.0,16.0,63.0,15.36,75.739,31.0
2026-09-23T19:09:58Z,232,1.0,1.0,1.0,16.0,63.0,15.48,74.903,31.0
2026-09-23T19:14:59Z,232,2.0,1.0,2.0,16.0,62.7,15.352,74.781,31.0
2026-09-23T19:19:59Z,232,1.0,0.0,1.0,16.0,62.7,15.454,74.392,31.0
2026-09-23T19:24:59Z,232,1.0,0.0,1.0,16.0,62.5,15.325,74.715,31.0
2026-09-23T19:29:59Z,232,0.0,0.0,0.0,16.0,62.5,15.309,74.852,31.0
2026-09-23T19:34:59Z,232,3.0,1.0,3.0,16.0,62.7,15.622,73.852,31.0
2026-09-23T19:39:58Z,232,0.0,0.0,1.0,16.0,62.6,15.179,75.3,31.0
2026-09-23T19:44:59Z,232,0.0,0.0,0.0,15.9,62.7,15.264,74.837,31.0
2026-09-23T19:49:59Z,232,1.0,0.0,1.0,15.9,63.0,15.179,74.9,31.0
2026-09-23T19:54:58Z,232,0.0,0.0,0.0,15.8,63.0,15.312,74.627,31.0
2026-09-23T19:59:59Z,232,1.0,0.0,1.0,15.9,63.2,15.267,75.085,31.0
2026-09-23T20:04:59Z,232,1.0,0.0,1.0,15.8,63.4,15.229,75.407,31.0
2026-09-23T20:09:59Z,232,0.0,0.0,0.0,15.8,63.1,15.213,75.17,31.0
2026-09-23T20:14:58Z,232,0.0,0.0,0.0,15.8,63.4,15.203,75.724,31.0
2026-09-23T20:19:59Z,232,5.0,1.0,5.0,15.8,63.5,15.381,75.155,31.0
2026-09-23T20:24:59Z,232,1.0,0.0,1.0,15.7,63.3,15.082,75.548,31.0
2026-09-23T20:29:59Z,232,0.0,0.0,0.0,15.8,63.4,15.146,75.439,31.0
2026-09-23T20:34:59Z,232,1.0,0.0,1.0,15.7,63.3,14.949,75.817,31.0
2026-09-23T20:39:59Z,232,1.0,0.0,1.0,15.7,63.6,15.08,75.653,31.0
2026-09-23T20:44:59Z,232,1.0,0.0,1.0,15.6,63.8,15.005,76.021,31.0
2026-09-23T20:52:24Z,232,0.0,0.0,0.0,15.6,63.7,14.903,76.366,31.0
2026-09-23T20:54:58Z,232,0.0,0.0,0.0,15.6,63.9,14.941,76.412,31.0
2026-09-23T20:59:59Z,232,0.0,0.0,0.0,15.6,64.0,14.989,76.124,31.0
2026-09-23T21:04:59Z,232,1.0,0.0,1.0,15.5,64.0,14.925,76.082,31.0
2026-09-23T21:09:59Z,232,1.0,0.0,1.0,15.5,64.3,14.962,76.307,31.0
2026-09-23T21:14:59Z,232,0.0,0.0,0.0,15.5,64.2,14.829,76.424,31.0
2026-09-23T21:19:59Z,232,1.0,0.0,1.0,15.5,64.3,14.885,76.622,31.0
2026-09-23T21:24:59Z,232,2.0,0.0,2.0,15.5,64.4,14.879,76.633,31.0
2026-09-23T21:29:59Z,232,1.0,0.0,1.0,15.5,64.4,14.842,76.868,31.0
2026-09-23T21:34:59Z,232,1.0,0.0,2.0,15.5,64.6,14.879,76.58,31.0
2026-09-23T21:39:59Z,232,17.0,9.0,20.0,15.5,64.6,14.823,77.011,31.0
2026-09-23T21:44:59Z,232,4.0,1.0,4.0,15.4,64.7,14.941,76.742,31.0
2026-09-23T21:49:59Z,232,1.0,0.0,1.0,15.5,64.6,14.898,76.755,31.0
2026-09-23T21:54:59Z,232,1.0,0.0,1.0,15.5,64.6,14.914,76.75,31.0
2026-09-23T21:59:59Z,232,2.0,0.0,2.0,15.5,64.5,15.053,76.116,31.0
2026-09-23T22:04:58Z,232,1.0,0.0,1.0,15.5,64.6,14.863,76.689,31.0
2026-09-23T22:09:59Z,232,4.0,0.0,4.0,15.4,64.9,15.05,76.683,31.0
2026-09-23T22:14:59Z,232,0.0,0.0,0.0,15.5,65.0,14.911,77.73,31.0
2026-09-23T22:19:58Z,232,3.0,0.0,3.0,15.4,65.2,14.965,77.608,31.0
2026-09-23T22:24:59Z,232,1.0,0.0,1.0,15.5,65.4,14.839,77.881,31.0
2026-09-23T22:29:59Z,232,0.0,0.0,0.0,15.5,65.5,14.85,78.213,31.0
2026-09-23T22:34:59Z,232,0.0,0.0,0.0,15.4,65.4,14.717,78.195,31.0
2026-09-23T22:39:59Z,232,0.0,0.0,0.0,15.4,65.4,14.754,78.07,31.0
2026-09-23T22:44:59Z,232,1.0,0.0,1.0,15.3,65.6,14.647,78.491,31.0
2026-09-23T22:49:59Z,232,0.0,0.0,1.0,15.3,65.6,14.666,78.455,31.0
2026-09-23T22:54:59Z,232,1.0,0.0,1.0,15.3,65.5,14.66,77.967,31.0
2026-09-23T22:59:59Z,232,1.0,0.0,1.0,15.3,65.8,14.671,78.215,31.0
2026-09-23T23:04:59Z,232,1.0,0.0,1.0,15.3,65.8,14.751,78.237,31.0
2026-09-23T23:09:59Z,232,2.0,0.0,2.0,15.3,66.0,14.719,78.583,31.0
2026-09-23T23:14:59Z,232,1.0,1.0,1.0,15.3,65.8,14.642,78.165,31.0
2026-09-23T23:19:59Z,232,1.0,1.0,1.0,15.3,66.0,14.85,77.921,31.0
2026-09-23T23:24:59Z,232,1.0,0.0,1.0,15.3,66.0,14.668,78.581,31.0
2026-09-23T23:29:59Z,232,0.0,0.0,0.0,15.2,66.0,14.588,78.628,31.0
2026-09-23T23:34:59Z,232,0.0,0.0,0.0,15.2,66.2,14.61,79.174,31.0
2026-09-23T23:39:59Z,232,1.0,0.0,1.0,15.2,66.2,14.586,79.363,31.0
2026-09-23T23:44:59Z,232,1.0,1.0,1.0,15.2,66.4,14.607,78.966,31.0
2026-09-23T23:49:59Z,232,1.0,0.0,1.0,15.2,66.4,14.548,79.239,31.0
2026-09-23T23:54:59Z,232,1.0,0.0,1.0,15.2,66.5,14.618,79.353,31.0
2026-09-23T23:59:59Z,232,1.0,0.0,1.0,15.2,66.7,14.65,79.376,31.0
2026-09-24T00:04:59Z,232,0.0,0.0,0.0,15.2,66.6,14.685,79.252,31.0
2026-09-24T00:09:59Z,232,0.0,0.0,0.0,15.2,66.6,14.53,79.286,31.0
2026-09-24T00:14:59Z,232,0.0,0.0,0.0,15.2,66.7,14.626,79.405,31.0
2026-09-24T00:19:59Z,232,1.0,0.0,1.0,15.2,66.6,14.658,79.204,31.0
2026-09-24T00:24:59Z,232,0.0,0.0,0.0,15.2,66.9,14.532,79.651,31.0
2026-09-24T00:29:59Z,232,1.0,0.0,1.0,15.2,66.7,14.548,79.431,31.0
2026-09-24T00:34:59Z,232,1.0,0.0,1.0,15.2,66.7,14.479,79.763,31.0
2026-09-24T00:39:59Z,232,0.0,0.0,2.0,15.2,66.8,14.554,80.242,31.0
2026-09-24T00:44:59Z,232,1.0,0.0,1.0,15.1,66.9,14.468,80.12,31.0
2026-09-24T00:49:59Z,232,1.0,0.0,2.0,15.2,67.3,14.599,80.307,31.0
2026-09-24T00:54:59Z,232,0.0,0.0,1.0,15.1,67.1,14.556,80.017,31.0
2026-09-24T00:59:59Z,232,1.0,0.0,1.0,15.1,67.3,14.61,80.351,31.0
2026-09-24T01:04:59Z,232,0.0,0.0,0.0,15.2,67.2,14.556,80.151,31.0
2026-09-24T01:09:59Z,232,0.0,0.0,0.0,15.1,67.2,14.562,79.847,31.0
2026-09-24T01:14:59Z,232,0.0,0.0,0.0,15.2,67.2,14.58,79.958,31.0
2026-09-24T01:19:59Z,232,0.0,0.0,0.0,15.1,67.2,14.57,79.868,31.0
2026-09-24T01:24:59Z,232,0.0,0.0,0.0,15.1,67.2,14.602,79.399,31.0
2026-09-24T01:29:59Z,232,0.0,0.0,0.0,15.1,67.1,14.618,79.538,31.0
2026-09-24T01:34:59Z,232,0.0,0.0,0.0,15.2,67.0,14.623,79.372,31.0
2026-09-24T01:39:59Z,232,0.0,0.0,0.0,15.1,66.9,14.717,78.863,31.0
2026-09-24T01:44:59Z,232,0.0,0.0,0.0,15.2,66.8,14.706,78.726,31.0
2026-09-24T01:49:59Z,232,0.0,0.0,0.0,15.2,66.7,14.759,78.333,31.0
2026-09-24T01:54:59Z,232,0.0,0.0,1.0,15.2,66.5,14.69,78.44,31.0
2026-09-24T02:00:00Z,232,0.0,0.0,0.0,15.2,66.6,14.757,78.382,31.0
2026-09-24T02:04:59Z,232,0.0,0.0,0.0,15.2,66.4,14.778,78.094,31.0
2026-09-24T02:09:59Z,232,0.0,0.0,0.0,15.2,66.6,14.794,77.972,31.0
2026-09-24T02:14:59Z,232,0.0,0.0,1.0,15.3,66.5,14.928,78.031,31.0
2026-09-24T02:19:59Z,232,0.0,0.0,0.0,15.3,66.4,14.887,77.841,31.0
2026-09-24T02:24:59Z,232,0.0,0.0,0.0,15.3,66.2,14.749,77.848,31.0
2026-09-24T02:30:00Z,232,0.0,0.0,0.0,15.3,66.2,14.914,77.904,31.0
2026-09-24T02:34:59Z,232,0.0,0.0,0.0,15.3,66.2,14.914,77.558,31.0
2026-09-24T02:39:59Z,232,0.0,0.0,0.0,15.3,66.1,14.877,77.804,31.0
2026-09-24T02:44:59Z,232,0.0,0.0,0.0,15.4,66.0,14.757,78.35,31.0
2026-09-24T02:49:59Z,232,0.0,0.0,0.0,15.4,66.1,14.757,78.655,31.0
2026-09-24T02:54:59Z,232,0.0,0.0,0.0,15.3,66.1,14.815,78.344,31.0
2026-09-24T03:00:00Z,232,0.0,0.0,0.0,15.3,66.3,14.773,78.922,31.0
2026-09-24T03:04:59Z,232,0.0,0.0,0.0,15.3,66.4,14.714,78.943,31.0
2026-09-24T03:10:00Z,232,0.0,0.0,0.0,15.3,66.7,14.61,79.929,31.0
2026-09-24T03:14:59Z,232,0.0,0.0,2.0,15.3,66.9,14.594,80.006,31.0
2026-09-24T03:19:59Z,232,0.0,0.0,0.0,15.2,67.0,14.572,79.998,31.0
2026-09-24T03:24:59Z,232,0.0,0.0,0.0,15.2,67.1,14.54,80.481,31.0
2026-09-24T03:29:59Z,232,0.0,0.0,0.0,15.2,67.1,14.535,80.162,31.0
2026-09-24T03:34:59Z,232,0.0,0.0,0.0,15.2,67.1,14.671,79.845,31.0
2026-09-24T03:39:59Z,232,0.0,0.0,0.0,15.2,67.2,14.607,79.828,31.0
2026-09-24T03:44:59Z,232,0.0,0.0,0.0,15.2,67.2,14.687,79.672,31.0
2026-09-24T03:50:00Z,232,0.0,0.0,0.0,15.2,67.2,14.682,79.508,31.0
2026-09-24T03:55:00Z,232,0.0,0.0,0.0,15.2,67.3,14.519,79.784,31.0
2026-09-24T04:00:00Z,232,0.0,0.0,1.0,15.2,67.3,14.636,79.83,31.0
2026-09-24T04:04:59Z,232,0.0,0.0,0.0,15.2,67.4,14.546,79.899,31.0
2026-09-24T04:09:59Z,232,0.0,0.0,0.0,15.2,67.3,14.556,79.935,31.0
2026-09-24T04:15:00Z,232,0.0,0.0,0.0,15.2,67.2,14.652,79.491,31.0
2026-09-24T04:20:00Z,232,0.0,0.0,0.0,15.2,67.3,14.607,79.731,31.0
2026-09-24T04:25:00Z,232,0.0,0.0,0.0,15.1,67.3,14.554,80.229,31.0
2026-09-24T04:30:00Z,232,0.0,0.0,0.0,15.2,67.4,14.532,80.177,31.0
2026-09-24T04:35:00Z,232,0.0,0.0,0.0,15.2,67.3,14.498,80.162,31.0
2026-09-24T04:39:59Z,232,0.0,0.0,0.0,15.2,67.5,14.572,80.063,31.0
2026-09-24T04:45:00Z,232,0.0,0.0,0.0,15.2,67.6,14.434,80.761,31.0
2026-09-24T04:50:00Z,232,0.0,0.0,0.0,15.1,67.7,14.508,80.627,31.0
2026-09-24T04:54:59Z,232,0.0,0.0,0.0,15.2,67.8,14.482,80.929,31.0
2026-09-24T04:59:59Z,232,0.0,0.0,0.0,15.1,67.9,14.345,81.253,31.0
2026-09-24T05:05:00Z,232,0.0,0.0,0.0,15.1,68.1,14.377,81.289,31.0
2026-09-24T05:09:59Z,232,0.0,0.0,1.0,15.1,68.0,14.34,81.278,31.0
2026-09-24T05:14:59Z,232,0.0,0.0,0.0,15.0,68.3,14.383,81.648,31.0
2026-09-24T05:20:00Z,232,0.0,0.0,0.0,15.0,68.3,14.324,81.709,31.0
2026-09-24T05:25:00Z,232,0.0,0.0,0.0,15.0,68.4,14.311,81.907,31.0
2026-09-24T05:29:59Z,232,0.0,0.0,0.0,15.0,68.5,14.3,82.037,31.0
2026-09-24T05:34:59Z,232,0.0,0.0,0.0,15.0,68.6,14.476,81.646,31.0
2026-09-24T05:39:59Z,232,0.0,0.0,0.0,15.0,68.6,14.444,81.629,31.0
2026-09-24T05:44:59Z,232,0.0,0.0,0.0,15.0,68.7,14.38,81.77,31.0
2026-09-24T05:50:00Z,232,0.0,0.0,0.0,15.0,68.6,14.458,81.552,31.0
2026-09-24T05:55:00Z,232,0.0,0.0,0.0,15.0,68.6,14.415,81.634,31.0
2026-09-24T06:00:00Z,232,0.0,0.0,0.0,15.0,68.7,14.356,81.751,31.0
2026-09-24T06:04:59Z,232,0.0,0.0,1.0,15.0,68.7,14.377,81.818,31.0
2026-09-24T06:10:00Z,232,0.0,0.0,0.0,15.0,68.7,14.308,82.119,31.0
2026-09-24T06:14:59Z,232,0.0,0.0,0.0,15.0,68.8,14.284,82.003,31.0
2026-09-24T06:20:00Z,232,1.0,0.0,1.0,15.0,68.9,14.257,82.186,31.0
2026-09-24T06:25:00Z,232,0.0,0.0,0.0,15.0,68.8,14.407,82.333,31.0
2026-09-24T06:30:00Z,232,0.0,0.0,0.0,15.0,69.0,14.407,81.892,31.0
2026-09-24T06:34:59Z,232,0.0,0.0,0.0,15.0,68.8,14.383,81.783,31.0
2026-09-24T06:40:00Z,232,0.0,0.0,0.0,14.9,69.0,14.313,82.561,31.0
2026-09-24T06:45:00Z,232,0.0,0.0,0.0,15.0,69.0,14.34,82.149,31.0
2026-09-24T06:50:00Z,232,0.0,0.0,0.0,15.0,68.9,14.329,82.052,31.0
2026-09-24T06:55:00Z,232,0.0,0.0,0.0,15.0,69.0,14.404,81.781,31.0
2026-09-24T07:00:00Z,232,0.0,0.0,0.0,15.0,69.1,14.353,81.924,31.0
2026-09-24T07:05:00Z,232,1.0,0.0,1.0,15.0,69.0,14.423,81.991,31.0
2026-09-24T07:09:59Z,232,0.0,0.0,0.0,15.0,69.0,14.369,81.982,31.0
2026-09-24T07:14:59Z,232,0.0,0.0,0.0,15.0,69.0,14.327,82.148,31.0
2026-09-24T07:20:00Z,232,0.0,0.0,0.0,15.0,69.2,14.428,81.676,31.0
2026-09-24T07:24:59Z,232,0.0,0.0,0.0,15.0,69.1,14.468,81.984,31.0
2026-09-24T07:30:00Z,232,0.0,0.0,0.0,15.0,69.1,14.468,81.877,31.0
2026-09-24T07:35:00Z,232,0.0,0.0,0.0,15.0,69.1,14.458,81.902,31.0
2026-09-24T07:40:00Z,232,0.0,0.0,0.0,15.0,69.1,14.538,82.069,31.0
2026-09-24T07:45:00Z,232,0.0,0.0,0.0,15.0,69.2,14.436,82.115,31.0
2026-09-24T07:50:00Z,232,0.0,0.0,0.0,15.0,69.1,14.396,82.43,31.0
2026-09-24T07:55:00Z,232,0.0,0.0,0.0,15.0,69.1,14.455,82.178,31.0
2026-09-24T08:00:00Z,232,0.0,0.0,0.0,15.0,69.2,14.417,82.237,31.0
2026-09-24T08:05:00Z,232,0.0,0.0,0.0,15.0,69.2,14.434,82.144,31.0
2026-09-24T08:10:00Z,232,0.0,0.0,0.0,15.0,69.1,14.53,81.858,31.0
2026-09-24T08:15:00Z,232,1.0,0.0,1.0,15.1,69.3,14.506,82.222,31.0
2026-09-24T08:20:00Z,232,0.0,0.0,0.0,15.0,69.2,14.506,82.197,31.0
2026-09-24T08:24:59Z,232,0.0,0.0,1.0,15.1,69.1,14.522,81.959,31.0
2026-09-24T08:30:00Z,232,0.0,0.0,0.0,15.1,69.4,14.447,82.5,31.0
2026-09-24T08:35:00Z,232,0.0,0.0,0.0,15.1,69.2,14.543,82.155,31.0
2026-09-24T08:40:00Z,232,0.0,0.0,0.0,15.1,69.1,14.487,81.768,31.0
2026-09-24T08:45:00Z,232,0.0,0.0,0.0,15.1,69.1,14.668,81.669,31.0
2026-09-24T08:50:00Z,232,0.0,0.0,0.0,15.1,69.2,14.594,82.008,31.0
2026-09-24T08:55:00Z,232,0.0,0.0,0.0,15.1,69.5,14.423,82.415,31.0
2026-09-24T09:00:00Z,232,0.0,0.0,0.0,15.1,69.5,14.556,82.401,31.0
2026-09-24T09:05:00Z,232,0.0,0.0,0.0,15.1,69.5,14.479,82.306,31.0
2026-09-24T09:10:00Z,232,0.0,0.0,0.0,15.1,69.4,14.554,82.325,31.0
2026-09-24T09:15:00Z,232,0.0,0.0,0.0,15.1,69.4,14.538,82.457,31.0
2026-09-24T09:20:00Z,232,0.0,0.0,0.0,15.1,69.5,14.618,82.308,31.0
2026-09-24T09:25:00Z,232,0.0,0.0,0.0,15.1,69.8,14.482,83.149,31.0
2026-09-24T09:29:59Z,232,0.0,0.0,0.0,15.1,69.7,14.658,82.764,31.0
2026-09-24T09:35:00Z,232,0.0,0.0,0.0,15.1,69.9,14.631,82.729,31.0
2026-09-24T09:40:00Z,232,0.0,0.0,0.0,15.1,70.1,14.492,83.3,31.0
2026-09-24T09:45:00Z,232,0.0,0.0,0.0,15.1,70.0,14.594,83.149,31.0
2026-09-24T09:50:00Z,232,0.0,0.0,0.0,15.1,69.8,14.607,82.735,31.0
2026-09-24T09:54:59Z,232,1.0,0.0,1.0,15.1,69.8,14.709,82.622,31.0
2026-09-24T10:00:00Z,232,0.0,0.0,0.0,15.1,69.9,14.618,82.872,31.0
2026-09-24T10:05:00Z,232,0.0,0.0,0.0,15.1,69.9,14.618,82.882,31.0
2026-09-24T10:10:03Z,232,0.0,0.0,0.0,15.1,70.0,14.647,83.059,31.0
2026-09-24T10:14:59Z,232,0.0,0.0,0.0,15.1,69.9,14.636,82.989,31.0
2026-09-24T10:20:00Z,232,0.0,0.0,0.0,15.1,69.9,14.647,82.897,31.0
2026-09-24T10:25:00Z,232,0.0,0.0,0.0,15.1,69.9,14.602,83.229,31.0
2026-09-24T10:30:00Z,232,0.0,0.0,0.0,15.2,69.9,14.767,82.077,31.0
2026-09-24T10:35:00Z,232,0.0,0.0,0.0,15.1,69.8,14.762,82.432,31.0
2026-09-24T10:40:00Z,232,0.0,0.0,0.0,15.2,69.6,14.81,81.797,31.0
2026-09-24T10:45:00Z,232,0.0,0.0,0.0,15.2,69.5,14.885,81.873,31.0
2026-09-24T10:50:00Z,232,0.0,0.0,0.0,15.2,69.6,14.759,82.359,31.0
2026-09-24T10:55:00Z,232,0.0,0.0,0.0,15.3,69.7,14.775,82.34,31.0
2026-09-24T11:00:00Z,232,0.0,0.0,0.0,15.2,69.8,14.738,82.512,31.0
2026-09-24T11:05:00Z,232,0.0,0.0,0.0,15.3,69.6,14.743,82.512,31.0
2026-09-24T11:10:00Z,232,1.0,0.0,1.0,15.3,69.7,14.823,82.542,31.0
2026-09-24T11:15:00Z,232,0.0,0.0,0.0,15.3,69.7,14.885,82.201,31.0
2026-09-24T11:20:00Z,232,0.0,0.0,0.0,15.3,69.6,14.81,82.487,31.0
2026-09-24T11:25:00Z,232,1.0,0.0,1.0,15.3,69.5,14.928,81.869,31.0
2026-09-24T11:30:00Z,232,1.0,0.0,1.0,15.3,69.4,14.879,81.77,31.0
2026-09-24T11:35:00Z,232,1.0,0.0,2.0,15.4,69.4,14.992,81.51,31.0
2026-09-24T11:40:00Z,232,0.0,0.0,0.0,15.3,69.5,14.813,82.613,31.0
2026-09-24T11:45:00Z,232,0.0,0.0,0.0,15.4,69.4,14.839,82.388,31.0
2026-09-24T11:50:00Z,232,2.0,0.0,3.0,15.4,69.7,14.85,82.813,31.0
2026-09-24T11:55:00Z,232,28.0,21.0,29.0,15.4,69.9,14.861,83.103,31.0
2026-09-24T12:00:00Z,232,3.0,0.0,4.0,15.3,69.8,14.879,82.334,31.0
2026-09-24T12:05:00Z,232,0.0,0.0,0.0,15.4,69.8,14.89,82.336,31.0
2026-09-24T12:10:00Z,232,4.0,2.0,5.0,15.4,69.7,14.938,82.27,31.0
2026-09-24T12:15:00Z,232,6.0,4.0,9.0,15.4,69.9,14.96,82.613,31.0
2026-09-24T12:20:00Z,232,9.0,2.0,13.0,15.4,69.8,14.845,82.872,31.0
2026-09-24T12:25:00Z,232,0.0,0.0,0.0,15.4,69.8,14.813,82.954,31.0
2026-09-24T12:30:00Z,232,2.0,1.0,4.0,15.4,69.6,14.829,82.808,31.0
2026-09-24T12:35:00Z,232,3.0,0.0,3.0,15.3,69.7,14.866,82.607,31.0
2026-09-24T12:40:00Z,232,0.0,0.0,0.0,15.4,69.6,14.922,82.937,31.0
2026-09-24T12:45:00Z,232,1.0,0.0,1.0,15.3,69.8,14.874,83.025,31.0
2026-09-24T12:50:00Z,232,0.0,0.0,1.0,15.4,69.8,14.879,82.54,31.0
2026-09-24T12:55:00Z,232,2.0,0.0,2.0,15.4,69.8,14.944,82.296,31.0
2026-09-24T13:00:00Z,232,0.0,0.0,0.0,15.4,69.9,14.741,83.387,31.0
2026-09-24T13:05:00Z,232,0.0,0.0,1.0,15.4,70.1,14.877,82.916,31.0
2026-09-24T13:10:00Z,232,0.0,0.0,1.0,15.4,70.3,15.0,82.729,31.0
2026-09-24T13:15:00Z,232,3.0,1.0,4.0,15.4,70.0,15.074,83.027,31.0
2026-09-24T13:20:00Z,232,2.0,0.0,2.0,15.4,70.0,15.064,82.84,31.0
2026-09-24T13:25:00Z,232,1.0,0.0,1.0,15.4,70.0,14.906,82.645,31.0
2026-09-24T13:30:00Z,232,0.0,0.0,0.0,15.5,69.9,14.917,82.964,31.0
2026-09-24T13:35:00Z,232,1.0,0.0,1.0,15.4,70.1,14.938,84.105,31.0
2026-09-24T13:40:00Z,232,0.0,0.0,1.0,15.5,70.1,15.077,82.867,31.0
2026-09-24T13:45:18Z,232,0.0,0.0,0.0,15.4,69.8,14.911,82.903,31.0
2026-09-24T13:50:00Z,232,2.0,0.0,3.0,15.4,70.0,15.045,83.189,31.0
2026-09-24T13:55:00Z,232,0.0,0.0,0.0,15.4,70.0,14.944,83.321,31.0
2026-09-24T14:00:00Z,232,3.0,3.0,3.0,15.4,70.2,14.976,82.668,31.0
2026-09-24T14:05:00Z,232,0.0,0.0,0.0,15.5,69.7,15.005,82.724,31.0
2026-09-24T14:10:01Z,232,0.0,0.0,0.0,15.4,69.9,14.952,82.628,31.0
2026-09-24T14:15:00Z,232,0.0,0.0,0.0,15.5,70.1,15.021,82.84,31.0
2026-09-24T14:20:01Z,232,17.0,13.0,19.0,15.4,70.1,14.877,83.591,31.0
2026-09-24T14:25:00Z,232,1.0,0.0,1.0,15.4,70.0,15.002,83.107,31.0
2026-09-24T14:30:01Z,232,7.0,4.0,8.0,15.4,70.1,14.879,83.452,31.0
2026-09-24T14:35:01Z,232,0.0,0.0,0.0,15.4,70.2,14.911,83.679,31.0
2026-09-24T14:40:01Z,232,0.0,0.0,0.0,15.4,70.3,14.949,83.382,31.0
2026-09-24T14:45:01Z,232,1.0,0.0,1.0,15.4,70.4,14.952,83.09,31.0
2026-09-24T14:50:01Z,232,0.0,0.0,0.0,15.4,70.2,15.069,82.544,31.0
2026-09-24T14:55:00Z,232,0.0,0.0,0.0,15.4,70.3,15.08,83.302,31.0
2026-09-24T15:00:01Z,232,0.0,0.0,0.0,15.4,70.4,15.042,83.349,31.0
2026-09-24T15:05:00Z,232,0.0,0.0,0.0,15.4,70.4,15.056,83.336,31.0
2026-09-24T15:10:00Z,232,0.0,0.0,1.0,15.4,70.3,14.938,83.107,31.0
2026-09-24T15:15:01Z,232,1.0,0.0,1.0,15.4,70.3,14.938,83.63,31.0
2026-09-24T15:20:00Z,232,0.0,0.0,1.0,15.4,70.5,14.986,83.961,31.0
2026-09-24T15:25:01Z,232,0.0,0.0,0.0,15.4,70.6,14.994,84.148,31.0
2026-09-24T15:30:01Z,232,0.0,0.0,0.0,15.4,70.8,14.839,84.715,31.0
2026-09-24T15:35:01Z,232,1.0,0.0,1.0,15.3,70.9,14.797,84.473,31.0
2026-09-24T15:40:01Z,232,0.0,0.0,0.0,15.3,71.0,14.911,84.101,31.0
2026-09-24T15:45:00Z,232,0.0,0.0,1.0,15.4,71.0,14.895,83.986,31.0
2026-09-24T15:50:01Z,232,4.0,1.0,4.0,15.4,71.3,15.045,84.444,31.0
2026-09-24T15:55:01Z,232,2.0,0.0,2.0,15.4,71.3,14.874,84.623,31.0
2026-09-24T16:00:01Z,232,3.0,0.0,3.0,15.4,71.5,14.775,85.272,31.0
2026-09-24T16:05:00Z,232,4.0,1.0,4.0,15.4,71.5,14.786,85.165,31.0
2026-09-24T16:10:00Z,232,1.0,0.0,2.0,15.3,71.4,14.759,85.445,31.0
2026-09-24T16:15:00Z,232,2.0,1.0,2.0,15.4,71.5,14.946,84.888,31.0
2026-09-24T16:20:00Z,232,2.0,1.0,3.0,15.4,71.6,14.903,84.984,31.0
2026-09-24T16:25:00Z,232,2.0,1.0,3.0,15.4,71.7,14.831,85.205,31.0
2026-09-24T16:30:00Z,232,1.0,0.0,2.0,15.4,71.6,14.858,85.775,31.0
2026-09-24T16:35:01Z,232,2.0,0.0,2.0,15.3,71.7,14.837,85.379,31.0
2026-09-24T16:40:00Z,232,1.0,0.0,1.0,15.4,71.7,14.81,85.396,31.0
2026-09-24T16:45:00Z,232,6.0,1.0,7.0,15.4,71.8,14.815,85.693,31.0
2026-09-24T16:50:00Z,232,2.0,0.0,3.0,15.3,71.9,14.743,85.512,31.0
2026-09-24T16:55:00Z,232,2.0,0.0,3.0,15.3,71.8,14.877,85.209,31.0
2026-09-24T17:00:01Z,232,3.0,1.0,4.0,15.3,72.0,14.845,85.312,31.0
2026-09-24T17:05:00Z,232,4.0,1.0,5.0,15.3,71.9,14.92,85.058,31.0
2026-09-24T17:10:01Z,232,4.0,2.0,5.0,15.3,71.8,14.861,85.197,31.0
2026-09-24T17:15:00Z,232,2.0,0.0,2.0,15.4,71.8,14.837,85.571,31.0
2026-09-24T17:20:01Z,232,4.0,3.0,5.0,15.3,71.9,14.869,85.245,31.0
2026-09-24T17:25:01Z,232,2.0,1.0,2.0,15.3,72.0,14.837,85.255,31.0
2026-09-24T17:30:01Z,232,2.0,0.0,3.0,15.3,71.9,14.879,84.805,31.0
2026-09-24T17:35:00Z,232,2.0,1.0,2.0,15.3,71.8,14.893,84.743,31.0
2026-09-24T17:40:01Z,232,2.0,0.0,2.0,15.3,71.8,14.93,85.035,31.0
2026-09-24T17:45:00Z,232,1.0,0.0,2.0,15.3,72.1,14.829,85.653,31.0
2026-09-24T17:50:01Z,232,1.0,0.0,1.0,15.3,71.9,14.855,84.743,31.0
2026-09-24T17:55:00Z,232,0.0,0.0,0.0,15.3,72.0,14.986,84.553,31.0
2026-09-24T18:00:01Z,232,1.0,0.0,2.0,15.4,72.0,14.96,84.822,31.0
2026-09-24T18:05:00Z,232,1.0,0.0,1.0,15.3,72.0,14.874,85.501,31.0
2026-09-24T18:10:01Z,232,0.0,0.0,0.0,15.3,72.1,14.821,85.249,31.0
2026-09-24T18:15:00Z,232,2.0,0.0,3.0,15.3,72.0,14.957,85.299,31.0
2026-09-24T18:20:01Z,232,2.0,0.0,2.0,15.4,72.1,14.989,85.049,31.0
2026-09-24T18:25:01Z,232,1.0,0.0,1.0,15.4,72.0,14.952,85.264,31.0
2026-09-24T18:30:01Z,232,2.0,0.0,3.0,15.4,72.2,14.989,85.175,31.0
2026-09-24T18:35:01Z,232,2.0,0.0,3.0,15.4,72.1,14.885,85.358,31.0
2026-09-24T18:40:01Z,232,6.0,1.0,6.0,15.4,72.4,14.837,85.627,31.0
2026-09-24T18:45:01Z,232,5.0,1.0,5.0,15.4,72.4,14.847,85.907,31.0
2026-09-24T18:50:01Z,232,2.0,0.0,2.0,15.4,72.3,14.986,85.175,31.0
2026-09-24T18:55:01Z,232,2.0,0.0,3.0,15.4,72.2,14.997,85.182,31.0
2026-09-24T19:00:01Z,232,3.0,1.0,3.0,15.4,72.1,15.026,85.11,31.0
2026-09-24T19:05:01Z,232,4.0,2.0,5.0,15.4,72.1,14.978,85.012,31.0
2026-09-24T19:10:01Z,232,3.0,0.0,3.0,15.4,72.1,14.941,84.852,31.0
2026-09-24T19:15:01Z,232,2.0,1.0,2.0,15.4,72.2,14.957,85.382,31.0
2026-09-24T19:20:01Z,232,2.0,1.0,2.0,15.3,72.2,14.933,85.369,31.0
2026-09-24T19:25:01Z,232,4.0,1.0,4.0,15.4,72.1,15.024,85.112,31.0
2026-09-24T19:30:01Z,232,4.0,2.0,4.0,15.4,72.1,14.938,85.444,31.0
2026-09-24T19:35:01Z,232,6.0,3.0,7.0,15.4,72.2,14.783,85.838,31.0
2026-09-24T19:40:01Z,232,9.0,5.0,9.0,15.3,72.3,14.949,85.527,31.0
2026-09-24T19:45:01Z,232,6.0,1.0,6.0,15.4,72.1,14.909,85.485,31.0
2026-09-24T19:50:01Z,232,8.0,3.0,9.0,15.3,72.2,15.048,85.32,31.0
2026-09-24T19:55:01Z,232,25.0,19.0,25.0,15.4,72.3,15.042,85.606,31.0
2026-09-24T20:00:01Z,232,6.0,2.0,6.0,15.4,72.2,14.962,85.247,31.0
2026-09-24T20:05:01Z,232,8.0,3.0,8.0,15.4,72.1,14.946,84.976,31.0
2026-09-24T20:10:01Z,232,8.0,3.0,11.0,15.4,72.3,15.029,85.434,31.0
2026-09-24T20:15:00Z,232,6.0,4.0,8.0,15.4,72.3,14.976,85.423,31.0
2026-09-24T20:20:01Z,232,11.0,6.0,14.0,15.4,72.3,15.114,85.188,31.0
2026-09-24T20:25:01Z,232,9.0,4.0,11.0,15.4,72.3,15.141,84.925,31.0
2026-09-24T20:30:01Z,232,7.0,3.0,7.0,15.4,72.0,15.141,84.795,31.0
2026-09-24T20:35:01Z,232,7.0,3.0,8.0,15.5,72.1,15.203,84.616,31.0
2026-09-24T20:40:01Z,232,9.0,3.0,11.0,15.5,72.0,15.117,84.772,31.0
2026-09-24T20:45:01Z,232,5.0,3.0,6.0,15.5,71.9,15.064,84.93,31.0
2026-09-24T20:50:01Z,232,6.0,4.0,8.0,15.5,71.9,14.973,85.02,31.0
2026-09-24T20:55:01Z,232,11.0,5.0,12.0,15.5,72.1,14.944,85.157,31.0
2026-09-24T21:00:01Z,232,6.0,2.0,6.0,15.5,72.3,15.152,85.32,31.0
2026-09-24T21:05:01Z,232,4.0,3.0,5.0,15.5,72.2,15.088,85.15,31.0
2026-09-24T21:10:01Z,232,7.0,3.0,8.0,15.5,72.3,15.2,84.991,31.0
2026-09-24T21:15:01Z,232,5.0,3.0,5.0,15.5,72.0,15.253,84.661,31.0
2026-09-24T21:20:01Z,232,1.0,0.0,1.0,15.6,72.0,15.336,84.27,31.0
2026-09-24T21:25:01Z,232,12.0,7.0,14.0,15.6,71.9,15.411,84.187,31.0
2026-09-24T21:30:01Z,232,6.0,3.0,6.0,15.6,71.9,15.373,84.257,31.0
2026-09-24T21:35:01Z,232,4.0,0.0,5.0,15.7,71.9,15.309,84.259,31.0
2026-09-24T21:40:01Z,232,2.0,1.0,2.0,15.7,71.7,15.069,85.339,31.0
2026-09-24T21:45:02Z,232,0.0,0.0,1.0,15.6,71.6,15.098,84.887,31.0
2026-09-24T21:50:01Z,232,0.0,0.0,0.0,15.6,71.6,15.323,84.236,31.0
2026-09-24T21:55:01Z,232,6.0,1.0,8.0,15.7,71.7,15.414,83.38,31.0
2026-09-24T22:00:01Z,232,5.0,2.0,6.0,15.7,71.5,15.373,83.811,31.0
2026-09-24T22:05:01Z,232,4.0,2.0,5.0,15.7,71.6,15.4,84.198,31.0
2026-09-24T22:10:01Z,232,2.0,1.0,2.0,15.7,71.7,15.304,84.389,31.0
2026-09-24T22:15:01Z,232,5.0,2.0,7.0,15.7,71.6,15.341,84.309,31.0
2026-09-24T22:20:01Z,232,5.0,1.0,5.0,15.6,71.6,15.288,84.419,31.0
2026-09-24T22:25:01Z,232,4.0,1.0,5.0,15.6,71.5,15.285,84.04,31.0
2026-09-24T22:30:02Z,232,9.0,3.0,11.0,15.6,71.5,15.253,83.973,31.0
2026-09-24T22:35:01Z,232,4.0,1.0,4.0,15.6,71.4,15.125,84.063,31.0
2026-09-24T22:40:01Z,232,15.0,8.0,17.0,15.6,71.2,15.216,83.628,31.0
2026-09-24T22:45:01Z,232,4.0,2.0,5.0,15.6,71.2,15.125,84.051,31.0
2026-09-24T22:50:01Z,232,14.0,7.0,14.0,15.6,71.1,15.32,83.546,31.0
2026-09-24T22:55:01Z,232,22.0,9.0,22.0,15.5,71.3,15.267,83.471,31.0
2026-09-24T23:00:01Z,232,17.0,8.0,19.0,15.5,71.1,15.171,83.555,31.0
2026-09-24T23:05:01Z,232,12.0,6.0,15.0,15.5,71.0,15.106,83.458,31.0
2026-09-24T23:10:01Z,232,15.0,7.0,17.0,15.5,71.2,15.08,83.883,31.0
2026-09-24T23:15:01Z,232,19.0,8.0,22.0,15.5,71.4,15.146,83.851,31.0
2026-09-24T23:20:01Z,232,16.0,7.0,19.0,15.4,71.4,15.045,84.013,31.0
2026-09-24T23:25:01Z,232,24.0,18.0,24.0,15.4,71.4,15.066,83.952,31.0
2026-09-24T23:30:01Z,232,25.0,18.0,25.0,15.4,71.4,15.077,83.742,31.0
2026-09-24T23:35:01Z,232,7.0,5.0,9.0,15.4,71.5,15.024,84.009,31.0
2026-09-24T23:40:01Z,232,8.0,2.0,8.0,15.4,71.7,15.016,84.488,31.0
2026-09-24T23:45:01Z,232,0.0,0.0,0.0,15.4,71.9,15.016,84.494,31.0
2026-09-24T23:50:01Z,232,1.0,1.0,1.0,15.4,72.0,15.016,84.738,31.0
2026-09-24T23:55:01Z,232,0.0,0.0,1.0,15.4,72.0,15.026,84.871,31.0
2026-09-25T00:00:02Z,232,2.0,0.0,3.0,15.4,72.2,15.122,84.946,31.0
2026-09-25T00:05:01Z,232,3.0,0.0,3.0,15.4,72.3,15.125,84.862,31.0
2026-09-25T00:10:02Z,232,6.0,2.0,7.0,15.4,72.3,15.173,84.919,31.0
2026-09-25T00:15:01Z,232,5.0,0.0,7.0,15.4,72.3,15.146,84.999,31.0
2026-09-25T00:20:01Z,232,5.0,1.0,5.0,15.4,72.5,15.069,85.371,31.0
2026-09-25T00:25:01Z,232,5.0,1.0,5.0,15.5,72.5,15.133,85.127,31.0
2026-09-25T00:30:01Z,232,8.0,3.0,8.0,15.4,72.3,15.181,85.062,31.0
2026-09-25T00:35:01Z,232,5.0,3.0,6.0,15.5,72.4,15.203,85.089,31.0
2026-09-25T00:40:01Z,232,18.0,9.0,19.0,15.5,72.3,15.114,85.06,31.0
2026-09-25T00:45:01Z,232,9.0,5.0,11.0,15.5,72.4,15.104,85.154,31.0
2026-09-25T00:50:02Z,232,11.0,5.0,11.0,15.4,72.5,15.082,85.411,31.0
2026-09-25T00:55:01Z,232,9.0,5.0,11.0,15.5,72.5,15.168,85.4,31.0
2026-09-25T01:00:02Z,232,7.0,4.0,7.0,15.4,72.5,15.154,85.23,31.0
2026-09-25T01:05:01Z,232,5.0,3.0,5.0,15.4,72.5,15.154,85.199,31.0
2026-09-25T01:10:02Z,232,2.0,1.0,2.0,15.5,72.4,15.144,85.163,31.0
2026-09-25T01:15:01Z,232,5.0,2.0,5.0,15.5,72.4,15.053,85.165,31.0
2026-09-25T01:20:01Z,232,5.0,1.0,5.0,15.5,72.5,15.136,85.405,31.0
2026-09-25T01:25:01Z,232,5.0,1.0,6.0,15.4,72.5,15.216,85.365,31.0
2026-09-25T01:30:01Z,232,2.0,1.0,2.0,15.5,72.5,15.157,85.302,31.0
2026-09-25T01:35:02Z,232,2.0,0.0,2.0,15.5,72.6,15.024,85.724,31.0
2026-09-25T01:40:01Z,232,3.0,1.0,4.0,15.5,72.6,15.104,85.695,31.0
2026-09-25T01:45:01Z,232,1.0,0.0,2.0,15.5,72.6,15.144,85.518,31.0
2026-09-25T01:50:02Z,232,2.0,1.0,3.0,15.5,72.6,15.203,85.27,31.0
2026-09-25T01:55:02Z,232,1.0,0.0,1.0,15.5,72.5,15.122,85.419,31.0
2026-09-25T02:00:02Z,232,1.0,0.0,1.0,15.5,72.4,15.133,85.15,31.0
2026-09-25T02:05:01Z,232,1.0,0.0,1.0,15.5,72.5,15.154,85.199,31.0
2026-09-25T02:10:01Z,232,1.0,0.0,1.0,15.5,72.3,15.253,85.003,31.0
2026-09-25T02:15:01Z,232,1.0,0.0,1.0,15.5,72.5,15.269,84.841,31.0
2026-09-25T02:20:02Z,232,0.0,0.0,0.0,15.5,72.4,15.12,84.888,31.0
2026-09-25T02:25:01Z,232,0.0,0.0,0.0,15.5,72.2,15.082,85.461,31.0
2026-09-25T02:30:01Z,232,0.0,0.0,0.0,15.5,72.5,15.05,85.419,31.0
2026-09-25T02:35:01Z,232,6.0,4.0,8.0,15.5,72.5,15.133,85.428,31.0
2026-09-25T02:40:01Z,232,1.0,0.0,2.0,15.4,72.6,15.112,85.361,31.0
2026-09-25T02:45:01Z,232,0.0,0.0,0.0,15.5,72.6,15.138,85.423,31.0
2026-09-25T02:50:01Z,232,0.0,0.0,0.0,15.4,72.4,15.149,85.329,31.0
2026-09-25T02:55:01Z,232,1.0,0.0,1.0,15.4,72.5,15.138,85.297,31.0
2026-09-25T03:00:02Z,232,4.0,1.0,4.0,15.4,72.5,15.232,85.148,31.0
2026-09-25T03:05:01Z,232,0.0,0.0,0.0,15.5,72.4,15.088,85.585,31.0
2026-09-25T03:10:01Z,232,0.0,0.0,1.0,15.4,72.4,15.088,85.314,31.0
2026-09-25T03:15:01Z,232,0.0,0.0,0.0,15.4,72.5,15.125,85.346,31.0
2026-09-25T03:20:02Z,232,2.0,0.0,2.0,15.5,72.5,15.181,84.89,31.0
2026-09-25T03:25:01Z,232,1.0,0.0,1.0,15.5,72.5,15.181,85.18,31.0
2026-09-25T03:30:02Z,232,1.0,0.0,1.0,15.5,72.5,15.203,85.112,31.0
2026-09-25T03:35:01Z,232,1.0,0.0,2.0,15.5,72.7,15.256,85.26,31.0
2026-09-25T03:40:02Z,232,0.0,0.0,0.0,15.5,72.7,15.24,85.417,31.0
2026-09-25T03:45:01Z,232,0.0,0.0,0.0,15.5,72.6,15.189,85.344,31.0
2026-09-25T03:50:02Z,232,0.0,0.0,0.0,15.5,72.6,15.291,84.929,31.0
2026-09-25T03:55:02Z,232,0.0,0.0,0.0,15.5,72.4,15.291,84.82,31.0
2026-09-25T04:00:01Z,232,0.0,0.0,0.0,15.5,72.5,15.243,85.293,31.0
2026-09-25T04:05:01Z,232,0.0,0.0,0.0,15.5,72.5,15.259,84.984,31.0
2026-09-25T04:10:02Z,232,0.0,0.0,0.0,15.5,72.4,15.069,85.335,31.0
2026-09-25T04:15:01Z,232,0.0,0.0,1.0,15.5,72.3,15.165,85.558,31.0
2026-09-25T04:20:02Z,232,0.0,0.0,0.0,15.5,72.4,15.128,85.609,31.0
2026-09-25T04:25:01Z,232,0.0,0.0,0.0,15.5,72.6,15.144,85.297,31.0
2026-09-25T04:30:02Z,232,0.0,0.0,0.0,15.5,72.5,15.117,85.375,31.0
2026-09-25T04:35:02Z,232,0.0,0.0,0.0,15.5,72.6,15.195,85.052,31.0
2026-09-25T04:40:02Z,232,0.0,0.0,0.0,15.5,72.5,15.109,85.32,31.0
2026-09-25T04:45:01Z,232,0.0,0.0,0.0,15.5,72.4,15.088,85.381,31.0
2026-09-25T04:50:02Z,232,0.0,0.0,0.0,15.4,72.4,14.938,86.037,31.0
2026-09-25T04:55:02Z,232,0.0,0.0,0.0,15.4,72.6,14.882,86.262,31.0
2026-09-25T05:00:01Z,232,0.0,0.0,0.0,15.4,72.7,15.01,85.884,31.0
2026-09-25T05:05:01Z,232,0.0,0.0,0.0,15.4,72.7,15.037,85.913,31.0
2026-09-25T05:10:02Z,232,0.0,0.0,0.0,15.4,72.6,15.0,85.911,31.0
2026-09-25T05:15:01Z,232,0.0,0.0,0.0,15.4,72.6,14.93,86.061,31.0
2026-09-25T05:20:02Z,232,0.0,0.0,0.0,15.4,72.6,14.89,85.978,31.0
2026-09-25T05:25:02Z,232,0.0,0.0,0.0,15.4,72.7,14.938,85.777,31.0
2026-09-25T05:30:02Z,232,0.0,0.0,0.0,15.4,72.6,15.04,85.728,31.0
2026-09-25T05:35:02Z,232,0.0,0.0,0.0,15.4,72.6,14.949,85.833,31.0
2026-09-25T05:40:02Z,232,0.0,0.0,0.0,15.4,72.6,15.0,85.478,31.0
2026-09-25T05:45:02Z,232,0.0,0.0,0.0,15.4,72.6,15.005,85.424,31.0
2026-09-25T05:50:02Z,232,0.0,0.0,0.0,15.4,72.6,15.053,85.384,31.0
2026-09-25T05:55:02Z,232,0.0,0.0,0.0,15.4,72.6,14.823,91.812,31.0
2026-09-25T06:00:02Z,232,0.0,0.0,0.0,15.4,72.5,14.898,85.768,31.0
2026-09-25T06:05:02Z,232,0.0,0.0,0.0,15.4,72.5,14.954,85.785,31.0
2026-09-25T06:10:02Z,232,0.0,0.0,0.0,15.4,72.4,14.981,85.339,31.0
2026-09-25T06:15:02Z,232,0.0,0.0,0.0,15.4,72.5,14.917,85.493,31.0
2026-09-25T06:20:02Z,232,0.0,0.0,0.0,15.4,72.4,14.719,86.187,31.0
2026-09-25T06:25:02Z,232,0.0,0.0,0.0,15.4,72.4,14.933,85.676,31.0
2026-09-25T06:30:02Z,232,0.0,0.0,0.0,15.4,72.4,15.016,85.451,31.0
2026-09-25T06:35:02Z,232,0.0,0.0,0.0,15.4,72.4,14.973,85.529,31.0
2026-09-25T06:40:01Z,232,0.0,0.0,0.0,15.3,72.4,14.952,85.432,31.0
2026-09-25T06:45:01Z,232,0.0,0.0,0.0,15.4,72.2,14.968,85.556,31.0
2026-09-25T06:50:02Z,232,0.0,0.0,0.0,15.3,72.2,14.957,85.384,31.0
2026-09-25T06:55:02Z,232,0.0,0.0,0.0,15.3,72.2,14.949,85.135,31.0
2026-09-25T07:00:02Z,232,0.0,0.0,0.0,15.4,72.2,14.97,85.241,31.0
2026-09-25T07:05:01Z,232,0.0,0.0,0.0,15.3,72.4,14.928,85.239,31.0
2026-09-25T07:10:02Z,232,0.0,0.0,0.0,15.3,72.3,14.949,85.224,31.0
2026-09-25T07:15:02Z,232,14.0,9.0,14.0,15.3,72.2,14.911,85.176,31.0
2026-09-25T07:20:02Z,232,0.0,0.0,0.0,15.3,72.1,14.781,85.419,31.0
2026-09-25T07:25:02Z,232,0.0,0.0,0.0,15.3,72.0,14.877,84.94,31.0
2026-09-25T07:30:02Z,232,2.0,1.0,2.0,15.3,72.0,14.818,85.005,31.0
2026-09-25T07:35:02Z,232,0.0,0.0,0.0,15.3,72.1,14.813,84.955,31.0
2026-09-25T07:40:02Z,232,0.0,0.0,0.0,15.3,72.0,14.89,84.944,31.0
2026-09-25T07:45:02Z,232,0.0,0.0,0.0,15.3,72.0,14.821,84.898,31.0
2026-09-25T07:50:02Z,232,4.0,0.0,4.0,15.2,72.0,14.805,84.984,31.0
2026-09-25T07:55:02Z,232,8.0,4.0,9.0,15.2,71.9,14.815,84.785,31.0
2026-09-25T08:00:02Z,232,7.0,4.0,8.0,15.2,72.0,14.778,84.423,31.0
2026-09-25T08:05:02Z,232,8.0,4.0,9.0,15.2,71.9,14.898,84.576,31.0
2026-09-25T08:10:02Z,232,4.0,1.0,5.0,15.2,71.9,14.813,84.52,31.0
2026-09-25T08:15:02Z,232,6.0,2.0,7.0,15.2,71.9,14.727,84.454,31.0
2026-09-25T08:20:02Z,232,18.0,12.0,18.0,15.3,71.8,14.775,84.56,31.0
2026-09-25T08:25:02Z,232,9.0,5.0,9.0,15.2,71.8,14.746,84.547,31.0
2026-09-25T08:30:02Z,232,6.0,4.0,7.0,15.2,71.8,14.73,84.789,31.0
2026-09-25T08:35:02Z,232,1.0,0.0,1.0,15.2,71.7,14.677,84.732,31.0
2026-09-25T08:40:02Z,232,0.0,0.0,0.0,15.2,71.8,14.709,84.509,31.0
2026-09-25T08:45:02Z,232,0.0,0.0,1.0,15.2,71.9,14.757,84.751,31.0
2026-09-25T08:50:02Z,232,0.0,0.0,1.0,15.2,71.8,14.786,84.412,31.0
2026-09-25T08:55:02Z,232,1.0,0.0,2.0,15.2,71.9,14.887,84.671,31.0
2026-09-25T09:00:02Z,232,1.0,0.0,1.0,15.2,71.8,14.695,84.204,31.0
2026-09-25T09:05:02Z,232,0.0,0.0,0.0,15.2,71.8,14.652,84.48,31.0
2026-09-25T09:10:02Z,232,4.0,0.0,5.0,15.2,71.7,14.765,84.52,31.0
2026-09-25T09:15:02Z,232,1.0,0.0,1.0,15.2,71.8,14.725,84.364,31.0
2026-09-25T09:20:02Z,232,0.0,0.0,0.0,15.2,71.9,14.757,84.372,31.0
2026-09-25T09:25:02Z,232,0.0,0.0,0.0,15.1,71.8,14.693,84.375,31.0
2026-09-25T09:30:02Z,232,0.0,0.0,0.0,15.1,71.9,14.741,84.467,31.0
2026-09-25T09:35:02Z,232,0.0,0.0,0.0,15.1,71.8,14.703,84.438,31.0
2026-09-25T09:40:02Z,232,0.0,0.0,1.0,15.1,72.1,14.738,84.583,31.0
2026-09-25T09:45:02Z,232,1.0,0.0,1.0,15.2,71.9,14.754,84.518,31.0
2026-09-25T09:50:02Z,232,4.0,0.0,4.0,15.1,72.1,14.797,84.574,31.0
2026-09-25T09:55:02Z,232,3.0,1.0,3.0,15.1,72.1,14.727,84.648,31.0
2026-09-25T10:00:02Z,232,2.0,0.0,3.0,15.1,72.0,14.794,84.501,31.0
2026-09-25T10:05:02Z,232,1.0,0.0,1.0,15.2,72.1,14.805,84.473,31.0
2026-09-25T10:10:05Z,232,0.0,0.0,0.0,15.1,72.2,14.81,84.518,31.0
2026-09-25T10:15:02Z,232,0.0,0.0,0.0,15.2,72.1,14.866,84.476,31.0
2026-09-25T10:20:02Z,232,0.0,0.0,0.0,15.2,72.1,14.903,84.496,31.0
2026-09-25T10:25:02Z,232,0.0,0.0,0.0,15.2,72.1,14.93,84.364,31.0
2026-09-25T10:30:02Z,232,0.0,0.0,0.0,15.2,72.2,14.92,84.345,31.0
2026-09-25T10:35:02Z,232,0.0,0.0,0.0,15.2,72.0,14.941,84.126,31.0
2026-09-25T10:40:02Z,232,0.0,0.0,0.0,15.2,71.6,14.863,84.047,31.0
2026-09-25T10:45:02Z,232,0.0,0.0,0.0,15.2,71.7,14.874,84.122,31.0
2026-09-25T10:50:02Z,232,0.0,0.0,0.0,15.2,71.8,14.96,84.045,31.0
2026-09-25T10:55:02Z,232,0.0,0.0,0.0,15.3,71.6,14.885,83.393,31.0
2026-09-25T11:00:02Z,232,0.0,0.0,0.0,15.3,71.5,14.949,83.595,31.0
2026-09-25T11:05:02Z,232,0.0,0.0,0.0,15.2,71.6,14.93,83.853,31.0
2026-09-25T11:10:02Z,232,0.0,0.0,0.0,15.3,71.4,14.893,83.351,31.0
2026-09-25T11:15:02Z,232,0.0,0.0,0.0,15.3,71.5,14.887,83.406,31.0
2026-09-25T11:20:02Z,232,0.0,0.0,0.0,15.2,71.4,14.887,83.508,31.0
2026-09-25T11:25:02Z,232,0.0,0.0,0.0,15.2,71.6,14.903,83.576,31.0
2026-09-25T11:30:02Z,232,0.0,0.0,0.0,15.2,71.4,14.853,83.506,31.0
2026-09-25T11:35:02Z,232,0.0,0.0,0.0,15.2,71.5,14.901,83.521,31.0
2026-09-25T11:40:02Z,232,2.0,0.0,2.0,15.2,71.7,15.013,83.855,31.0
2026-09-25T11:45:03Z,232,5.0,2.0,5.0,15.3,71.6,14.965,83.244,31.0
2026-09-25T11:50:02Z,232,1.0,1.0,1.0,15.3,71.3,14.93,83.034,31.0
2026-09-25T11:55:03Z,232,1.0,1.0,1.0,15.3,71.1,14.941,82.981,31.0
2026-09-25T12:00:02Z,232,15.0,5.0,16.0,15.3,71.1,15.01,83.225,31.0
2026-09-25T12:05:03Z,232,3.0,2.0,3.0,15.3,70.9,14.839,83.046,31.0
2026-09-25T12:10:02Z,232,2.0,1.0,2.0,15.3,70.8,14.944,82.657,31.0
2026-09-25T12:15:03Z,232,1.0,0.0,2.0,15.3,70.9,14.911,82.537,31.0
2026-09-25T12:20:02Z,232,0.0,0.0,0.0,15.3,70.7,14.906,82.794,31.0
2026-09-25T12:25:03Z,232,0.0,0.0,0.0,15.3,70.7,14.965,82.462,31.0
2026-09-25T12:30:02Z,232,0.0,0.0,0.0,15.4,70.7,15.042,82.348,31.0
2026-09-25T12:35:02Z,232,0.0,0.0,0.0,15.4,70.6,15.149,82.121,31.0
2026-09-25T12:40:02Z,232,2.0,0.0,2.0,15.5,70.5,15.128,81.911,31.0
2026-09-25T12:45:03Z,232,0.0,0.0,1.0,15.5,70.6,15.277,81.802,31.0
2026-09-25T12:50:02Z,232,1.0,1.0,1.0,15.5,70.3,15.05,82.153,31.0
2026-09-25T12:55:03Z,232,2.0,0.0,3.0,15.6,70.1,14.997,82.525,31.0
2026-09-25T13:00:02Z,232,4.0,1.0,5.0,15.6,70.5,15.44,82.537,31.0
2026-09-25T13:05:02Z,232,0.0,0.0,0.0,15.7,70.0,15.387,81.516,31.0
2026-09-25T13:10:03Z,232,3.0,0.0,3.0,15.7,70.0,15.448,81.228,31.0
2026-09-25T13:15:02Z,232,2.0,0.0,2.0,15.8,69.8,15.592,80.717,31.0
2026-09-25T13:20:03Z,232,1.0,1.0,2.0,15.8,69.6,15.769,80.311,31.0
2026-09-25T13:25:02Z,232,0.0,0.0,1.0,15.9,69.4,15.755,80.379,31.0
2026-09-25T13:30:03Z,232,0.0,0.0,1.0,15.9,69.1,15.787,79.71,31.0
2026-09-25T13:35:03Z,232,4.0,2.0,4.0,16.0,69.0,16.006,78.997,31.0
2026-09-25T13:40:02Z,232,1.0,0.0,1.0,16.1,68.7,16.006,78.773,31.0
2026-09-25T13:45:02Z,232,2.0,0.0,2.0,16.2,68.6,16.145,78.955,31.0
2026-09-25T13:50:03Z,232,0.0,0.0,0.0,16.3,68.2,16.105,78.493,31.0
2026-09-25T13:55:02Z,232,1.0,0.0,1.0,16.3,68.2,16.169,78.316,31.0
2026-09-25T14:00:03Z,232,0.0,0.0,0.0,16.4,68.3,16.313,78.998,31.0
2026-09-25T14:05:03Z,232,1.0,0.0,1.0,16.4,68.0,16.348,78.493,31.0
2026-09-25T14:10:03Z,232,1.0,0.0,1.0,16.5,68.1,16.412,78.539,31.0
2026-09-25T14:15:02Z,232,1.0,0.0,2.0,16.5,67.9,16.583,78.091,31.0
2026-09-25T14:20:03Z,232,3.0,1.0,4.0,16.7,67.7,16.631,78.075,31.0
2026-09-25T14:25:03Z,232,0.0,0.0,0.0,16.8,67.3,16.944,76.479,31.0
2026-09-25T14:30:03Z,232,0.0,0.0,0.0,16.9,67.5,17.392,75.044,31.0
2026-09-25T14:35:03Z,232,0.0,0.0,0.0,17.1,66.9,17.478,74.753,31.0
2026-09-25T14:40:03Z,232,0.0,0.0,0.0,17.3,66.6,17.63,74.415,31.0
2026-09-25T14:45:02Z,232,0.0,0.0,0.0,17.5,65.7,18.041,71.739,31.0
2026-09-25T14:50:03Z,232,0.0,0.0,0.0,17.7,65.1,17.512,73.435,31.0
2026-09-25T14:55:03Z,232,1.0,0.0,1.0,17.9,65.3,18.372,73.068,31.0
2026-09-25T15:00:03Z,232,0.0,0.0,0.0,18.1,64.6,18.516,71.302,31.0
2026-09-25T15:05:03Z,232,2.0,0.0,2.0,18.3,63.9,18.989,69.952,31.0
2026-09-25T15:10:03Z,232,1.0,0.0,1.0,18.5,63.6,19.464,69.145,31.0
2026-09-25T15:15:03Z,232,0.0,0.0,0.0,18.8,62.6,19.245,68.556,31.0
2026-09-25T15:20:02Z,232,0.0,0.0,0.0,18.9,62.3,19.705,69.366,31.0
2026-09-25T15:25:03Z,232,0.0,0.0,0.0,19.1,61.1,19.392,67.869,31.0
2026-09-25T15:30:02Z,232,0.0,0.0,0.0,19.2,60.5,19.168,69.462,31.0
2026-09-25T15:35:03Z,232,0.0,0.0,0.0,19.3,60.0,18.896,68.916,31.0
2026-09-25T15:40:03Z,232,0.0,0.0,0.0,19.4,59.8,19.478,67.707,31.0
2026-09-25T15:45:03Z,232,0.0,0.0,0.0,19.4,60.0,19.024,69.898,31.0
2026-09-25T15:50:03Z,232,0.0,0.0,0.0,19.4,59.2,18.551,69.834,31.0
2026-09-25T15:55:03Z,232,0.0,0.0,0.0,19.4,59.1,18.781,69.206,31.0
2026-09-25T16:00:03Z,232,0.0,0.0,0.0,19.4,58.9,18.797,69.082,31.0
2026-09-25T16:05:02Z,232,0.0,0.0,0.0,19.4,59.0,18.845,69.227,31.0
2026-09-25T16:10:03Z,232,0.0,0.0,0.0,19.4,58.7,18.735,68.857,31.0
2026-09-25T16:15:02Z,232,0.0,0.0,0.0,19.4,58.7,18.901,68.416,31.0
2026-09-25T16:20:03Z,232,0.0,0.0,0.0,19.5,59.0,19.462,68.462,31.0
2026-09-25T16:25:03Z,232,0.0,0.0,0.0,19.6,59.0,19.366,67.529,31.0
2026-09-25T16:30:02Z,232,0.0,0.0,0.0,19.7,58.7,20.113,65.321,31.0
2026-09-25T16:35:03Z,232,1.0,0.0,1.0,19.9,58.5,20.506,64.52,31.0
2026-09-25T16:40:03Z,232,0.0,0.0,0.0,20.0,57.9,20.431,65.599,31.0
2026-09-25T16:45:03Z,232,1.0,0.0,1.0,20.2,57.5,20.826,64.048,31.0
2026-09-25T16:50:03Z,232,3.0,0.0,4.0,20.4,57.5,20.917,63.722,31.0
2026-09-25T16:55:03Z,232,3.0,2.0,4.0,20.7,56.6,21.296,62.391,31.0
2026-09-25T17:00:03Z,232,0.0,0.0,0.0,20.8,55.0,20.631,63.017,31.0
2026-09-25T17:05:03Z,232,3.0,2.0,5.0,20.9,54.9,21.101,61.679,31.0
2026-09-25T17:10:03Z,232,3.0,0.0,3.0,21.0,54.9,21.219,62.58,31.0
2026-09-25T17:15:03Z,232,1.0,0.0,1.0,21.1,55.0,21.569,61.798,31.0
2026-09-25T17:20:03Z,232,0.0,0.0,0.0,21.2,55.0,22.033,60.878,31.0
2026-09-25T17:25:03Z,232,0.0,0.0,0.0,21.3,54.5,21.777,61.201,31.0
2026-09-25T17:30:03Z,232,0.0,0.0,0.0,21.4,53.9,21.958,61.048,31.0
2026-09-25T17:35:05Z,232,0.0,0.0,0.0,21.4,52.7,21.179,60.733,31.0
2026-09-25T17:40:03Z,232,0.0,0.0,0.0,21.5,53.5,21.854,59.818,31.0
2026-09-25T17:45:03Z,232,0.0,0.0,0.0,21.5,52.9,21.806,58.776,31.0
2026-09-25T17:50:03Z,232,0.0,0.0,0.0,21.5,52.1,21.395,58.675,31.0
2026-09-25T17:55:03Z,232,0.0,0.0,0.0,21.5,52.0,21.352,59.743,31.0
2026-09-25T18:00:03Z,232,0.0,0.0,0.0,21.5,52.0,21.777,59.234,31.0
2026-09-25T18:05:03Z,232,0.0,0.0,0.0,21.6,51.9,21.387,60.524,31.0
2026-09-25T18:10:03Z,232,8.0,5.0,8.0,21.6,52.5,21.627,61.029,31.0
2026-09-25T18:15:04Z,232,7.0,3.0,8.0,21.5,53.1,21.921,60.743,31.0
2026-09-25T18:20:03Z,232,0.0,0.0,0.0,21.5,53.4,21.545,61.872,31.0
2026-09-25T18:25:03Z,232,0.0,0.0,0.0,21.4,53.1,20.626,64.546,31.0
2026-09-25T18:30:03Z,232,1.0,0.0,2.0,21.3,53.3,20.995,63.114,31.0
2026-09-25T18:35:03Z,232,0.0,0.0,0.0,21.1,53.5,20.733,64.214,31.0
2026-09-25T18:40:03Z,232,0.0,0.0,0.0,20.9,54.0,20.49,64.848,31.0
2026-09-25T18:45:03Z,232,5.0,1.0,5.0,20.8,54.6,20.864,64.315,31.0
2026-09-25T18:50:03Z,232,0.0,0.0,0.0,20.7,54.8,20.703,63.993,31.0
2026-09-25T18:55:03Z,232,0.0,0.0,0.0,20.6,55.1,20.383,65.113,31.0
2026-09-25T19:00:04Z,232,0.0,0.0,0.0,20.5,55.2,20.204,65.054,31.0
2026-09-25T19:05:03Z,232,2.0,1.0,3.0,20.3,55.4,20.711,64.272,31.0
2026-09-25T19:10:03Z,232,14.0,7.0,15.0,20.3,55.8,20.583,64.832,31.0
2026-09-25T19:15:03Z,232,4.0,1.0,4.0,20.3,55.5,20.487,65.136,31.0
2026-09-25T19:20:03Z,232,6.0,4.0,6.0,20.2,55.9,20.687,64.764,31.0
2026-09-25T19:25:03Z,232,17.0,8.0,17.0,20.2,55.8,20.538,64.531,31.0
2026-09-25T19:30:03Z,232,34.0,22.0,37.0,20.2,55.9,20.789,64.151,31.0
2026-09-25T19:35:03Z,232,23.0,13.0,24.0,20.2,55.8,20.725,63.871,31.0
2026-09-25T19:40:03Z,232,3.0,1.0,4.0,20.2,56.1,20.578,65.002,31.0
2026-09-25T19:45:03Z,232,2.0,0.0,2.0,20.3,55.6,20.594,64.298,31.0
2026-09-25T19:50:03Z,232,0.0,0.0,0.0,20.2,56.1,19.275,69.179,31.0
2026-09-25T19:55:04Z,232,0.0,0.0,0.0,20.0,56.2,19.307,68.441,31.0
2026-09-25T20:00:03Z,232,0.0,0.0,0.0,19.9,56.9,19.251,69.483,31.0
2026-09-25T20:05:03Z,232,0.0,0.0,0.0,19.8,57.2,18.978,70.543,31.0
2026-09-25T20:10:03Z,232,0.0,0.0,0.0,19.7,57.6,19.422,69.122,31.0
2026-09-25T20:15:04Z,232,1.0,0.0,1.0,19.6,57.8,18.909,70.566,31.0
2026-09-25T20:20:03Z,232,1.0,0.0,2.0,19.5,58.0,18.634,71.333,31.0
2026-09-25T20:25:04Z,232,5.0,0.0,5.0,19.4,58.2,18.992,70.425,31.0
2026-09-25T20:30:03Z,232,1.0,0.0,2.0,19.4,58.2,18.65,70.781,31.0
2026-09-25T20:35:04Z,232,3.0,0.0,3.0,19.2,58.6,18.33,72.079,31.0
2026-09-25T20:40:03Z,232,2.0,0.0,2.0,19.1,58.5,18.407,71.607,31.0
2026-09-25T20:45:03Z,232,0.0,0.0,1.0,19.0,58.5,18.241,71.665,31.0
2026-09-25T20:50:03Z,232,0.0,0.0,0.0,18.9,58.9,18.209,71.924,31.0
2026-09-25T20:55:03Z,232,0.0,0.0,0.0,18.8,59.2,18.268,71.785,31.0
2026-09-25T21:00:04Z,232,4.0,0.0,4.0,18.8,59.3,18.209,71.474,31.0
2026-09-25T21:05:04Z,232,1.0,1.0,2.0,18.7,59.7,18.164,72.492,31.0
2026-09-25T21:10:06Z,232,4.0,2.0,4.0,18.6,59.9,18.111,72.042,31.0
2026-09-25T21:15:03Z,232,2.0,0.0,2.0,18.5,60.2,18.348,71.522,31.0
2026-09-25T21:20:04Z,232,2.0,1.0,2.0,18.6,59.7,18.257,71.01,31.0
2026-09-25T21:25:04Z,232,0.0,0.0,0.0,18.5,60.2,18.279,71.634,31.0
2026-09-25T21:30:03Z,232,0.0,0.0,0.0,18.5,60.8,18.172,72.172,31.0
2026-09-25T21:35:04Z,232,0.0,0.0,0.0,18.5,60.8,18.244,72.426,31.0
2026-09-25T21:40:03Z,232,1.0,0.0,3.0,18.4,60.3,17.662,72.717,31.0
2026-09-25T21:45:04Z,232,0.0,0.0,0.0,18.3,60.4,17.731,73.152,31.0
2026-09-25T21:50:03Z,232,1.0,0.0,1.0,18.2,60.8,17.673,73.522,31.0
2026-09-25T21:55:04Z,232,1.0,0.0,1.0,18.2,61.1,17.75,73.463,31.0
2026-09-25T22:00:03Z,232,1.0,0.0,1.0,18.1,61.0,17.579,73.685,31.0
2026-09-25T22:05:03Z,232,0.0,0.0,0.0,18.0,61.8,17.568,74.358,31.0
2026-09-25T22:10:03Z,232,0.0,0.0,0.0,17.9,62.5,17.419,75.037,31.0
2026-09-25T22:15:03Z,232,0.0,0.0,0.0,17.9,62.6,17.622,74.52,31.0
2026-09-25T22:20:04Z,232,0.0,0.0,0.0,17.8,62.8,17.432,74.842,31.0
2026-09-25T22:25:04Z,232,0.0,0.0,0.0,17.8,62.9,17.363,74.686,31.0
2026-09-25T22:30:03Z,232,2.0,0.0,2.0,17.7,63.1,17.379,75.086,31.0
2026-09-25T22:35:03Z,232,0.0,0.0,0.0,17.6,63.5,17.368,75.197,31.0
2026-09-25T22:40:04Z,232,1.0,0.0,1.0,17.6,63.7,17.144,75.846,31.0
2026-09-25T22:45:04Z,232,0.0,0.0,0.0,17.5,63.7,17.066,76.135,31.0
2026-09-25T22:50:04Z,232,2.0,0.0,2.0,17.5,64.0,17.029,76.353,31.0
2026-09-25T22:55:04Z,232,8.0,4.0,8.0,17.4,64.1,17.061,75.943,31.0
2026-09-25T23:00:03Z,232,0.0,0.0,0.0,17.3,64.2,16.511,77.509,31.0
2026-09-25T23:05:04Z,232,3.0,0.0,4.0,17.2,64.2,16.615,76.488,31.0
2026-09-25T23:10:03Z,232,7.0,3.0,9.0,17.1,64.5,16.749,76.689,31.0
2026-09-25T23:15:04Z,232,7.0,3.0,7.0,17.0,64.5,16.695,76.53,31.0
2026-09-25T23:20:03Z,232,2.0,0.0,2.0,16.9,64.4,16.412,77.312,31.0
2026-09-25T23:25:04Z,232,2.0,0.0,2.0,16.8,64.6,16.255,77.827,31.0
2026-09-25T23:30:04Z,232,1.0,0.0,1.0,16.7,64.8,16.223,77.923,31.0
2026-09-25T23:35:03Z,232,4.0,1.0,4.0,16.6,65.2,16.228,77.991,31.0
2026-09-25T23:40:04Z,232,0.0,0.0,0.0,16.6,65.7,16.196,78.474,31.0
2026-09-25T23:45:04Z,232,0.0,0.0,2.0,16.4,65.9,16.062,78.991,31.0
2026-09-25T23:50:04Z,232,3.0,0.0,3.0,16.4,66.1,16.156,78.556,31.0
2026-09-25T23:55:04Z,232,0.0,0.0,0.0,16.3,66.2,16.284,78.148,31.0
2026-09-26T00:00:04Z,232,0.0,0.0,1.0,16.3,66.3,16.268,78.337,31.0
2026-09-26T00:05:04Z,232,1.0,0.0,1.0,16.3,66.5,16.279,78.392,31.0
2026-09-26T00:10:04Z,232,2.0,0.0,2.0,16.3,66.5,16.313,78.007,31.0
2026-09-26T00:15:04Z,232,0.0,0.0,0.0,16.3,66.2,16.255,77.486,31.0
2026-09-26T00:20:04Z,232,0.0,0.0,0.0,16.3,66.3,16.089,78.644,31.0
2026-09-26T00:25:04Z,232,0.0,0.0,0.0,16.3,66.3,16.148,78.071,31.0
2026-09-26T00:30:04Z,232,0.0,0.0,0.0,16.3,66.1,16.212,77.772,31.0
2026-09-26T00:35:04Z,232,8.0,4.0,10.0,16.3,66.0,16.204,77.167,31.0
2026-09-26T00:40:04Z,232,0.0,0.0,0.0,16.3,65.9,16.135,77.217,31.0
2026-09-26T00:45:04Z,232,0.0,0.0,0.0,16.3,66.1,16.263,77.377,31.0
2026-09-26T00:50:04Z,232,0.0,0.0,0.0,16.3,66.0,16.279,77.204,31.0
2026-09-26T00:55:03Z,232,0.0,0.0,0.0,16.3,66.2,16.329,77.356,31.0
2026-09-26T01:00:04Z,232,0.0,0.0,0.0,16.3,66.1,16.228,77.003,31.0
2026-09-26T01:05:04Z,232,0.0,0.0,0.0,16.3,66.2,16.244,77.198,31.0
2026-09-26T01:10:04Z,232,1.0,0.0,1.0,16.3,66.1,16.169,76.74,31.0
2026-09-26T01:15:04Z,232,0.0,0.0,0.0,16.3,66.1,16.169,77.213,31.0
2026-09-26T01:20:04Z,232,0.0,0.0,0.0,16.3,66.1,16.14,77.286,31.0
2026-09-26T01:25:03Z,232,0.0,0.0,0.0,16.2,66.1,16.081,77.579,31.0
2026-09-26T01:30:04Z,232,0.0,0.0,0.0,16.2,66.2,16.065,77.579,31.0
2026-09-26T01:35:04Z,232,0.0,0.0,0.0,16.2,66.3,16.092,77.732,31.0
2026-09-26T01:40:04Z,232,0.0,0.0,0.0,16.2,66.3,16.089,77.793,31.0
2026-09-26T01:45:04Z,232,1.0,0.0,1.0,16.2,66.6,16.148,77.999,31.0
2026-09-26T01:50:04Z,232,0.0,0.0,0.0,16.2,66.6,16.148,78.031,31.0
2026-09-26T01:55:04Z,232,0.0,0.0,0.0,16.2,66.7,16.126,78.079,31.0
2026-09-26T02:00:04Z,232,0.0,0.0,0.0,16.2,67.0,16.135,78.556,31.0
2026-09-26T02:05:04Z,232,2.0,0.0,3.0,16.1,66.8,15.937,78.913,31.0
2026-09-26T02:10:03Z,232,0.0,0.0,0.0,16.1,66.6,15.798,78.01,31.0
2026-09-26T02:15:04Z,232,0.0,0.0,0.0,16.1,66.6,15.787,78.453,31.0
2026-09-26T02:20:04Z,232,0.0,0.0,0.0,16.1,66.7,15.689,78.901,31.0
2026-09-26T02:25:04Z,232,0.0,0.0,1.0,16.0,66.6,15.699,78.361,31.0
2026-09-26T02:30:04Z,232,0.0,0.0,1.0,16.0,66.7,15.822,78.363,31.0
2026-09-26T02:35:04Z,232,4.0,2.0,4.0,15.9,66.7,15.721,78.232,31.0
2026-09-26T02:40:04Z,232,6.0,4.0,6.0,15.8,66.9,15.646,78.873,31.0
2026-09-26T02:45:04Z,232,5.0,3.0,6.0,15.9,66.8,15.681,78.184,31.0
2026-09-26T02:50:04Z,232,28.0,19.0,29.0,15.8,66.7,15.558,78.375,31.0
2026-09-26T02:55:04Z,232,30.0,18.0,35.0,15.8,67.1,15.542,78.907,31.0
2026-09-26T03:00:04Z,232,23.0,9.0,24.0,15.7,67.0,15.462,78.918,31.0
2026-09-26T03:05:04Z,232,20.0,8.0,20.0,15.7,66.9,15.307,78.674,31.0
2026-09-26T03:10:04Z,232,22.0,16.0,25.0,15.7,66.8,15.293,78.808,31.0
2026-09-26T03:15:04Z,232,32.0,22.0,33.0,15.7,66.8,15.288,78.34,31.0
2026-09-26T03:20:04Z,232,33.0,23.0,37.0,15.6,66.7,15.256,78.447,31.0
2026-09-26T03:25:04Z,232,48.0,31.0,60.0,15.6,66.7,15.187,78.331,31.0
2026-09-26T03:30:03Z,232,11.0,6.0,13.0,15.5,66.8,15.018,78.812,31.0
2026-09-26T03:35:04Z,232,1.0,0.0,1.0,15.4,66.7,14.944,78.457,31.0
2026-09-26T03:40:04Z,232,5.0,0.0,5.0,15.3,66.2,14.783,77.965,31.0
2026-09-26T03:45:04Z,232,14.0,6.0,14.0,15.3,66.3,14.719,77.907,31.0
2026-09-26T03:50:04Z,232,20.0,7.0,22.0,15.2,66.3,14.69,77.576,31.0
2026-09-26T03:55:04Z,232,18.0,8.0,20.0,15.2,66.3,14.727,77.932,31.0
2026-09-26T04:00:04Z,232,12.0,5.0,13.0,15.1,66.6,14.722,77.927,31.0
2026-09-26T04:05:04Z,232,14.0,6.0,16.0,15.1,66.8,14.743,77.85,31.0
2026-09-26T04:10:04Z,232,9.0,6.0,11.0,15.0,66.8,14.658,78.178,31.0
2026-09-26T04:15:04Z,232,5.0,2.0,5.0,15.0,66.7,14.506,77.97,31.0
2026-09-26T04:20:04Z,232,2.0,0.0,3.0,14.9,66.7,14.415,78.092,31.0
2026-09-26T04:25:04Z,232,4.0,1.0,5.0,14.9,66.8,14.324,78.39,31.0
2026-09-26T04:30:04Z,232,2.0,1.0,3.0,14.9,66.6,14.292,78.245,31.0
2026-09-26T04:35:04Z,232,1.0,0.0,1.0,14.8,66.7,14.231,78.472,31.0
2026-09-26T04:40:04Z,232,1.0,1.0,1.0,14.8,67.0,14.263,78.239,31.0
2026-09-26T04:45:04Z,232,1.0,1.0,1.0,14.7,66.9,14.305,78.371,31.0
2026-09-26T04:50:04Z,232,1.0,1.0,3.0,14.7,67.1,14.321,78.215,31.0
2026-09-26T04:55:04Z,232,1.0,0.0,1.0,14.7,67.2,14.316,78.503,31.0
2026-09-26T05:00:04Z,232,3.0,2.0,4.0,14.7,67.4,14.42,78.464,31.0
2026-09-26T05:05:04Z,232,1.0,0.0,2.0,14.7,67.7,14.468,78.705,31.0
2026-09-26T05:10:04Z,232,0.0,0.0,0.0,14.7,68.0,14.495,79.033,31.0
2026-09-26T05:15:04Z,232,0.0,0.0,0.0,14.8,68.0,14.548,79.229,31.0
2026-09-26T05:20:04Z,232,0.0,0.0,0.0,14.8,68.1,14.564,79.132,31.0
2026-09-26T05:25:04Z,232,0.0,0.0,0.0,14.9,68.3,14.642,79.048,31.0
2026-09-26T05:30:04Z,232,2.0,1.0,2.0,14.9,68.3,14.813,79.086,31.0
2026-09-26T05:35:04Z,232,3.0,2.0,3.0,14.9,68.2,14.818,78.722,31.0
2026-09-26T05:40:04Z,232,3.0,2.0,3.0,15.0,68.2,14.861,78.707,31.0
2026-09-26T05:45:04Z,232,7.0,4.0,7.0,15.0,68.1,14.906,79.046,31.0
2026-09-26T05:50:04Z,232,8.0,5.0,8.0,15.1,68.3,14.928,79.195,31.0
2026-09-26T05:55:04Z,232,5.0,4.0,5.0,15.1,68.1,14.901,79.016,31.0
2026-09-26T06:00:04Z,232,2.0,1.0,2.0,15.1,67.8,15.024,78.424,31.0
2026-09-26T06:05:04Z,232,0.0,0.0,1.0,15.2,67.7,14.938,78.48,31.0
2026-09-26T06:10:04Z,232,0.0,0.0,0.0,15.1,67.4,14.877,78.106,31.0
2026-09-26T06:15:04Z,232,0.0,0.0,0.0,15.2,67.3,14.882,78.136,31.0
2026-09-26T06:20:04Z,232,0.0,0.0,0.0,15.2,67.3,14.941,77.789,31.0
2026-09-26T06:25:05Z,232,0.0,0.0,0.0,15.2,67.0,14.887,77.98,31.0
2026-09-26T06:30:04Z,232,0.0,0.0,1.0,15.2,67.0,14.821,77.978,31.0
2026-09-26T06:35:05Z,232,1.0,0.0,1.0,15.2,66.9,14.81,78.192,31.0
2026-09-26T06:40:04Z,232,6.0,3.0,6.0,15.2,67.1,14.842,78.131,31.0
2026-09-26T06:45:04Z,232,0.0,0.0,0.0,15.2,67.0,14.789,78.39,31.0
2026-09-26T06:50:04Z,232,1.0,0.0,1.0,15.2,67.0,14.791,78.148,31.0
2026-09-26T06:55:04Z,232,1.0,0.0,1.0,15.2,67.1,14.765,78.115,31.0
2026-09-26T07:00:04Z,232,0.0,0.0,0.0,15.2,67.1,14.952,77.986,31.0
2026-09-26T07:05:05Z,232,0.0,0.0,0.0,15.2,67.2,14.962,77.803,31.0
2026-09-26T07:10:04Z,232,0.0,0.0,0.0,15.2,67.0,14.911,77.675,31.0
2026-09-26T07:15:04Z,232,1.0,0.0,2.0,15.2,66.7,14.767,77.789,31.0
2026-09-26T07:20:04Z,232,0.0,0.0,0.0,15.2,66.8,14.885,77.749,31.0
2026-09-26T07:25:04Z,232,0.0,0.0,0.0,15.2,66.9,14.928,77.787,31.0
2026-09-26T07:30:04Z,232,1.0,0.0,1.0,15.2,66.9,14.866,78.02,31.0
2026-09-26T07:35:05Z,232,0.0,0.0,0.0,15.2,67.0,14.855,78.081,31.0
2026-09-26T07:40:04Z,232,0.0,0.0,0.0,15.2,67.0,14.823,78.245,31.0
2026-09-26T07:45:05Z,232,0.0,0.0,0.0,15.2,67.1,14.855,78.005,31.0
2026-09-26T07:50:04Z,232,0.0,0.0,0.0,15.2,67.0,14.757,78.043,31.0
2026-09-26T07:55:04Z,232,0.0,0.0,0.0,15.2,66.9,14.773,78.171,31.0
2026-09-26T08:00:04Z,232,0.0,0.0,0.0,15.2,66.8,14.634,78.531,31.0
2026-09-26T08:05:04Z,232,0.0,0.0,0.0,15.2,66.8,14.591,78.688,31.0
2026-09-26T08:10:04Z,232,0.0,0.0,0.0,15.2,66.8,14.652,78.585,31.0
2026-09-26T08:15:04Z,232,0.0,0.0,0.0,15.2,66.8,14.594,78.314,31.0
2026-09-26T08:20:04Z,232,0.0,0.0,0.0,15.2,66.8,14.567,78.827,31.0
2026-09-26T08:25:04Z,232,0.0,0.0,0.0,15.2,66.7,14.551,78.348,31.0
2026-09-26T08:30:04Z,232,0.0,0.0,0.0,15.1,66.8,14.466,78.915,31.0
2026-09-26T08:35:04Z,232,0.0,0.0,0.0,15.1,67.0,14.57,78.689,31.0
2026-09-26T08:40:04Z,232,0.0,0.0,0.0,15.1,66.9,14.607,78.201,31.0
2026-09-26T08:45:04Z,232,0.0,0.0,0.0,15.1,66.8,14.773,77.728,31.0
2026-09-26T08:50:04Z,232,0.0,0.0,0.0,15.1,67.0,14.725,78.041,31.0
2026-09-26T08:55:04Z,232,0.0,0.0,0.0,15.1,67.2,14.703,78.306,31.0
2026-09-26T09:00:05Z,232,0.0,0.0,0.0,15.1,67.0,14.781,78.012,31.0
2026-09-26T09:05:04Z,232,0.0,0.0,0.0,15.1,66.9,14.882,77.52,31.0
2026-09-26T09:10:05Z,232,0.0,0.0,0.0,15.1,66.9,14.834,77.541,31.0
2026-09-26T09:15:04Z,232,0.0,0.0,0.0,15.2,66.8,14.941,77.326,31.0
2026-09-26T09:20:04Z,232,0.0,0.0,0.0,15.2,66.8,14.93,77.104,31.0
2026-09-26T09:25:05Z,232,0.0,0.0,0.0,15.2,66.8,14.928,77.52,31.0
2026-09-26T09:30:04Z,232,0.0,0.0,0.0,15.2,66.9,14.928,77.501,31.0
2026-09-26T09:35:05Z,232,0.0,0.0,0.0,15.2,66.9,14.895,78.035,31.0
2026-09-26T09:40:04Z,232,0.0,0.0,0.0,15.2,66.9,14.992,77.623,31.0
2026-09-26T09:45:04Z,232,0.0,0.0,0.0,15.2,66.9,15.013,77.423,31.0
2026-09-26T09:50:05Z,232,0.0,0.0,0.0,15.2,67.1,15.053,77.764,31.0
2026-09-26T09:55:04Z,232,0.0,0.0,0.0,15.3,66.9,14.989,77.761,31.0
2026-09-26T10:00:07Z,232,0.0,0.0,0.0,15.3,66.9,15.0,77.759,31.0
2026-09-26T10:05:04Z,232,0.0,0.0,0.0,15.3,67.0,15.072,77.633,31.0
2026-09-26T10:10:05Z,232,0.0,0.0,0.0,15.3,66.9,15.12,77.4,31.0
2026-09-26T10:15:08Z,232,0.0,0.0,0.0,15.3,67.0,15.077,77.417,31.0
2026-09-26T10:20:04Z,232,0.0,0.0,0.0,15.3,66.9,15.171,77.497,31.0
2026-09-26T10:25:04Z,232,0.0,0.0,0.0,15.4,66.8,15.192,77.116,31.0
2026-09-26T10:30:05Z,232,0.0,0.0,0.0,15.4,67.1,15.117,77.97,31.0
2026-09-26T10:35:05Z,232,0.0,0.0,0.0,15.3,67.0,15.096,77.852,31.0
2026-09-26T10:40:05Z,232,0.0,0.0,0.0,15.4,67.1,15.058,78.642,31.0
2026-09-26T10:45:05Z,232,0.0,0.0,0.0,15.4,67.7,15.184,79.332,31.0
2026-09-26T10:50:04Z,232,0.0,0.0,0.0,15.4,67.9,15.125,79.464,31.0
2026-09-26T10:55:05Z,232,0.0,0.0,0.0,15.4,68.1,15.152,79.849,31.0
2026-09-26T11:00:04Z,232,0.0,0.0,0.0,15.4,68.2,15.152,80.015,31.0
2026-09-26T11:05:05Z,232,0.0,0.0,0.0,15.4,68.6,15.195,80.456,31.0
2026-09-26T11:10:04Z,232,0.0,0.0,0.0,15.4,68.6,15.272,80.511,31.0
2026-09-26T11:15:08Z,232,0.0,0.0,0.0,15.5,68.7,15.245,80.515,31.0
2026-09-26T11:20:05Z,232,0.0,0.0,0.0,15.5,68.9,15.283,80.992,31.0
2026-09-26T11:25:05Z,232,0.0,0.0,0.0,15.5,68.9,15.339,80.383,31.0
2026-09-26T11:30:06Z,232,0.0,0.0,0.0,15.5,68.8,15.355,80.316,31.0
2026-09-26T11:35:05Z,232,0.0,0.0,0.0,15.5,68.8,15.414,80.126,31.0
2026-09-26T11:40:04Z,232,1.0,1.0,1.0,15.6,68.9,15.486,80.511,31.0
2026-09-26T11:45:05Z,232,0.0,0.0,0.0,15.6,68.8,15.48,80.513,31.0
2026-09-26T11:50:05Z,232,0.0,0.0,0.0,15.7,68.8,15.56,80.017,31.0
2026-09-26T11:55:05Z,232,0.0,0.0,0.0,15.7,68.6,15.678,79.447,31.0
2026-09-26T12:00:05Z,232,0.0,0.0,0.0,15.8,68.7,15.758,79.569,31.0
2026-09-26T12:05:04Z,232,0.0,0.0,0.0,15.8,68.6,15.851,79.044,31.0
2026-09-26T12:10:04Z,232,0.0,0.0,0.0,15.9,68.3,15.889,78.461,31.0
2026-09-26T12:15:05Z,232,0.0,0.0,0.0,16.0,68.2,15.99,78.361,31.0
2026-09-26T12:20:04Z,232,3.0,2.0,3.0,16.1,68.0,16.183,77.972,31.0
2026-09-26T12:25:05Z,232,2.0,0.0,2.0,16.2,67.6,16.319,77.091,31.0
2026-09-26T12:30:04Z,232,0.0,0.0,0.0,16.3,67.2,16.271,76.721,31.0
2026-09-26T12:35:05Z,232,0.0,0.0,0.0,16.4,66.6,16.479,76.08,31.0
2026-09-26T12:40:05Z,232,2.0,2.0,2.0,16.6,66.4,16.789,75.582,31.0
2026-09-26T12:45:04Z,232,0.0,0.0,0.0,16.7,66.0,16.799,75.115,31.0
2026-09-26T12:50:05Z,232,1.0,0.0,1.0,16.8,65.7,17.058,74.919,31.0
2026-09-26T12:55:04Z,232,1.0,0.0,1.0,16.9,65.7,16.973,74.491,31.0
2026-09-26T13:00:05Z,232,0.0,0.0,0.0,17.1,65.4,17.139,73.704,31.0
2026-09-26T13:05:05Z,232,0.0,0.0,0.0,17.2,64.8,17.502,72.769,31.0
2026-09-26T13:10:05Z,232,0.0,0.0,0.0,17.3,64.3,17.467,72.187,31.0
2026-09-26T13:15:05Z,232,0.0,0.0,0.0,17.4,63.9,17.638,72.063,31.0
2026-09-26T13:20:05Z,232,0.0,0.0,0.0,17.6,63.7,17.777,71.832,31.0
2026-09-26T13:25:04Z,232,0.0,0.0,0.0,17.7,63.5,17.734,71.806,31.0
2026-09-26T13:30:05Z,232,1.0,0.0,1.0,17.9,63.4,18.765,69.603,31.0
2026-09-26T13:35:05Z,232,2.0,0.0,2.0,18.2,62.2,19.008,67.516,31.0
2026-09-26T13:40:05Z,232,0.0,0.0,1.0,18.4,61.7,19.387,67.497,31.0
2026-09-26T13:45:05Z,232,1.0,0.0,1.0,18.6,60.2,19.056,67.253,31.0
2026-09-26T13:50:05Z,232,0.0,0.0,0.0,18.8,59.8,19.117,67.697,31.0
2026-09-26T13:55:05Z,232,0.0,0.0,0.0,19.0,59.2,19.24,67.196,31.0
2026-09-26T14:00:05Z,232,1.0,0.0,1.0,19.2,58.8,19.886,65.365,31.0
2026-09-26T14:05:05Z,232,1.0,0.0,1.0,19.3,58.9,20.153,64.655,31.0
2026-09-26T14:10:05Z,232,1.0,0.0,1.0,19.5,58.6,20.346,64.996,31.0
2026-09-26T14:15:05Z,232,4.0,2.0,4.0,19.7,57.8,19.958,65.46,31.0
2026-09-26T14:20:05Z,232,0.0,0.0,0.0,19.8,57.4,20.359,64.129,31.0
2026-09-26T14:25:05Z,232,0.0,0.0,0.0,19.9,57.0,20.284,65.324,31.0
2026-09-26T14:30:05Z,232,1.0,0.0,2.0,20.0,57.1,19.697,66.665,31.0
2026-09-26T14:35:05Z,232,0.0,0.0,0.0,20.0,57.0,19.95,65.803,31.0
2026-09-26T14:40:05Z,232,0.0,0.0,0.0,19.9,56.7,19.427,67.699,31.0
2026-09-26T14:45:05Z,232,0.0,0.0,0.0,19.9,56.8,20.378,64.687,31.0
2026-09-26T14:50:05Z,232,0.0,0.0,0.0,19.9,56.8,20.047,65.304,31.0
2026-09-26T14:55:05Z,232,0.0,0.0,0.0,19.9,56.9,20.519,65.061,31.0
2026-09-26T15:00:05Z,232,0.0,0.0,0.0,20.0,56.5,20.519,64.554,31.0
2026-09-26T15:05:05Z,232,0.0,0.0,0.0,20.0,56.0,20.38,63.535,31.0
2026-09-26T15:10:05Z,232,0.0,0.0,0.0,20.1,55.6,20.22,64.159,31.0
2026-09-26T15:15:05Z,232,0.0,0.0,0.0,20.2,54.7,20.714,62.032,31.0
2026-09-26T15:20:05Z,232,0.0,0.0,0.0,20.4,54.7,20.463,62.053,31.0
2026-09-26T15:25:05Z,232,0.0,0.0,0.0,20.5,54.5,21.029,61.191,31.0
2026-09-26T15:30:05Z,232,0.0,0.0,0.0,20.6,54.0,21.195,60.159,31.0
2026-09-26T15:35:05Z,232,0.0,0.0,0.0,20.8,53.4,21.598,59.08,31.0
2026-09-26T15:40:05Z,232,0.0,0.0,0.0,21.0,52.9,21.32,59.681,31.0
2026-09-26T15:45:05Z,232,0.0,0.0,0.0,21.1,52.2,21.246,60.133,31.0
2026-09-26T15:50:05Z,232,2.0,0.0,2.0,21.1,52.1,20.869,61.895,31.0
2026-09-26T15:55:05Z,232,0.0,0.0,0.0,21.0,52.7,20.506,62.519,31.0
2026-09-26T16:00:05Z,232,0.0,0.0,0.0,20.9,52.2,20.474,61.613,31.0
2026-09-26T16:05:05Z,232,0.0,0.0,0.0,20.8,52.1,20.57,61.37,31.0
2026-09-26T16:10:05Z,232,0.0,0.0,0.0,20.7,52.4,20.714,61.052,31.0
2026-09-26T16:15:05Z,232,0.0,0.0,0.0,20.6,52.2,19.793,63.118,31.0
2026-09-26T16:20:05Z,232,0.0,0.0,0.0,20.5,52.9,19.996,63.894,31.0
2026-09-26T16:25:05Z,232,0.0,0.0,0.0,20.3,53.3,20.028,63.671,31.0
2026-09-26T16:30:05Z,232,1.0,0.0,1.0,20.1,53.8,19.814,64.527,31.0
2026-09-26T16:35:05Z,232,0.0,0.0,0.0,20.0,53.8,19.342,65.382,31.0
2026-09-26T16:40:05Z,232,0.0,0.0,0.0,19.9,53.9,19.438,64.371,31.0
2026-09-26T16:45:05Z,232,0.0,0.0,0.0,19.8,54.4,19.774,63.497,31.0
2026-09-26T16:50:05Z,232,0.0,0.0,0.0,19.7,54.3,19.63,63.757,31.0
2026-09-26T16:55:05Z,232,0.0,0.0,0.0,19.7,54.6,19.825,63.709,31.0
2026-09-26T17:00:05Z,232,0.0,0.0,0.0,19.7,55.0,19.846,64.214,31.0
2026-09-26T17:05:06Z,232,0.0,0.0,0.0,19.7,55.0,19.958,63.818,31.0
2026-09-26T17:10:05Z,232,0.0,0.0,0.0,19.6,55.7,19.334,67.713,31.0
2026-09-26T17:15:05Z,232,0.0,0.0,0.0,19.6,55.8,19.374,66.408,31.0
2026-09-26T17:20:05Z,232,0.0,0.0,0.0,19.5,55.6,19.374,65.956,31.0
2026-09-26T17:25:05Z,232,0.0,0.0,0.0,19.5,56.1,19.24,66.637,31.0
2026-09-26T17:30:05Z,232,0.0,0.0,0.0,19.4,56.2,19.315,66.944,31.0
2026-09-26T17:35:05Z,232,0.0,0.0,0.0,19.3,56.4,19.929,64.607,31.0
2026-09-26T17:40:05Z,232,0.0,0.0,0.0,19.4,56.5,19.601,66.089,31.0
2026-09-26T17:45:05Z,232,0.0,0.0,0.0,19.4,57.1,19.472,66.724,31.0
2026-09-26T17:50:05Z,232,0.0,0.0,0.0,19.4,56.7,19.366,67.075,31.0
2026-09-26T17:55:05Z,232,0.0,0.0,0.0,19.3,56.7,19.307,67.007,31.0
2026-09-26T18:00:05Z,232,0.0,0.0,0.0,19.3,57.0,19.171,67.409,31.0
2026-09-26T18:05:05Z,232,0.0,0.0,0.0,19.3,57.2,19.731,65.546,31.0
2026-09-26T18:10:05Z,232,0.0,0.0,0.0,19.3,57.3,20.047,65.929,31.0
2026-09-26T18:15:06Z,232,0.0,0.0,0.0,19.3,56.8,19.561,66.118,31.0
2026-09-26T18:20:05Z,232,0.0,0.0,0.0,19.3,57.1,19.173,67.182,31.0
2026-09-26T18:25:05Z,232,0.0,0.0,0.0,19.3,56.8,19.323,66.864,31.0
2026-09-26T18:30:05Z,232,0.0,0.0,0.0,19.3,57.2,19.136,67.823,31.0
2026-09-26T18:35:05Z,232,0.0,0.0,0.0,19.2,57.5,18.97,68.268,31.0
2026-09-26T18:40:05Z,232,0.0,0.0,0.0,19.1,57.4,18.89,69.029,31.0
2026-09-26T18:45:05Z,232,0.0,0.0,0.0,19.1,57.5,19.219,67.293,31.0
2026-09-26T18:50:05Z,232,0.0,0.0,0.0,19.1,57.5,19.219,68.037,31.0
2026-09-26T18:55:05Z,232,0.0,0.0,0.0,19.1,57.6,19.165,67.484,31.0
2026-09-26T19:00:05Z,232,0.0,0.0,0.0,19.1,57.4,19.352,67.171,31.0
2026-09-26T19:05:06Z,232,0.0,0.0,0.0,19.0,57.5,19.168,68.441,31.0
2026-09-26T19:10:06Z,232,0.0,0.0,1.0,19.1,57.8,19.318,68.186,31.0
2026-09-26T19:15:05Z,232,0.0,0.0,0.0,19.1,57.8,19.472,66.902,31.0
2026-09-26T19:20:05Z,232,0.0,0.0,0.0,19.1,57.4,19.619,66.585,31.0
2026-09-26T19:25:05Z,232,0.0,0.0,0.0,19.2,57.3,19.24,67.844,31.0
2026-09-26T19:30:06Z,232,0.0,0.0,0.0,19.2,57.9,19.245,68.535,31.0
2026-09-26T19:35:05Z,232,0.0,0.0,0.0,19.2,57.4,19.251,68.212,31.0
2026-09-26T19:40:06Z,232,0.0,0.0,0.0,19.2,57.5,19.318,67.182,31.0
2026-09-26T19:45:06Z,232,0.0,0.0,0.0,19.1,57.0,19.243,67.198,31.0
2026-09-26T19:50:05Z,232,0.0,0.0,0.0,19.1,57.1,19.157,67.577,31.0
2026-09-26T19:55:06Z,232,0.0,0.0,0.0,19.1,57.4,19.179,67.611,31.0
2026-09-26T20:00:06Z,232,0.0,0.0,0.0,19.1,57.4,19.01,68.172,31.0
2026-09-26T20:05:06Z,232,0.0,0.0,0.0,19.0,57.8,18.685,69.347,31.0
2026-09-26T20:10:05Z,232,0.0,0.0,0.0,18.9,57.7,18.663,68.439,31.0
2026-09-26T20:15:05Z,232,0.0,0.0,0.0,18.8,57.9,18.396,69.818,31.0
2026-09-26T20:20:05Z,232,0.0,0.0,0.0,18.8,58.2,18.458,69.61,31.0
2026-09-26T20:25:06Z,232,0.0,0.0,0.0,18.7,58.7,18.538,69.996,31.0
2026-09-26T20:30:05Z,232,0.0,0.0,0.0,18.7,58.7,18.394,70.345,31.0
2026-09-26T20:35:06Z,232,0.0,0.0,0.0,18.6,58.6,17.961,70.761,31.0
2026-09-26T20:40:05Z,232,0.0,0.0,0.0,18.5,58.4,18.367,68.769,31.0
2026-09-26T20:45:05Z,232,0.0,0.0,0.0,18.5,58.8,18.386,69.206,31.0
2026-09-26T20:50:06Z,232,0.0,0.0,0.0,18.4,58.8,18.268,69.584,31.0
2026-09-26T20:55:05Z,232,0.0,0.0,0.0,18.3,59.2,17.852,71.882,31.0
2026-09-26T21:00:06Z,232,0.0,0.0,0.0,18.2,59.6,17.568,72.532,31.0
2026-09-26T21:05:05Z,232,0.0,0.0,0.0,18.1,59.8,17.641,72.223,31.0
2026-09-26T21:10:05Z,232,0.0,0.0,0.0,18.0,60.1,17.566,72.754,31.0
2026-09-26T21:15:05Z,232,0.0,0.0,0.0,17.9,60.1,17.683,72.029,31.0
2026-09-26T21:20:06Z,232,0.0,0.0,0.0,17.9,60.3,17.496,72.191,31.0
2026-09-26T21:25:06Z,232,0.0,0.0,0.0,17.9,59.8,17.582,71.155,31.0
2026-09-26T21:30:05Z,232,0.0,0.0,0.0,17.8,60.2,17.312,72.534,31.0
2026-09-26T21:35:06Z,232,0.0,0.0,0.0,17.7,60.6,17.574,71.583,31.0
2026-09-26T21:40:05Z,232,0.0,0.0,0.0,17.7,60.6,17.472,72.159,31.0
2026-09-26T21:45:06Z,232,0.0,0.0,0.0,17.7,60.6,17.52,71.533,31.0
2026-09-26T21:50:06Z,232,0.0,0.0,0.0,17.7,60.9,17.657,71.674,31.0
2026-09-26T21:55:06Z,232,0.0,0.0,0.0,17.7,61.1,17.63,72.29,31.0
2026-09-26T22:00:06Z,232,1.0,0.0,1.0,17.6,61.1,17.651,71.491,31.0
2026-09-26T22:05:06Z,232,0.0,0.0,0.0,17.6,61.0,17.264,72.332,31.0
2026-09-26T22:10:06Z,232,0.0,0.0,0.0,17.6,61.3,17.392,72.641,31.0
2026-09-26T22:15:06Z,232,0.0,0.0,0.0,17.5,61.4,17.136,73.211,31.0
2026-09-26T22:20:05Z,232,0.0,0.0,0.0,17.5,61.6,17.494,72.828,31.0
2026-09-26T22:25:06Z,232,3.0,0.0,3.0,17.5,61.9,17.085,73.65,31.0
2026-09-26T22:30:05Z,232,0.0,0.0,0.0,17.4,62.1,17.021,73.662,31.0
2026-09-26T22:35:06Z,232,0.0,0.0,0.0,17.4,62.4,16.898,74.587,31.0
2026-09-26T22:40:06Z,232,0.0,0.0,0.0,17.3,62.5,16.797,74.732,31.0
2026-09-26T22:45:06Z,232,3.0,0.0,3.0,17.2,62.7,16.789,74.678,31.0
2026-09-26T22:50:05Z,232,2.0,0.0,3.0,17.1,62.9,16.922,74.173,31.0
2026-09-26T22:55:06Z,232,1.0,0.0,1.0,17.0,63.2,16.666,75.558,31.0
2026-09-26T23:00:06Z,232,0.0,0.0,0.0,17.0,63.7,16.602,75.739,31.0
2026-09-26T23:05:06Z,232,3.0,0.0,3.0,16.9,63.5,16.45,75.767,31.0
2026-09-26T23:10:05Z,232,0.0,0.0,2.0,16.8,63.6,16.487,75.695,31.0
2026-09-26T23:15:06Z,232,3.0,1.0,3.0,16.7,64.1,16.311,76.475,31.0
2026-09-26T23:20:06Z,232,0.0,0.0,0.0,16.6,64.4,16.151,77.391,31.0
2026-09-26T23:25:06Z,232,3.0,0.0,3.0,16.5,64.7,16.004,77.74,31.0
2026-09-26T23:30:06Z,232,0.0,0.0,0.0,16.4,65.0,15.998,77.639,31.0
2026-09-26T23:35:06Z,232,0.0,0.0,0.0,16.3,65.2,15.929,77.845,31.0
2026-09-26T23:40:06Z,232,0.0,0.0,0.0,16.2,65.4,15.806,77.892,31.0
2026-09-26T23:45:06Z,232,0.0,0.0,0.0,16.1,65.5,15.822,77.896,31.0
2026-09-26T23:50:06Z,232,0.0,0.0,0.0,16.1,65.7,15.867,77.942,31.0
2026-09-26T23:55:06Z,232,1.0,0.0,1.0,16.0,65.8,15.9,77.919,31.0
2026-09-27T00:00:06Z,232,0.0,0.0,0.0,16.0,66.2,16.006,77.722,31.0
2026-09-27T00:05:06Z,232,3.0,0.0,3.0,16.0,66.1,16.108,77.429,31.0
2026-09-27T00:10:06Z,232,2.0,0.0,2.0,16.1,66.1,16.121,77.12,31.0
2026-09-27T00:15:09Z,232,1.0,0.0,1.0,16.1,66.0,16.132,76.904,31.0
2026-09-27T00:20:05Z,232,0.0,0.0,1.0,16.1,66.0,16.196,76.956,31.0
2026-09-27T00:25:06Z,232,2.0,1.0,2.0,16.2,65.9,16.167,76.826,31.0
2026-09-27T00:30:06Z,232,0.0,0.0,1.0,16.2,66.0,16.151,77.097,31.0
2026-09-27T00:35:06Z,232,0.0,0.0,0.0,16.2,65.8,16.156,76.527,31.0
2026-09-27T00:40:09Z,232,2.0,0.0,2.0,16.2,65.8,16.231,76.734,31.0
2026-09-27T00:45:06Z,232,0.0,0.0,0.0,16.2,65.7,16.196,76.71,31.0
2026-09-27T00:50:06Z,232,0.0,0.0,0.0,16.2,65.8,16.249,76.769,31.0
2026-09-27T00:55:06Z,232,0.0,0.0,0.0,16.3,65.9,16.378,76.427,31.0
2026-09-27T01:00:06Z,232,4.0,3.0,5.0,16.4,65.7,16.412,76.317,31.0
2026-09-27T01:05:06Z,232,0.0,0.0,0.0,16.4,65.8,16.423,76.553,31.0
2026-09-27T01:10:06Z,232,1.0,0.0,1.0,16.5,65.8,16.572,76.658,31.0
2026-09-27T01:15:06Z,232,0.0,0.0,1.0,16.5,66.1,16.631,76.921,31.0
2026-09-27T01:20:06Z,232,0.0,0.0,0.0,16.5,66.2,16.639,76.879,31.0
2026-09-27T01:25:06Z,232,0.0,0.0,0.0,16.5,66.0,16.495,77.116,31.0
2026-09-27T01:30:06Z,232,1.0,0.0,1.0,16.6,66.0,16.479,77.276,31.0
2026-09-27T01:35:06Z,232,0.0,0.0,0.0,16.6,66.1,16.629,76.816,31.0
2026-09-27T01:40:06Z,232,0.0,0.0,0.0,16.6,66.1,16.538,77.278,31.0
2026-09-27T01:45:06Z,232,0.0,0.0,0.0,16.6,65.8,16.637,76.834,31.0
2026-09-27T01:50:06Z,232,0.0,0.0,0.0,16.6,65.9,16.578,76.958,31.0
2026-09-27T01:55:06Z,232,0.0,0.0,0.0,16.7,65.6,16.599,76.546,31.0
2026-09-27T02:00:06Z,232,0.0,0.0,0.0,16.7,65.4,16.572,76.334,31.0
2026-09-27T02:05:06Z,232,0.0,0.0,0.0,16.7,65.2,16.337,76.584,31.0
2026-09-27T02:10:06Z,232,0.0,0.0,0.0,16.6,65.4,16.41,76.471,31.0
2026-09-27T02:15:07Z,232,1.0,0.0,1.0,16.6,65.2,16.49,75.979,31.0
2026-09-27T02:20:06Z,232,0.0,0.0,0.0,16.6,65.0,16.532,75.729,31.0
2026-09-27T02:25:06Z,232,0.0,0.0,0.0,16.5,65.2,16.45,76.145,31.0
2026-09-27T02:30:06Z,232,0.0,0.0,0.0,16.6,65.0,16.594,75.394,31.0
2026-09-27T02:35:06Z,232,0.0,0.0,0.0,16.5,65.1,16.418,76.288,31.0
2026-09-27T02:40:06Z,232,0.0,0.0,0.0,16.6,65.0,16.399,76.095,31.0
2026-09-27T02:45:06Z,232,0.0,0.0,0.0,16.5,64.7,16.169,76.21,31.0
2026-09-27T02:50:06Z,232,0.0,0.0,0.0,16.4,64.7,16.324,75.165,31.0
2026-09-27T02:55:06Z,232,1.0,0.0,1.0,16.4,64.5,16.057,75.472,31.0
2026-09-27T03:00:06Z,232,0.0,0.0,0.0,16.4,64.2,16.126,74.823,31.0
2026-09-27T03:05:06Z,232,3.0,0.0,3.0,16.3,64.1,16.06,74.522,31.0
2026-09-27T03:10:06Z,232,3.0,1.0,4.0,16.3,64.0,16.108,74.312,31.0
2026-09-27T03:15:06Z,232,5.0,2.0,6.0,16.2,64.0,16.086,74.106,31.0
2026-09-27T03:20:06Z,232,4.0,1.0,5.0,16.2,64.0,16.065,74.28,31.0
2026-09-27T03:25:06Z,232,1.0,0.0,1.0,16.1,64.5,16.017,75.563,31.0
2026-09-27T03:30:06Z,232,2.0,0.0,2.0,16.1,64.8,15.902,75.937,31.0
2026-09-27T03:35:06Z,232,27.0,17.0,29.0,16.0,64.7,15.731,75.544,31.0
2026-09-27T03:40:06Z,232,12.0,6.0,12.0,16.0,64.6,15.614,76.01,31.0
2026-09-27T03:45:06Z,232,14.0,6.0,15.0,15.9,64.7,15.539,75.909,31.0
2026-09-27T03:50:07Z,232,7.0,4.0,8.0,15.8,64.8,15.486,76.071,31.0
2026-09-27T03:55:06Z,232,4.0,1.0,4.0,15.7,64.6,15.36,75.744,31.0
2026-09-27T04:00:07Z,232,4.0,2.0,5.0,15.6,65.0,15.419,76.048,31.0
2026-09-27T04:05:06Z,232,1.0,1.0,1.0,15.6,65.0,15.365,75.664,31.0
2026-09-27T04:10:06Z,232,2.0,0.0,2.0,15.5,65.0,15.349,75.781,31.0
2026-09-27T04:15:06Z,232,7.0,4.0,8.0,15.5,65.1,15.208,76.193,31.0
2026-09-27T04:20:07Z,232,2.0,1.0,2.0,15.5,65.1,15.069,76.641,31.0
2026-09-27T04:25:06Z,232,3.0,0.0,3.0,15.5,65.2,15.074,76.517,31.0
2026-09-27T04:30:06Z,232,0.0,0.0,0.0,15.4,65.2,15.053,76.225,31.0
2026-09-27T04:35:06Z,232,0.0,0.0,0.0,15.3,65.5,15.088,76.193,31.0
2026-09-27T04:40:07Z,232,0.0,0.0,0.0,15.4,65.4,15.002,76.431,31.0
2026-09-27T04:45:06Z,232,0.0,0.0,0.0,15.3,65.6,15.088,76.656,31.0
2026-09-27T04:50:06Z,232,0.0,0.0,0.0,15.3,65.8,15.232,76.441,31.0
2026-09-27T04:55:06Z,232,1.0,0.0,2.0,15.3,65.8,15.243,76.2,31.0
2026-09-27T05:00:06Z,232,5.0,4.0,5.0,15.4,65.9,15.219,76.576,31.0
2026-09-27T05:05:06Z,232,9.0,5.0,9.0,15.4,66.0,15.293,76.313,31.0
2026-09-27T05:10:06Z,232,2.0,0.0,2.0,15.4,65.9,15.373,76.321,31.0
2026-09-27T05:15:06Z,232,4.0,1.0,4.0,15.4,65.9,15.416,76.135,31.0
2026-09-27T05:20:06Z,232,5.0,3.0,5.0,15.5,66.1,15.534,76.248,31.0
2026-09-27T05:25:06Z,232,4.0,2.0,5.0,15.5,66.1,15.51,76.383,31.0
2026-09-27T05:30:07Z,232,0.0,0.0,0.0,15.5,66.0,15.408,76.452,31.0
2026-09-27T05:35:06Z,232,0.0,0.0,0.0,15.5,65.9,15.435,76.124,31.0
2026-09-27T05:40:07Z,232,1.0,0.0,1.0,15.5,65.8,15.403,76.216,31.0
2026-09-27T05:45:06Z,232,0.0,0.0,0.0,15.5,65.7,15.4,76.141,31.0
2026-09-27T05:50:06Z,232,2.0,0.0,2.0,15.6,65.7,15.539,75.933,31.0
2026-09-27T05:55:06Z,232,1.0,1.0,1.0,15.6,65.8,15.598,76.019,31.0
2026-09-27T06:00:07Z,232,0.0,0.0,0.0,15.6,65.6,15.422,75.947,31.0
2026-09-27T06:05:07Z,232,1.0,0.0,3.0,15.6,65.6,15.448,75.874,31.0
2026-09-27T06:10:07Z,232,2.0,0.0,2.0,15.6,65.5,15.381,76.221,31.0
2026-09-27T06:15:07Z,232,0.0,0.0,0.0,15.6,65.4,15.323,75.949,31.0
2026-09-27T06:20:06Z,232,0.0,0.0,0.0,15.6,65.3,15.344,75.725,31.0
2026-09-27T06:25:06Z,232,0.0,0.0,0.0,15.6,65.2,15.243,75.943,31.0
2026-09-27T06:30:06Z,232,0.0,0.0,1.0,15.6,65.4,15.339,75.971,31.0
2026-09-27T06:35:07Z,232,0.0,0.0,0.0,15.5,65.2,15.229,76.095,31.0
2026-09-27T06:40:07Z,232,0.0,0.0,0.0,15.5,65.4,15.144,76.656,31.0
2026-09-27T06:45:07Z,232,2.0,0.0,3.0,15.4,65.7,15.138,76.744,31.0
2026-09-27T06:50:06Z,232,7.0,4.0,8.0,15.5,65.7,15.283,76.441,31.0
2026-09-27T06:55:07Z,232,2.0,2.0,3.0,15.5,66.0,15.336,76.733,31.0
2026-09-27T07:00:06Z,232,0.0,0.0,0.0,15.5,66.3,15.472,76.61,31.0
2026-09-27T07:05:07Z,232,0.0,0.0,0.0,15.5,66.3,15.499,76.357,31.0
2026-09-27T07:10:06Z,232,0.0,0.0,0.0,15.5,66.2,15.542,76.059,31.0
2026-09-27T07:15:06Z,232,0.0,0.0,0.0,15.6,66.0,15.59,75.943,31.0
2026-09-27T07:20:07Z,232,0.0,0.0,0.0,15.6,66.0,15.536,76.065,31.0
2026-09-27T07:25:06Z,232,0.0,0.0,0.0,15.6,65.6,15.544,75.641,31.0
2026-09-27T07:30:07Z,232,0.0,0.0,0.0,15.6,65.3,15.523,75.334,31.0
2026-09-27T07:35:07Z,232,0.0,0.0,0.0,15.7,65.5,15.576,75.319,31.0
2026-09-27T07:40:06Z,232,0.0,0.0,0.0,15.7,65.5,15.603,75.369,31.0
2026-09-27T07:45:06Z,232,0.0,0.0,0.0,15.7,65.4,15.536,75.594,31.0
2026-09-27T07:50:07Z,232,1.0,0.0,1.0,15.7,65.5,15.59,75.722,31.0
2026-09-27T07:55:07Z,232,0.0,0.0,0.0,15.7,65.6,15.75,75.59,31.0
2026-09-27T08:00:07Z,232,0.0,0.0,1.0,15.8,65.5,15.803,75.373,31.0
2026-09-27T08:05:07Z,232,1.0,0.0,1.0,15.8,65.7,15.916,75.535,31.0
2026-09-27T08:10:07Z,232,0.0,0.0,0.0,15.9,65.2,15.859,74.909,31.0
2026-09-27T08:15:06Z,232,0.0,0.0,0.0,15.9,65.2,15.822,75.226,31.0
2026-09-27T08:20:07Z,232,0.0,0.0,0.0,15.9,65.3,15.908,74.976,31.0
2026-09-27T08:25:07Z,232,0.0,0.0,0.0,15.9,65.3,15.902,75.262,31.0
2026-09-27T08:30:07Z,232,0.0,0.0,0.0,15.9,65.2,15.902,75.201,31.0
2026-09-27T08:35:07Z,232,0.0,0.0,0.0,15.9,65.4,15.889,75.519,31.0
2026-09-27T08:40:07Z,232,0.0,0.0,0.0,15.9,65.3,15.851,75.687,31.0
2026-09-27T08:45:06Z,232,0.0,0.0,0.0,15.9,65.3,15.889,75.369,31.0
2026-09-27T08:50:07Z,232,0.0,0.0,0.0,15.9,65.2,15.942,75.138,31.0
2026-09-27T08:55:07Z,232,0.0,0.0,0.0,16.0,65.5,15.98,75.403,31.0
2026-09-27T09:00:07Z,232,0.0,0.0,0.0,16.0,65.5,16.004,75.743,31.0
2026-09-27T09:05:07Z,232,0.0,0.0,0.0,16.0,65.5,16.014,75.535,31.0
2026-09-27T09:10:07Z,232,0.0,0.0,0.0,15.9,65.6,16.03,75.666,31.0
2026-09-27T09:15:07Z,232,0.0,0.0,0.0,16.0,66.1,15.859,77.013,31.0
2026-09-27T09:20:07Z,232,0.0,0.0,0.0,16.0,66.1,15.662,77.488,31.0
2026-09-27T09:25:07Z,232,7.0,4.0,7.0,16.0,66.0,15.317,78.228,31.0
2026-09-27T09:30:07Z,232,0.0,0.0,0.0,15.9,65.9,15.355,78.354,31.0
2026-09-27T09:35:07Z,232,3.0,2.0,3.0,15.8,66.2,15.574,77.78,31.0
2026-09-27T09:40:07Z,232,0.0,0.0,0.0,15.8,66.1,15.344,77.959,31.0
2026-09-27T09:45:06Z,232,0.0,0.0,0.0,15.9,66.3,15.63,77.4,31.0
2026-09-27T09:50:07Z,232,0.0,0.0,0.0,15.8,66.2,15.731,77.059,31.0
2026-09-27T09:55:07Z,232,0.0,0.0,0.0,15.9,66.0,15.726,76.561,31.0
2026-09-27T10:00:07Z,232,2.0,0.0,2.0,15.8,66.0,15.726,76.74,31.0
2026-09-27T10:05:07Z,232,0.0,0.0,0.0,15.8,66.3,15.79,76.992,31.0
2026-09-27T10:10:07Z,232,0.0,0.0,0.0,15.8,66.4,15.761,77.003,31.0
2026-09-27T10:15:07Z,232,0.0,0.0,0.0,15.9,66.4,15.851,76.879,31.0
2026-09-27T10:20:10Z,232,0.0,0.0,0.0,15.9,66.6,15.718,77.312,31.0
2026-09-27T10:25:07Z,232,0.0,0.0,0.0,15.8,66.5,15.721,77.146,31.0
2026-09-27T10:30:07Z,232,0.0,0.0,0.0,15.9,66.3,15.742,76.828,31.0
2026-09-27T10:35:07Z,232,0.0,0.0,0.0,15.9,66.3,15.774,76.887,31.0
2026-09-27T10:40:07Z,232,0.0,0.0,0.0,15.9,66.3,15.779,76.776,31.0
2026-09-27T10:45:07Z,232,0.0,0.0,0.0,15.9,66.3,15.753,76.818,31.0
2026-09-27T10:50:07Z,232,0.0,0.0,0.0,15.9,66.0,15.889,76.004,31.0
2026-09-27T10:55:07Z,232,1.0,0.0,1.0,15.9,65.8,15.964,75.55,31.0
2026-09-27T11:00:07Z,232,0.0,0.0,0.0,16.0,65.6,16.006,75.462,31.0
2026-09-27T11:05:07Z,232,0.0,0.0,0.0,16.0,65.7,16.129,75.165,31.0
2026-09-27T11:10:07Z,232,1.0,0.0,1.0,16.0,65.7,16.196,75.212,31.0
2026-09-27T11:15:07Z,232,0.0,0.0,0.0,16.1,65.7,16.185,75.407,31.0
2026-09-27T11:20:07Z,232,0.0,0.0,0.0,16.1,65.6,16.201,75.218,31.0
2026-09-27T11:25:07Z,232,0.0,0.0,0.0,16.1,65.6,16.276,75.086,31.0
2026-09-27T11:30:07Z,232,0.0,0.0,0.0,16.2,65.7,16.268,75.598,31.0
2026-09-27T11:35:07Z,232,0.0,0.0,0.0,16.2,65.6,16.316,75.783,31.0
2026-09-27T11:40:07Z,232,0.0,0.0,0.0,16.3,65.7,16.161,76.124,31.0
2026-09-27T11:45:07Z,232,0.0,0.0,0.0,16.3,65.7,16.369,75.853,31.0
2026-09-27T11:50:07Z,232,2.0,0.0,2.0,16.4,65.7,16.279,76.092,31.0
2026-09-27T11:55:07Z,232,1.0,0.0,1.0,16.5,65.5,16.244,76.292,31.0
2026-09-27T12:00:07Z,232,4.0,0.0,4.0,16.5,65.3,16.276,76.141,31.0
2026-09-27T12:05:07Z,232,5.0,0.0,6.0,16.5,65.5,16.661,75.54,31.0
2026-09-27T12:10:07Z,232,4.0,1.0,6.0,16.6,65.3,16.554,75.586,31.0
2026-09-27T12:15:07Z,232,0.0,0.0,0.0,16.6,65.6,16.57,75.964,31.0
2026-09-27T12:20:07Z,232,0.0,0.0,0.0,16.7,65.2,16.653,75.025,31.0
2026-09-27T12:25:07Z,232,1.0,0.0,1.0,16.7,64.9,16.615,74.859,31.0
2026-09-27T12:30:07Z,232,0.0,0.0,0.0,16.7,65.3,16.567,76.08,31.0
2026-09-27T12:35:07Z,232,2.0,0.0,2.0,16.8,65.9,16.626,77.284,31.0
2026-09-27T12:40:07Z,232,2.0,1.0,2.0,16.7,66.2,16.653,77.951,31.0
2026-09-27T12:45:07Z,232,2.0,1.0,3.0,16.8,66.3,16.629,77.816,31.0
2026-09-27T12:50:07Z,232,2.0,0.0,2.0,16.8,66.2,16.666,78.028,31.0
2026-09-27T12:55:07Z,232,2.0,0.0,2.0,16.8,65.9,16.639,77.286,31.0
2026-09-27T13:00:07Z,232,7.0,5.0,7.0,16.9,66.1,16.762,77.206,31.0
2026-09-27T13:05:07Z,232,1.0,0.0,1.0,16.9,66.2,16.476,78.64,31.0
2026-09-27T13:10:07Z,232,0.0,0.0,0.0,16.8,66.1,16.412,78.274,31.0
2026-09-27T13:15:07Z,232,0.0,0.0,0.0,16.8,66.4,16.353,78.747,31.0
2026-09-27T13:20:07Z,232,0.0,0.0,0.0,16.7,66.7,16.257,79.584,31.0
2026-09-27T13:25:07Z,232,1.0,0.0,2.0,16.7,66.8,16.329,79.758,31.0
2026-09-27T13:30:07Z,232,2.0,0.0,2.0,16.7,67.0,16.132,80.213,31.0
2026-09-27T13:35:07Z,232,2.0,1.0,3.0,16.6,67.1,16.207,80.015,31.0
2026-09-27T13:40:07Z,232,6.0,1.0,6.0,16.7,67.5,16.399,79.677,31.0
2026-09-27T13:45:07Z,232,2.0,0.0,2.0,16.7,67.3,16.353,79.479,31.0
2026-09-27T13:50:07Z,232,3.0,0.0,3.0,16.7,67.4,16.524,79.039,31.0
2026-09-27T13:55:07Z,232,0.0,0.0,0.0,16.8,67.3,16.701,79.208,31.0
2026-09-27T14:00:07Z,232,4.0,2.0,4.0,16.9,67.5,17.117,77.785,31.0
2026-09-27T14:05:07Z,232,2.0,0.0,2.0,17.0,67.3,17.328,76.691,31.0
2026-09-27T14:10:07Z,232,0.0,0.0,0.0,17.2,67.5,17.515,76.645,31.0
2026-09-27T14:15:07Z,232,0.0,0.0,0.0,17.4,66.9,17.526,76.702,31.0
2026-09-27T14:20:07Z,232,0.0,0.0,0.0,17.5,66.5,17.574,76.067,31.0
2026-09-27T14:25:07Z,232,0.0,0.0,0.0,17.5,65.6,17.531,75.84,31.0
2026-09-27T14:30:07Z,232,5.0,1.0,5.0,17.6,65.4,17.406,76.04,31.0
2026-09-27T14:35:07Z,232,2.0,1.0,2.0,17.6,65.3,17.133,76.773,31.0
2026-09-27T14:40:07Z,232,4.0,1.0,4.0,17.6,65.3,17.341,76.725,31.0
2026-09-27T14:45:07Z,232,3.0,1.0,3.0,17.6,65.5,17.416,76.918,31.0
2026-09-27T14:50:07Z,232,7.0,4.0,8.0,17.6,65.3,17.47,76.179,31.0
2026-09-27T14:55:07Z,232,6.0,2.0,6.0,17.6,65.8,17.659,76.393,31.0
2026-09-27T15:00:07Z,232,3.0,2.0,3.0,17.7,65.4,17.686,75.662,31.0
2026-09-27T15:05:07Z,232,2.0,0.0,2.0,17.8,65.3,17.408,76.725,31.0
2026-09-27T15:10:07Z,232,2.0,0.0,2.0,17.8,65.3,17.568,76.321,31.0
2026-09-27T15:15:07Z,232,0.0,0.0,0.0,17.8,65.5,17.718,76.565,31.0
2026-09-27T15:20:07Z,232,2.0,0.0,2.0,17.9,65.6,18.1,76.078,31.0
2026-09-27T15:25:07Z,232,2.0,1.0,2.0,18.0,65.4,18.062,75.825,31.0
2026-09-27T15:30:08Z,232,1.0,0.0,2.0,18.0,65.1,17.924,75.54,31.0
2026-09-27T15:35:07Z,232,0.0,0.0,1.0,18.1,64.7,17.769,75.603,31.0
2026-09-27T15:40:07Z,232,4.0,2.0,4.0,18.1,64.6,17.787,75.571,31.0
2026-09-27T15:45:07Z,232,4.0,1.0,4.0,18.1,64.6,17.686,76.311,31.0
2026-09-27T15:50:07Z,232,2.0,0.0,2.0,18.1,65.1,17.862,76.738,31.0
2026-09-27T15:55:07Z,232,1.0,0.0,1.0,18.1,64.6,17.681,76.135,31.0
2026-09-27T16:00:08Z,232,2.0,0.0,2.0,18.2,65.1,17.948,76.034,31.0
2026-09-27T16:05:07Z,232,2.0,0.0,4.0,18.2,65.0,17.924,76.891,31.0
2026-09-27T16:10:08Z,232,3.0,0.0,3.0,18.2,64.8,17.827,77.169,31.0
2026-09-27T16:15:07Z,232,1.0,0.0,1.0,18.3,64.8,18.148,76.37,31.0
2026-09-27T16:20:07Z,232,6.0,2.0,6.0,18.3,64.2,17.528,77.127,31.0
2026-09-27T16:25:07Z,232,1.0,0.0,1.0,18.4,64.2,17.579,76.286,31.0
2026-09-27T16:30:07Z,232,3.0,0.0,3.0,18.4,64.0,17.59,76.549,31.0
2026-09-27T16:35:07Z,232,3.0,2.0,3.0,18.3,64.6,17.782,77.864,31.0
2026-09-27T16:40:08Z,232,2.0,0.0,3.0,18.3,64.4,17.665,77.556,31.0
2026-09-27T16:45:07Z,232,4.0,1.0,4.0,18.3,64.9,18.212,76.927,31.0
2026-09-27T16:50:07Z,232,6.0,2.0,7.0,18.3,64.0,17.63,76.778,31.0
2026-09-27T16:55:07Z,232,1.0,0.0,1.0,18.3,63.7,17.496,76.696,31.0
2026-09-27T17:00:08Z,232,1.0,0.0,1.0,18.3,64.1,17.699,76.559,31.0
2026-09-27T17:05:07Z,232,3.0,1.0,3.0,18.3,64.3,17.881,76.12,31.0
2026-09-27T17:10:08Z,232,1.0,1.0,1.0,18.3,64.1,17.659,76.691,31.0
2026-09-27T17:15:08Z,232,1.0,0.0,1.0,18.2,63.6,17.483,76.275,31.0
2026-09-27T17:20:07Z,232,1.0,0.0,1.0,18.1,64.3,17.617,76.576,31.0
2026-09-27T17:25:08Z,232,5.0,2.0,5.0,18.0,64.2,16.997,77.869,31.0
2026-09-27T17:30:07Z,232,1.0,0.0,1.0,17.9,64.5,16.821,78.361,31.0
2026-09-27T17:35:08Z,232,4.0,2.0,4.0,17.8,64.9,16.845,79.126,31.0
2026-09-27T17:40:07Z,232,10.0,4.0,16.0,17.6,65.0,16.556,80.143,31.0
2026-09-27T17:45:08Z,232,6.0,2.0,6.0,17.5,65.7,16.412,80.17,31.0
2026-09-27T17:50:07Z,232,3.0,2.0,4.0,17.4,65.6,16.348,80.25,31.0
2026-09-27T17:55:08Z,232,5.0,2.0,6.0,17.2,66.3,16.201,81.011,31.0
2026-09-27T18:00:07Z,232,8.0,4.0,8.0,17.1,66.4,15.908,81.484,31.0
2026-09-27T18:05:08Z,232,1.0,0.0,1.0,16.9,66.4,16.052,81.104,31.0
2026-09-27T18:10:07Z,232,0.0,0.0,0.0,16.8,66.9,16.223,80.442,31.0
2026-09-27T18:15:08Z,232,0.0,0.0,1.0,16.8,67.2,16.527,80.223,31.0
2026-09-27T18:20:07Z,232,0.0,0.0,1.0,16.8,67.6,16.594,80.154,31.0
2026-09-27T18:25:08Z,232,0.0,0.0,0.0,16.8,68.0,16.295,82.003,31.0
2026-09-27T18:30:08Z,232,0.0,0.0,0.0,16.8,67.8,16.524,80.498,31.0
2026-09-27T18:35:07Z,232,6.0,1.0,6.0,16.9,68.2,16.821,80.572,31.0
2026-09-27T18:40:08Z,232,1.0,0.0,1.0,16.9,68.0,16.698,80.288,31.0
2026-09-27T18:45:07Z,232,0.0,0.0,3.0,17.1,67.9,17.243,78.192,31.0
2026-09-27T18:50:08Z,232,3.0,1.0,3.0,17.2,67.7,17.328,78.052,31.0
2026-09-27T18:55:08Z,232,3.0,1.0,3.0,17.4,67.1,17.259,77.429,31.0
2026-09-27T19:00:08Z,232,0.0,0.0,0.0,17.5,66.7,17.261,78.001,31.0
2026-09-27T19:05:08Z,232,1.0,0.0,1.0,17.6,66.9,17.972,76.946,31.0
2026-09-27T19:10:08Z,232,2.0,1.0,2.0,17.8,66.6,18.127,75.947,31.0
2026-09-27T19:15:08Z,232,0.0,0.0,0.0,18.0,66.1,18.183,75.413,31.0
2026-09-27T19:20:08Z,232,0.0,0.0,1.0,18.2,65.5,18.402,74.32,31.0
2026-09-27T19:25:08Z,232,4.0,1.0,4.0,18.3,65.0,18.076,75.397,31.0
2026-09-27T19:30:08Z,232,1.0,0.0,1.0,18.4,64.1,18.348,74.213,31.0
2026-09-27T19:35:08Z,232,1.0,0.0,1.0,18.4,63.7,18.113,74.655,31.0
2026-09-27T19:40:08Z,232,1.0,0.0,1.0,18.5,63.6,18.244,74.375,31.0
2026-09-27T19:45:07Z,232,1.0,1.0,1.0,18.4,63.6,18.196,74.77,31.0
2026-09-27T19:50:08Z,232,0.0,0.0,0.0,18.4,63.7,18.127,75.229,31.0
2026-09-27T19:55:08Z,232,5.0,1.0,5.0,18.4,63.9,17.795,76.576,31.0
2026-09-27T20:00:08Z,232,2.0,0.0,3.0,18.4,64.1,17.913,75.975,31.0
2026-09-27T20:05:08Z,232,1.0,0.0,1.0,18.3,64.5,17.889,77.089,31.0
2026-09-27T20:10:08Z,232,3.0,0.0,3.0,18.3,64.3,18.028,75.441,31.0
2026-09-27T20:15:08Z,232,4.0,2.0,5.0,18.2,64.2,17.787,76.389,31.0
2026-09-27T20:20:08Z,232,2.0,0.0,2.0,18.1,64.4,17.344,78.022,31.0
2026-09-27T20:25:08Z,232,2.0,0.0,2.0,18.1,64.4,17.315,77.816,31.0
2026-09-27T20:30:07Z,232,0.0,0.0,1.0,18.0,64.6,17.272,77.581,31.0
2026-09-27T20:35:07Z,232,3.0,1.0,3.0,18.0,65.2,17.454,77.749,31.0
2026-09-27T20:40:08Z,232,3.0,0.0,3.0,17.9,65.2,17.518,77.204,31.0
2026-09-27T20:45:07Z,232,5.0,2.0,5.0,17.8,65.3,17.379,77.534,31.0
2026-09-27T20:50:08Z,232,4.0,0.0,4.0,17.8,65.1,16.976,78.579,31.0
2026-09-27T20:55:08Z,232,1.0,1.0,1.0,17.7,65.4,17.082,78.548,31.0
2026-09-27T21:00:08Z,232,0.0,0.0,0.0,17.6,65.7,17.098,78.709,31.0
2026-09-27T21:05:08Z,232,1.0,1.0,1.0,17.5,65.9,16.858,79.027,31.0
2026-09-27T21:10:08Z,232,0.0,0.0,0.0,17.5,66.1,17.098,78.565,31.0
2026-09-27T21:15:08Z,232,2.0,0.0,2.0,17.5,66.1,17.256,78.1,31.0
2026-09-27T21:20:08Z,232,1.0,0.0,1.0,17.5,65.9,17.315,77.497,31.0
2026-09-27T21:25:08Z,232,4.0,1.0,5.0,17.5,66.0,17.0,78.003,31.0
2026-09-27T21:30:08Z,232,2.0,0.0,2.0,17.4,66.0,16.855,78.947,31.0
2026-09-27T21:35:08Z,232,0.0,0.0,0.0,17.3,66.2,16.762,79.233,31.0
2026-09-27T21:40:08Z,232,0.0,0.0,0.0,17.3,66.2,16.746,78.056,31.0
2026-09-27T21:45:08Z,232,2.0,0.0,2.0,17.2,66.4,16.96,78.731,31.0
2026-09-27T21:50:08Z,232,1.0,1.0,3.0,17.2,66.5,17.072,78.117,31.0
2026-09-27T21:55:08Z,232,7.0,5.0,8.0,17.2,66.7,16.778,78.987,31.0
2026-09-27T22:00:08Z,232,4.0,0.0,4.0,17.1,66.4,16.968,78.121,31.0
2026-09-27T22:05:08Z,232,4.0,2.0,5.0,17.2,66.7,16.936,78.539,31.0
2026-09-27T22:10:08Z,232,9.0,6.0,11.0,17.1,66.7,17.112,78.211,31.0
2026-09-27T22:15:08Z,232,22.0,12.0,23.0,17.1,66.7,16.984,78.491,31.0
2026-09-27T22:20:08Z,232,6.0,3.0,6.0,17.1,66.8,16.909,78.609,31.0
2026-09-27T22:25:08Z,232,0.0,0.0,0.0,17.1,66.9,16.944,78.174,31.0
2026-09-27T22:30:08Z,232,22.0,11.0,22.0,17.1,67.0,16.938,78.714,31.0
2026-09-27T22:35:08Z,232,13.0,5.0,14.0,17.0,66.9,16.869,78.84,31.0
2026-09-27T22:40:08Z,232,17.0,8.0,20.0,17.0,66.8,16.629,79.021,31.0
2026-09-27T22:45:09Z,232,11.0,6.0,11.0,16.9,67.1,16.484,79.765,31.0
2026-09-27T22:50:08Z,232,7.0,5.0,8.0,16.9,67.1,16.412,80.244,31.0
2026-09-27T22:55:08Z,232,8.0,4.0,8.0,16.8,67.2,16.466,80.023,31.0
2026-09-27T23:00:08Z,232,4.0,1.0,4.0,16.8,67.3,16.535,80.07,31.0
2026-09-27T23:05:08Z,232,7.0,4.0,10.0,16.7,67.6,16.495,79.817,31.0
2026-09-27T23:10:08Z,232,13.0,6.0,14.0,16.7,67.5,16.41,80.889,31.0
2026-09-27T23:15:08Z,232,8.0,5.0,8.0,16.7,67.7,16.303,80.116,31.0
2026-09-27T23:20:08Z,232,3.0,2.0,3.0,16.6,68.0,16.281,81.106,31.0
2026-09-27T23:25:11Z,232,0.0,0.0,0.0,16.5,67.9,16.183,80.898,31.0
2026-09-27T23:30:08Z,232,5.0,2.0,5.0,16.5,67.9,16.145,80.572,31.0
2026-09-27T23:35:08Z,232,4.0,2.0,5.0,16.4,67.9,16.321,80.303,31.0
2026-09-27T23:40:08Z,232,7.0,3.0,7.0,16.4,67.8,16.185,79.758,31.0
2026-09-27T23:45:08Z,232,40.0,26.0,48.0,16.4,68.0,16.084,80.728,31.0
2026-09-27T23:50:08Z,232,33.0,23.0,36.0,16.4,67.7,16.212,79.401,31.0
2026-09-27T23:55:08Z,232,41.0,28.0,50.0,16.3,68.0,16.249,79.855,31.0
2026-09-28T00:00:08Z,232,51.0,33.0,63.0,16.4,68.1,16.308,80.143,31.0
2026-09-28T00:05:08Z,232,51.0,34.0,63.0,16.4,68.3,16.348,79.908,31.0
2026-09-28T00:10:08Z,232,51.0,34.0,63.0,16.3,68.0,16.273,80.028,31.0
2026-09-28T00:15:08Z,232,67.0,44.0,75.0,16.3,68.0,16.225,79.733,31.0
2026-09-28T00:20:08Z,232,56.0,36.0,67.0,16.3,67.7,16.193,79.681,31.0
2026-09-28T00:25:08Z,232,83.0,54.0,86.0,16.2,67.9,16.089,79.679,31.0
2026-09-28T00:30:08Z,232,50.0,33.0,63.0,16.2,67.8,15.945,79.842,31.0
2026-09-28T00:35:08Z,232,18.0,5.0,18.0,16.1,67.8,15.859,80.074,31.0
2026-09-28T00:40:08Z,232,37.0,23.0,42.0,16.0,67.7,15.705,80.006,31.0
2026-09-28T00:45:08Z,232,51.0,34.0,62.0,15.9,68.1,15.67,80.32,31.0
2026-09-28T00:50:08Z,232,92.0,60.0,96.0,15.9,67.9,15.488,80.32,31.0
2026-09-28T00:55:08Z,232,19.0,8.0,22.0,15.8,67.9,15.301,80.299,31.0
2026-09-28T01:00:08Z,232,24.0,17.0,25.0,15.7,68.1,15.339,80.423,31.0
2026-09-28T01:05:08Z,232,50.0,33.0,61.0,15.6,68.2,15.371,80.397,31.0
2026-09-28T01:10:09Z,232,50.0,33.0,62.0,15.6,68.6,15.352,80.906,31.0
2026-09-28T01:15:08Z,232,57.0,35.0,69.0,15.6,68.6,15.309,80.788,31.0
2026-09-28T01:20:09Z,232,40.0,26.0,47.0,15.6,68.5,15.32,80.9,31.0
2026-09-28T01:25:08Z,232,49.0,31.0,60.0,15.6,68.7,15.365,81.083,31.0
2026-09-28T01:30:08Z,232,39.0,26.0,45.0,15.5,68.9,15.371,80.931,31.0
2026-09-28T01:35:08Z,232,30.0,20.0,33.0,15.5,68.9,15.392,80.65,31.0
2026-09-28T01:40:09Z,232,33.0,22.0,38.0,15.6,69.0,15.451,80.755,31.0
2026-09-28T01:45:08Z,232,29.0,19.0,31.0,15.6,69.2,15.397,80.755,31.0
2026-09-28T01:50:09Z,232,19.0,8.0,22.0,15.6,69.0,15.448,80.711,31.0
2026-09-28T01:55:08Z,232,16.0,8.0,18.0,15.6,69.2,15.539,80.776,31.0
2026-09-28T02:00:08Z,232,12.0,5.0,14.0,15.7,69.3,15.55,80.894,31.0
2026-09-28T02:05:08Z,232,19.0,8.0,19.0,15.7,69.5,15.55,81.026,31.0
2026-09-28T02:10:09Z,232,14.0,6.0,15.0,15.6,69.8,15.571,81.406,31.0
2026-09-28T02:15:08Z,232,11.0,7.0,12.0,15.7,69.8,15.622,81.448,31.0
2026-09-28T02:20:08Z,232,18.0,7.0,18.0,15.6,69.6,15.638,81.379,31.0
2026-09-28T02:25:08Z,232,30.0,21.0,34.0,15.7,69.3,15.606,80.709,31.0
2026-09-28T02:30:09Z,232,24.0,15.0,26.0,15.7,69.0,15.649,80.36,31.0
2026-09-28T02:35:09Z,232,30.0,18.0,30.0,15.8,69.0,15.694,80.118,31.0
2026-09-28T02:40:08Z,232,24.0,16.0,24.0,15.8,68.9,15.673,80.242,31.0
2026-09-28T02:45:09Z,232,26.0,15.0,26.0,15.8,69.0,15.726,80.219,31.0
2026-09-28T02:50:08Z,232,28.0,19.0,31.0,15.8,69.0,15.785,80.379,31.0
2026-09-28T02:55:09Z,232,35.0,24.0,40.0,15.8,69.3,15.809,80.343,31.0
2026-09-28T03:00:09Z,232,24.0,13.0,26.0,15.8,69.2,15.83,80.36,31.0
2026-09-28T03:05:09Z,232,8.0,4.0,9.0,15.8,69.4,15.713,81.175,31.0
2026-09-28T03:10:09Z,232,8.0,4.0,8.0,15.8,69.4,15.771,80.934,31.0
2026-09-28T03:15:08Z,232,9.0,4.0,9.0,15.9,69.4,15.806,80.711,31.0
2026-09-28T03:20:09Z,232,8.0,3.0,9.0,15.8,69.5,15.838,81.009,31.0
2026-09-28T03:25:09Z,232,8.0,4.0,8.0,15.9,69.5,15.908,80.896,31.0
2026-09-28T03:30:08Z,232,26.0,15.0,27.0,15.9,69.6,15.817,81.106,31.0
2026-09-28T03:35:08Z,232,29.0,18.0,32.0,15.9,69.4,15.849,80.997,31.0
2026-09-28T03:40:09Z,232,33.0,22.0,37.0,15.9,69.1,15.675,80.767,31.0
2026-09-28T03:45:08Z,232,33.0,21.0,38.0,15.9,69.0,15.697,81.02,31.0
2026-09-28T03:50:09Z,232,27.0,17.0,28.0,15.9,68.7,15.547,80.858,31.0
2026-09-28T03:55:09Z,232,28.0,18.0,30.0,15.9,68.8,15.638,80.694,31.0
2026-09-28T04:00:08Z,232,26.0,15.0,29.0,15.9,68.7,15.576,80.622,31.0
2026-09-28T04:05:08Z,232,29.0,18.0,33.0,15.8,68.7,15.592,80.58,31.0
2026-09-28T04:10:09Z,232,29.0,20.0,31.0,15.8,68.6,15.464,80.393,31.0
2026-09-28T04:15:09Z,232,28.0,17.0,33.0,15.7,68.4,15.411,80.437,31.0
2026-09-28T04:20:09Z,232,25.0,13.0,26.0,15.7,68.3,15.347,80.242,31.0
2026-09-28T04:25:09Z,232,25.0,15.0,26.0,15.6,68.4,15.328,80.315,31.0
2026-09-28T04:30:08Z,232,28.0,15.0,28.0,15.6,68.6,15.333,80.355,31.0
2026-09-28T04:35:09Z,232,32.0,20.0,36.0,15.6,68.7,15.28,80.469,31.0
2026-09-28T04:40:08Z,232,37.0,24.0,45.0,15.5,68.6,15.232,80.664,31.0
2026-09-28T04:45:09Z,232,33.0,22.0,37.0,15.5,68.8,15.184,80.532,31.0
2026-09-28T04:50:09Z,232,32.0,22.0,34.0,15.4,68.7,15.032,80.484,31.0
2026-09-28T04:55:09Z,232,30.0,20.0,31.0,15.4,68.5,14.93,80.688,31.0
2026-09-28T05:00:08Z,232,28.0,17.0,29.0,15.3,68.8,14.92,80.759,31.0
2026-09-28T05:05:09Z,232,27.0,15.0,27.0,15.3,68.9,14.952,80.812,31.0
2026-09-28T05:10:08Z,232,25.0,11.0,25.0,15.3,68.9,14.96,80.65,31.0
2026-09-28T05:15:09Z,232,20.0,7.0,22.0,15.2,68.8,14.938,80.404,31.0
2026-09-28T05:20:09Z,232,23.0,8.0,23.0,15.3,68.8,14.938,80.252,31.0
2026-09-28T05:25:09Z,232,20.0,8.0,20.0,15.2,69.1,14.837,80.654,31.0
2026-09-28T05:30:09Z,232,19.0,7.0,19.0,15.2,69.1,14.802,81.026,31.0
2026-09-28T05:35:09Z,232,19.0,7.0,20.0,15.2,69.0,14.839,80.702,31.0
2026-09-28T05:40:09Z,232,18.0,8.0,19.0,15.1,69.0,14.749,80.877,31.0
2026-09-28T05:45:09Z,232,27.0,16.0,30.0,15.1,69.0,14.698,80.931,31.0
2026-09-28T05:50:09Z,232,20.0,8.0,23.0,15.1,69.0,14.644,80.969,31.0
2026-09-28T05:55:08Z,232,22.0,8.0,22.0,15.0,69.3,14.559,81.669,31.0
2026-09-28T06:00:09Z,232,19.0,6.0,20.0,15.0,69.3,14.543,81.707,31.0
2026-09-28T06:05:09Z,232,11.0,5.0,13.0,15.0,69.6,14.554,81.964,31.0
2026-09-28T06:10:09Z,232,14.0,5.0,16.0,15.0,69.7,14.423,81.762,31.0
2026-09-28T06:15:08Z,232,20.0,8.0,23.0,14.9,69.3,14.166,82.426,31.0
2026-09-28T06:20:09Z,232,19.0,6.0,20.0,14.9,69.5,14.124,82.497,31.0
2026-09-28T06:25:09Z,232,15.0,5.0,18.0,14.8,69.3,14.038,82.167,31.0
2026-09-28T06:30:09Z,232,13.0,5.0,14.0,14.8,69.4,13.95,83.008,31.0
2026-09-28T06:35:09Z,232,15.0,5.0,17.0,14.7,69.5,13.972,82.638,31.0
2026-09-28T06:40:09Z,232,12.0,5.0,13.0,14.7,69.7,14.009,82.788,31.0
2026-09-28T06:45:09Z,232,8.0,4.0,9.0,14.7,69.8,13.918,82.766,31.0
2026-09-28T06:50:08Z,232,11.0,4.0,15.0,14.6,69.5,13.923,82.735,31.0
2026-09-28T06:55:09Z,232,6.0,3.0,8.0,14.6,69.2,13.691,82.436,31.0
2026-09-28T07:00:09Z,232,8.0,3.0,8.0,14.5,69.3,13.782,82.519,31.0
2026-09-28T07:05:09Z,232,7.0,2.0,7.0,14.5,69.0,13.686,81.667,31.0
2026-09-28T07:10:08Z,232,5.0,2.0,5.0,14.5,68.9,13.718,82.228,31.0
2026-09-28T07:15:09Z,232,13.0,5.0,13.0,14.4,69.0,13.574,82.254,31.0
2026-09-28T07:20:09Z,232,7.0,4.0,8.0,14.4,69.2,13.523,82.451,31.0
2026-09-28T07:25:09Z,232,7.0,4.0,7.0,14.3,69.4,13.603,82.512,31.0
2026-09-28T07:30:09Z,232,13.0,6.0,15.0,14.3,69.0,13.512,81.873,31.0
2026-09-28T07:35:09Z,232,11.0,4.0,13.0,14.2,68.7,13.315,81.594,31.0
2026-09-28T07:40:09Z,232,7.0,3.0,7.0,14.2,68.6,13.128,81.945,31.0
2026-09-28T07:45:09Z,232,9.0,4.0,11.0,14.1,69.0,13.221,82.275,31.0
2026-09-28T07:50:09Z,232,11.0,4.0,11.0,14.1,69.4,13.157,82.436,31.0
2026-09-28T07:55:09Z,232,9.0,4.0,9.0,14.0,69.5,13.136,82.991,31.0
2026-09-28T08:00:09Z,232,9.0,3.0,11.0,14.0,69.7,13.264,82.933,31.0
2026-09-28T08:05:09Z,232,8.0,4.0,8.0,14.0,69.9,13.333,82.165,31.0
2026-09-28T08:10:09Z,232,8.0,4.0,9.0,14.1,69.9,13.384,82.39,31.0
2026-09-28T08:15:09Z,232,13.0,4.0,16.0,14.0,70.0,13.4,82.323,31.0
2026-09-28T08:20:09Z,232,18.0,5.0,21.0,14.1,69.7,13.421,82.436,31.0
2026-09-28T08:25:09Z,232,12.0,4.0,15.0,14.0,69.7,13.368,81.995,31.0
2026-09-28T08:30:09Z,232,15.0,5.0,16.0,14.1,69.8,13.464,82.178,31.0
2026-09-28T08:35:09Z,232,11.0,4.0,13.0,14.1,69.7,13.456,81.64,31.0
2026-09-28T08:40:09Z,232,12.0,6.0,14.0,14.1,69.6,13.451,81.739,31.0
2026-09-28T08:45:09Z,232,19.0,6.0,21.0,14.0,69.6,13.451,81.934,31.0
2026-09-28T08:50:09Z,232,14.0,6.0,18.0,14.1,69.3,13.424,81.177,31.0
2026-09-28T08:55:09Z,232,13.0,5.0,15.0,14.1,69.2,13.325,81.043,31.0
2026-09-28T09:00:09Z,232,13.0,7.0,17.0,14.1,69.0,13.261,81.129,31.0
2026-09-28T09:05:09Z,232,12.0,5.0,16.0,14.0,69.0,13.341,81.428,31.0
2026-09-28T09:10:09Z,232,12.0,5.0,14.0,14.0,68.7,13.251,81.284,31.0
2026-09-28T09:15:09Z,232,11.0,5.0,11.0,13.9,68.4,13.122,80.984,31.0
2026-09-28T09:20:09Z,232,12.0,5.0,13.0,13.9,68.5,13.008,81.041,31.0
2026-09-28T09:25:09Z,232,8.0,4.0,8.0,13.7,68.4,12.906,81.058,31.0
2026-09-28T09:30:09Z,232,11.0,4.0,12.0,13.7,68.2,12.794,81.028,31.0
2026-09-28T09:35:09Z,232,12.0,6.0,13.0,13.6,68.4,12.714,81.526,31.0
2026-09-28T09:40:09Z,232,13.0,5.0,14.0,13.5,68.7,12.591,81.451,31.0
2026-09-28T09:45:09Z,232,8.0,3.0,8.0,13.4,68.7,12.508,81.434,31.0
2026-09-28T09:50:09Z,232,8.0,4.0,8.0,13.3,68.5,12.46,81.472,31.0
2026-09-28T09:55:09Z,232,42.0,25.0,51.0,13.3,68.5,12.359,81.417,31.0
2026-09-28T10:00:09Z,232,42.0,26.0,51.0,13.2,68.4,12.353,81.48,31.0
2026-09-28T10:05:09Z,232,15.0,7.0,17.0,13.2,68.4,12.156,80.872,31.0
2026-09-28T10:10:09Z,232,12.0,5.0,12.0,13.1,68.2,11.929,81.276,31.0
2026-09-28T10:15:09Z,232,6.0,2.0,6.0,13.0,67.7,11.678,80.879,31.0
2026-09-28T10:20:10Z,232,4.0,2.0,4.0,12.9,67.8,11.672,80.992,31.0
2026-09-28T10:25:09Z,232,3.0,0.0,3.0,12.8,67.9,11.619,80.776,31.0
2026-09-28T10:30:10Z,232,6.0,1.0,6.0,12.7,68.1,11.531,80.986,31.0
2026-09-28T10:35:09Z,232,3.0,1.0,4.0,12.6,67.9,11.387,81.282,31.0
2026-09-28T10:40:09Z,232,8.0,4.0,8.0,12.6,68.5,11.547,81.573,31.0
2026-09-28T10:45:09Z,232,16.0,7.0,18.0,12.5,69.0,11.632,81.72,31.0
2026-09-28T10:50:09Z,232,23.0,7.0,23.0,12.5,69.6,11.752,82.136,31.0
2026-09-28T10:55:09Z,232,38.0,23.0,44.0,12.5,70.1,11.678,82.739,31.0
2026-09-28T11:00:09Z,232,36.0,23.0,39.0,12.6,70.5,11.902,82.939,31.0
2026-09-28T11:05:09Z,232,43.0,27.0,50.0,12.6,71.1,12.089,83.237,31.0
2026-09-28T11:10:09Z,232,34.0,22.0,37.0,12.7,71.4,12.233,83.115,31.0
2026-09-28T11:15:09Z,232,21.0,8.0,23.0,12.8,71.3,12.369,82.479,31.0
2026-09-28T11:20:09Z,232,23.0,8.0,24.0,12.9,71.3,12.781,82.727,31.0
2026-09-28T11:25:10Z,232,11.0,4.0,12.0,13.1,71.4,15.499,73.936,31.0
2026-09-28T11:30:09Z,232,13.0,6.0,16.0,13.4,70.1,16.706,67.173,31.0
2026-09-28T11:35:09Z,232,19.0,5.0,20.0,13.8,69.8,17.643,64.487,31.0
2026-09-28T11:40:10Z,232,5.0,3.0,7.0,14.3,68.7,18.524,64.371,31.0
2026-09-28T11:45:10Z,232,5.0,2.0,5.0,14.8,67.5,20.228,56.819,31.0
2026-09-28T11:50:09Z,232,11.0,5.0,12.0,15.4,66.3,21.216,54.885,31.0
2026-09-28T11:55:09Z,232,17.0,7.0,21.0,16.1,64.8,22.324,51.858,31.0
2026-09-28T12:00:09Z,232,18.0,7.0,18.0,16.7,64.0,22.324,52.433,31.0
2026-09-28T12:05:10Z,232,19.0,8.0,22.0,17.3,62.3,22.682,51.538,31.0
2026-09-28T12:10:10Z,232,27.0,17.0,28.0,18.0,60.7,23.531,50.628,31.0
2026-09-28T12:15:09Z,232,33.0,21.0,38.0,18.6,59.8,24.434,48.854,31.0
2026-09-28T12:20:09Z,232,32.0,20.0,33.0,19.1,58.1,24.047,49.673,31.0
2026-09-28T12:25:10Z,232,33.0,22.0,37.0,19.5,57.0,23.31,49.972,31.0
2026-09-28T12:30:10Z,232,24.0,16.0,25.0,19.9,55.2,23.032,50.809,31.0
2026-09-28T12:35:10Z,232,27.0,17.0,31.0,20.1,54.8,23.732,48.952,31.0
2026-09-28T12:40:10Z,232,29.0,20.0,30.0,20.4,53.8,22.709,51.403,31.0
2026-09-28T12:45:09Z,232,29.0,19.0,29.0,20.6,52.8,21.844,53.073,31.0
2026-09-28T12:50:09Z,232,27.0,17.0,28.0,20.7,52.8,21.213,55.61,31.0
2026-09-28T12:55:09Z,232,23.0,8.0,25.0,20.8,52.2,22.3,52.322,31.0
2026-09-28T13:00:10Z,232,15.0,5.0,16.0,20.8,51.5,22.14,53.104,31.0
2026-09-28T13:05:10Z,232,22.0,9.0,23.0,20.9,51.1,22.199,51.319,31.0
2026-09-28T13:10:09Z,232,27.0,15.0,28.0,20.8,50.8,21.371,55.177,31.0
2026-09-28T13:15:10Z,232,25.0,14.0,27.0,20.7,50.8,20.428,56.2,31.0
2026-09-28T13:20:10Z,232,21.0,7.0,22.0,20.6,51.2,19.435,59.208,31.0
2026-09-28T13:25:09Z,232,24.0,12.0,28.0,20.3,51.4,18.169,63.585,31.0
2026-09-28T13:30:10Z,232,27.0,15.0,29.0,20.2,51.6,18.581,61.948,31.0
2026-09-28T13:35:09Z,232,35.0,21.0,41.0,20.0,52.4,18.348,62.837,31.0
2026-09-28T13:40:10Z,232,24.0,13.0,25.0,19.8,53.0,18.231,64.785,31.0
2026-09-28T13:45:09Z,232,15.0,7.0,16.0,19.6,52.5,18.733,61.988,31.0
2026-09-28T13:50:10Z,232,8.0,5.0,11.0,19.5,53.2,18.621,63.095,31.0
2026-09-28T13:55:10Z,232,17.0,6.0,18.0,19.3,53.4,18.383,63.026,31.0
2026-09-28T14:00:10Z,232,26.0,13.0,26.0,19.2,53.5,19.189,61.288,31.0
2026-09-28T14:05:09Z,232,33.0,19.0,39.0,19.2,52.9,18.725,60.974,31.0
2026-09-28T14:10:10Z,232,25.0,15.0,25.0,19.2,52.9,19.398,59.932,31.0
2026-09-28T14:15:09Z,232,12.0,7.0,14.0,19.2,52.9,19.243,58.998,31.0
2026-09-28T14:20:10Z,232,6.0,3.0,7.0,19.2,52.7,19.374,59.152,31.0
2026-09-28T14:25:10Z,232,8.0,4.0,8.0,19.3,52.8,19.294,60.152,31.0
2026-09-28T14:30:09Z,232,7.0,4.0,7.0,19.3,52.4,19.545,58.553,31.0
2026-09-28T14:35:10Z,232,7.0,4.0,8.0,19.4,52.5,19.213,59.335,31.0
2026-09-28T14:40:09Z,232,0.0,0.0,0.0,19.4,49.4,19.294,54.485,31.0
2026-09-28T14:45:10Z,232,1.0,0.0,1.0,19.4,49.5,19.307,55.316,31.0
2026-09-28T14:50:10Z,232,0.0,0.0,0.0,19.4,48.7,18.976,54.582,31.0
2026-09-28T14:55:09Z,232,0.0,0.0,0.0,19.3,49.0,19.131,54.689,31.0
2026-09-28T15:00:10Z,232,0.0,0.0,2.0,19.3,49.3,19.253,55.326,31.0
2026-09-28T15:05:10Z,232,1.0,0.0,1.0,19.3,48.6,19.144,54.145,31.0
2026-09-28T15:10:10Z,232,3.0,0.0,3.0,19.3,48.2,19.144,53.304,31.0
2026-09-28T15:15:09Z,232,1.0,0.0,1.0,19.3,49.1,19.571,56.23,31.0
2026-09-28T15:20:10Z,232,0.0,0.0,0.0,19.4,49.0,19.55,55.398,31.0
2026-09-28T15:25:09Z,232,0.0,0.0,1.0,19.4,48.6,19.603,54.313,31.0
2026-09-28T15:30:10Z,232,0.0,0.0,1.0,19.5,48.5,19.488,54.113,31.0
2026-09-28T15:35:10Z,232,0.0,0.0,0.0,19.5,48.5,19.702,52.642,31.0
2026-09-28T15:40:10Z,232,1.0,0.0,1.0,19.6,48.5,19.809,53.861,31.0
2026-09-28T15:45:09Z,232,1.0,0.0,1.0,19.6,47.7,19.494,53.871,31.0
2026-09-28T15:50:10Z,232,0.0,0.0,0.0,19.6,47.5,19.398,53.009,31.0
2026-09-28T15:55:10Z,232,5.0,0.0,6.0,19.6,47.5,19.934,51.605,31.0
2026-09-28T16:00:09Z,232,0.0,0.0,0.0,19.7,47.5,19.518,54.235,31.0
2026-09-28T16:05:10Z,232,0.0,0.0,0.0,19.7,47.3,19.587,52.959,31.0
2026-09-28T16:10:10Z,232,0.0,0.0,1.0,19.7,47.3,20.014,52.305,31.0
2026-09-28T16:15:10Z,232,0.0,0.0,0.0,19.7,47.4,20.201,52.356,31.0
2026-09-28T16:20:10Z,232,0.0,0.0,0.0,19.8,47.3,20.087,52.646,31.0
2026-09-28T16:25:10Z,232,0.0,0.0,0.0,19.8,46.7,19.937,51.839,31.0
2026-09-28T16:30:09Z,232,0.0,0.0,0.0,19.9,47.6,20.364,52.789,31.0
2026-09-28T16:35:10Z,232,0.0,0.0,0.0,19.9,47.3,20.044,52.886,31.0
2026-09-28T16:40:10Z,232,0.0,0.0,0.0,20.0,47.4,20.533,52.005,31.0
2026-09-28T16:45:10Z,232,0.0,0.0,0.0,20.0,47.9,20.143,54.208,31.0
2026-09-28T16:50:09Z,232,0.0,0.0,0.0,20.0,46.4,20.105,52.659,31.0
2026-09-28T16:55:10Z,232,0.0,0.0,0.0,20.0,47.6,19.577,55.154,31.0
2026-09-28T17:00:10Z,232,0.0,0.0,0.0,20.0,47.4,19.793,54.151,31.0
2026-09-28T17:05:10Z,232,0.0,0.0,1.0,20.0,46.8,20.241,52.438,31.0
2026-09-28T17:10:10Z,232,0.0,0.0,0.0,19.9,47.9,19.771,55.11,31.0
2026-09-28T17:15:10Z,232,0.0,0.0,0.0,19.9,48.5,20.241,55.347,31.0
2026-09-28T17:20:10Z,232,0.0,0.0,0.0,19.9,49.2,19.387,58.563,31.0
2026-09-28T17:25:10Z,232,0.0,0.0,0.0,19.8,49.7,19.886,57.96,31.0
2026-09-28T17:30:10Z,232,0.0,0.0,0.0,19.8,48.5,19.993,55.166,31.0
2026-09-28T17:35:10Z,232,0.0,0.0,0.0,19.9,48.5,20.196,54.414,31.0
2026-09-28T17:40:10Z,232,0.0,0.0,0.0,19.8,48.1,19.785,54.773,31.0
2026-09-28T17:45:10Z,232,0.0,0.0,0.0,19.8,47.9,19.985,53.968,31.0
2026-09-28T17:50:10Z,232,0.0,0.0,0.0,19.8,47.6,19.868,53.766,31.0
2026-09-28T17:55:10Z,232,2.0,0.0,2.0,19.8,47.1,19.595,54.056,31.0
2026-09-28T18:00:10Z,232,0.0,0.0,0.0,19.7,46.7,19.718,52.816,31.0
2026-09-28T18:05:10Z,232,0.0,0.0,0.0,19.7,46.1,19.988,50.985,31.0
2026-09-28T18:10:10Z,232,0.0,0.0,0.0,19.7,46.5,19.897,52.135,31.0
2026-09-28T18:15:10Z,232,0.0,0.0,0.0,19.7,46.4,19.998,51.843,31.0
2026-09-28T18:20:10Z,232,0.0,0.0,0.0,19.8,45.8,20.1,50.186,31.0
2026-09-28T18:25:10Z,232,0.0,0.0,0.0,19.8,46.1,20.151,51.601,31.0
2026-09-28T18:30:10Z,232,0.0,0.0,0.0,19.8,45.5,19.622,51.311,31.0
2026-09-28T18:35:10Z,232,0.0,0.0,0.0,19.8,45.7,19.921,51.311,31.0
2026-09-28T18:40:10Z,232,0.0,0.0,0.0,19.7,45.6,19.488,52.679,31.0
2026-09-28T18:45:10Z,232,0.0,0.0,0.0,19.6,45.9,19.195,53.67,31.0
2026-09-28T18:50:10Z,232,0.0,0.0,0.0,19.5,46.1,19.096,53.794,31.0
2026-09-28T18:55:10Z,232,0.0,0.0,0.0,19.4,46.6,18.984,53.705,31.0
2026-09-28T19:00:10Z,232,0.0,0.0,0.0,19.3,47.0,19.064,54.494,31.0
2026-09-28T19:05:10Z,232,0.0,0.0,0.0,19.2,47.3,19.245,53.567,31.0
2026-09-28T19:10:10Z,232,1.0,0.0,1.0,19.1,47.3,19.304,53.356,31.0
2026-09-28T19:15:10Z,232,0.0,0.0,0.0,19.1,46.5,18.639,54.462,31.0
2026-09-28T19:20:10Z,232,0.0,0.0,0.0,19.0,47.4,18.698,54.674,31.0
2026-09-28T19:25:10Z,232,0.0,0.0,0.0,18.9,46.9,18.319,55.04,31.0
2026-09-28T19:30:10Z,232,0.0,0.0,0.0,18.8,47.7,18.714,55.343,31.0
2026-09-28T19:35:10Z,232,0.0,0.0,0.0,18.7,47.2,18.765,53.939,31.0
2026-09-28T19:40:10Z,232,0.0,0.0,0.0,18.6,47.5,18.605,53.234,31.0
2026-09-28T19:45:10Z,232,0.0,0.0,0.0,18.6,47.1,18.263,54.731,31.0
2026-09-28T19:50:10Z,232,0.0,0.0,0.0,18.5,47.0,18.193,54.348,31.0
2026-09-28T19:55:10Z,232,0.0,0.0,0.0,18.4,47.5,18.025,54.5,31.0
2026-09-28T20:00:10Z,232,0.0,0.0,0.0,18.3,47.2,17.491,55.616,31.0
2026-09-28T20:05:10Z,232,0.0,0.0,0.0,18.2,47.6,18.303,54.113,31.0
2026-09-28T20:10:10Z,232,0.0,0.0,0.0,18.1,46.9,17.878,53.224,31.0
2026-09-28T20:15:10Z,232,0.0,0.0,0.0,18.1,47.4,18.081,53.47,31.0
2026-09-28T20:20:10Z,232,0.0,0.0,0.0,18.1,46.3,18.199,51.687,31.0
2026-09-28T20:25:10Z,232,0.0,0.0,0.0,18.0,45.4,18.124,49.673,31.0
2026-09-28T20:30:10Z,232,0.0,0.0,0.0,18.0,45.3,18.009,50.743,31.0
2026-09-28T20:35:10Z,232,0.0,0.0,0.0,18.0,45.8,17.854,50.207,31.0
2026-09-28T20:40:10Z,232,2.0,0.0,2.0,17.9,45.0,17.902,49.465,31.0
2026-09-28T20:45:10Z,232,0.0,0.0,0.0,17.9,45.1,17.55,51.771,31.0
2026-09-28T20:50:10Z,232,0.0,0.0,0.0,17.8,46.0,17.48,52.326,31.0
2026-09-28T20:55:10Z,232,0.0,0.0,0.0,17.8,45.9,17.451,52.843,31.0
2026-09-28T21:00:10Z,232,0.0,0.0,0.0,17.8,45.8,17.253,52.621,31.0
2026-09-28T21:05:10Z,232,0.0,0.0,0.0,17.7,47.0,17.52,54.229,31.0
2026-09-28T21:10:10Z,232,0.0,0.0,0.0,17.6,46.7,17.446,52.648,31.0
2026-09-28T21:15:10Z,232,0.0,0.0,0.0,17.6,47.5,17.539,54.794,31.0
2026-09-28T21:20:10Z,232,0.0,0.0,0.0,17.5,46.7,17.288,53.663,31.0
2026-09-28T21:25:10Z,232,0.0,0.0,0.0,17.5,47.6,17.09,54.784,31.0
2026-09-28T21:30:10Z,232,2.0,0.0,2.0,17.4,46.1,16.978,53.012,31.0
2026-09-28T21:35:10Z,232,0.0,0.0,0.0,17.3,46.6,16.839,54.027,31.0
2026-09-28T21:40:10Z,232,1.0,0.0,1.0,17.2,47.1,17.029,54.101,31.0
2026-09-28T21:45:10Z,232,0.0,0.0,0.0,17.1,47.6,16.693,55.408,31.0
2026-09-28T21:50:10Z,232,2.0,0.0,2.0,17.1,48.2,16.746,55.631,31.0
2026-09-28T21:55:10Z,232,4.0,2.0,4.0,17.0,48.2,16.5,55.721,31.0
2026-09-28T22:00:11Z,232,2.0,0.0,4.0,16.9,48.2,16.281,56.938,31.0
2026-09-28T22:05:11Z,232,0.0,0.0,0.0,16.8,48.6,16.236,56.182,31.0
2026-09-28T22:10:10Z,232,0.0,0.0,0.0,16.7,49.0,16.065,58.145,31.0
2026-09-28T22:15:10Z,232,0.0,0.0,0.0,16.6,49.9,16.167,59.158,31.0
2026-09-28T22:20:10Z,232,0.0,0.0,0.0,16.5,50.0,15.902,58.868,31.0
2026-09-28T22:25:10Z,232,0.0,0.0,0.0,16.4,50.1,15.651,60.205,31.0
2026-09-28T22:30:10Z,232,0.0,0.0,0.0,16.3,50.5,15.486,60.672,31.0
2026-09-28T22:35:10Z,232,0.0,0.0,0.0,16.1,50.5,15.496,59.757,31.0
2026-09-28T22:40:11Z,232,0.0,0.0,0.0,16.0,50.9,15.451,60.512,31.0
2026-09-28T22:45:10Z,232,0.0,0.0,0.0,15.9,51.1,15.173,61.529,31.0
2026-09-28T22:50:10Z,232,0.0,0.0,0.0,15.8,51.9,15.163,63.011,31.0
2026-09-28T22:55:10Z,232,2.0,0.0,2.0,15.7,52.3,15.136,62.69,31.0
2026-09-28T23:00:10Z,232,2.0,0.0,2.0,15.6,52.5,14.906,62.948,31.0
2026-09-28T23:05:11Z,232,6.0,4.0,6.0,15.5,52.9,14.759,63.245,31.0
2026-09-28T23:10:10Z,232,9.0,6.0,12.0,15.4,53.2,14.733,63.558,31.0
2026-09-28T23:15:11Z,232,9.0,6.0,9.0,15.2,53.2,14.466,63.516,31.0
2026-09-28T23:20:10Z,232,15.0,7.0,16.0,15.2,53.5,14.511,64.424,31.0
2026-09-28T23:25:11Z,232,11.0,7.0,12.0,15.1,53.6,14.372,64.218,31.0
2026-09-28T23:30:10Z,232,15.0,6.0,15.0,15.0,54.0,14.335,64.56,31.0
2026-09-28T23:35:10Z,232,19.0,7.0,20.0,14.9,54.6,14.276,65.321,31.0
2026-09-28T23:40:10Z,232,11.0,6.0,11.0,14.8,55.1,14.078,65.744,31.0
2026-09-28T23:45:11Z,232,17.0,8.0,18.0,14.7,55.0,14.097,65.931,31.0
2026-09-28T23:50:10Z,232,15.0,8.0,18.0,14.7,55.6,14.049,66.515,31.0
2026-09-28T23:55:11Z,232,20.0,7.0,20.0,14.6,55.6,14.001,66.555,31.0
2026-09-29T00:00:10Z,232,15.0,8.0,19.0,14.5,55.9,13.921,66.887,31.0
2026-09-29T00:05:11Z,232,24.0,15.0,27.0,14.4,56.5,13.865,67.701,31.0
2026-09-29T00:10:10Z,232,20.0,12.0,20.0,14.4,56.3,13.747,67.417,31.0
2026-09-29T00:15:10Z,232,19.0,8.0,19.0,14.3,56.7,13.683,67.901,31.0
2026-09-29T00:20:10Z,232,27.0,13.0,27.0,14.3,56.7,13.518,67.97,31.0
2026-09-29T00:25:10Z,232,25.0,15.0,26.0,14.2,57.1,13.432,68.523,31.0
2026-09-29T00:30:10Z,232,24.0,14.0,26.0,14.1,57.2,13.296,69.0,31.0
2026-09-29T00:35:10Z,232,20.0,9.0,24.0,14.0,57.5,13.36,69.08,31.0
2026-09-29T00:40:10Z,232,30.0,17.0,31.0,14.0,57.4,13.227,69.187,31.0
2026-09-29T00:45:11Z,232,25.0,16.0,27.0,13.9,57.8,13.237,69.412,31.0
2026-09-29T00:50:10Z,232,27.0,16.0,27.0,13.8,57.7,13.138,69.412,31.0
2026-09-29T00:55:11Z,232,23.0,11.0,23.0,13.7,58.0,12.829,70.001,31.0
2026-09-29T01:00:11Z,232,24.0,13.0,24.0,13.7,57.9,12.802,70.278,31.0
2026-09-29T01:05:11Z,232,28.0,20.0,29.0,13.6,58.5,12.676,71.052,31.0
2026-09-29T01:10:11Z,232,23.0,8.0,23.0,13.5,58.5,12.516,71.148,31.0
2026-09-29T01:15:10Z,232,37.0,24.0,44.0,13.4,58.7,12.457,71.449,31.0
2026-09-29T01:20:10Z,232,29.0,18.0,29.0,13.3,59.0,12.287,72.258,31.0
2026-09-29T01:25:10Z,232,36.0,25.0,40.0,13.2,59.1,12.228,72.162,31.0
2026-09-29T01:30:10Z,232,33.0,24.0,35.0,13.2,59.5,12.118,72.458,31.0
2026-09-29T01:35:11Z,232,26.0,18.0,26.0,13.0,59.7,12.06,72.977,31.0
2026-09-29T01:40:11Z,232,45.0,29.0,53.0,13.0,60.0,11.958,73.173,31.0
2026-09-29T01:45:10Z,232,55.0,36.0,68.0,13.0,60.4,11.937,73.025,31.0
2026-09-29T01:50:11Z,232,49.0,31.0,58.0,12.9,60.7,11.971,73.427,31.0
2026-09-29T01:55:11Z,232,34.0,24.0,39.0,12.9,60.8,11.859,73.545,31.0
2026-09-29T02:00:10Z,232,24.0,15.0,24.0,12.8,60.9,11.811,73.501,31.0
2026-09-29T02:05:10Z,232,12.0,6.0,12.0,12.8,61.0,11.747,73.936,31.0
2026-09-29T02:10:11Z,232,27.0,17.0,28.0,12.7,61.2,11.699,73.891,31.0
2026-09-29T02:15:11Z,232,23.0,11.0,24.0,12.6,61.3,11.579,74.386,31.0
2026-09-29T02:20:11Z,232,29.0,16.0,32.0,12.6,61.5,11.467,74.161,31.0
2026-09-29T02:25:11Z,232,48.0,31.0,57.0,12.5,61.5,11.456,74.44,31.0
2026-09-29T02:30:11Z,232,35.0,24.0,38.0,12.5,61.8,11.355,74.638,31.0
2026-09-29T02:35:11Z,232,35.0,20.0,38.0,12.4,61.6,11.288,74.882,31.0
2026-09-29T02:40:11Z,232,32.0,20.0,35.0,12.4,62.0,11.24,75.043,31.0
2026-09-29T02:45:10Z,232,21.0,11.0,21.0,12.3,62.1,11.17,75.006,31.0
2026-09-29T02:50:11Z,232,19.0,6.0,20.0,12.2,62.1,11.176,74.934,31.0
2026-09-29T02:55:11Z,232,14.0,6.0,15.0,12.2,61.8,11.128,75.107,31.0
2026-09-29T03:00:10Z,232,18.0,7.0,19.0,12.2,62.1,11.125,74.993,31.0
2026-09-29T03:05:11Z,232,8.0,5.0,8.0,12.1,62.4,11.088,74.922,31.0
2026-09-29T03:10:11Z,232,6.0,4.0,6.0,12.1,62.3,11.082,74.919,31.0
2026-09-29T03:15:11Z,232,3.0,2.0,4.0,12.1,62.5,11.034,74.648,31.0
2026-09-29T03:20:11Z,232,4.0,3.0,4.0,12.0,62.4,11.01,74.777,31.0
2026-09-29T03:25:11Z,232,3.0,0.0,3.0,12.0,62.5,11.064,74.716,31.0
2026-09-29T03:30:11Z,232,3.0,0.0,3.0,12.0,62.4,11.021,74.606,31.0
2026-09-29T03:35:10Z,232,1.0,0.0,1.0,12.0,62.5,11.021,74.476,31.0
2026-09-29T03:40:11Z,232,0.0,0.0,0.0,12.0,62.2,11.074,74.211,31.0
2026-09-29T03:45:11Z,232,0.0,0.0,0.0,12.0,62.2,11.04,74.144,31.0
2026-09-29T03:50:10Z,232,1.0,0.0,1.0,12.0,62.0,10.959,73.891,31.0
2026-09-29T03:55:11Z,232,0.0,0.0,0.0,12.0,62.1,10.943,74.15,31.0
2026-09-29T04:00:11Z,232,1.0,1.0,2.0,11.9,61.9,10.922,73.917,31.0
2026-09-29T04:05:11Z,232,1.0,0.0,2.0,11.9,62.1,10.887,73.997,31.0
2026-09-29T04:10:11Z,232,1.0,0.0,1.0,11.9,62.0,10.845,73.812,31.0
2026-09-29T04:15:11Z,232,0.0,0.0,0.0,11.9,61.8,10.775,73.946,31.0
2026-09-29T04:20:11Z,232,0.0,0.0,0.0,11.8,61.8,10.663,74.163,31.0
2026-09-29T04:25:11Z,232,0.0,0.0,0.0,11.8,61.8,10.607,74.1,31.0
2026-09-29T04:30:11Z,232,0.0,0.0,0.0,11.8,62.0,10.516,74.245,31.0
2026-09-29T04:35:11Z,232,1.0,0.0,1.0,11.7,62.1,10.452,74.381,31.0
2026-09-29T04:40:11Z,232,0.0,0.0,0.0,11.6,62.1,10.404,74.32,31.0
2026-09-29T04:45:11Z,232,0.0,0.0,0.0,11.6,62.3,10.383,74.642,31.0
2026-09-29T04:50:11Z,232,0.0,0.0,0.0,11.6,62.4,10.353,74.911,31.0
2026-09-29T04:55:11Z,232,0.0,0.0,0.0,11.6,62.6,10.364,74.671,31.0
2026-09-29T05:00:11Z,232,0.0,0.0,0.0,11.5,62.3,10.353,74.467,31.0
2026-09-29T05:05:11Z,232,0.0,0.0,0.0,11.5,62.3,10.252,74.457,31.0
2026-09-29T05:10:11Z,232,0.0,0.0,0.0,11.5,62.4,10.225,74.671,31.0
2026-09-29T05:15:11Z,232,0.0,0.0,0.0,11.4,62.3,10.094,74.703,31.0
2026-09-29T05:20:11Z,232,0.0,0.0,0.0,11.4,62.5,10.158,74.777,31.0
2026-09-29T05:25:10Z,232,0.0,0.0,0.0,11.3,62.5,10.132,74.65,31.0
2026-09-29T05:30:11Z,232,6.0,4.0,6.0,11.3,62.6,10.121,74.571,31.0
2026-09-29T05:35:11Z,232,0.0,0.0,0.0,11.3,62.4,10.038,74.776,31.0
2026-09-29T05:40:11Z,232,0.0,0.0,0.0,11.3,62.4,9.958,75.081,31.0
2026-09-29T05:45:11Z,232,0.0,0.0,0.0,11.2,62.8,9.937,75.67,31.0
2026-09-29T05:50:11Z,232,0.0,0.0,0.0,11.2,62.7,9.787,75.216,31.0
2026-09-29T05:55:11Z,232,0.0,0.0,0.0,11.2,62.8,9.755,75.79,31.0
2026-09-29T06:00:11Z,232,0.0,0.0,0.0,11.1,62.5,9.331,75.909,31.0
2026-09-29T06:05:11Z,232,0.0,0.0,0.0,11.0,62.8,9.443,76.185,31.0
2026-09-29T06:10:11Z,232,0.0,0.0,0.0,11.0,62.8,9.373,75.909,31.0
2026-09-29T06:15:11Z,232,0.0,0.0,0.0,10.9,63.0,9.496,76.195,31.0
2026-09-29T06:20:11Z,232,0.0,0.0,0.0,10.9,63.0,9.4,75.756,31.0
2026-09-29T06:25:11Z,232,0.0,0.0,0.0,10.9,62.9,9.301,75.584,31.0
2026-09-29T06:30:11Z,232,0.0,0.0,0.0,10.8,63.0,9.301,76.16,31.0
2026-09-29T06:35:11Z,232,0.0,0.0,0.0,10.7,63.4,9.301,76.095,31.0
2026-09-29T06:40:11Z,232,0.0,0.0,0.0,10.7,63.6,9.285,76.221,31.0
2026-09-29T06:45:11Z,232,0.0,0.0,0.0,10.7,63.6,9.237,76.227,31.0
2026-09-29T06:50:11Z,232,0.0,0.0,0.0,10.7,63.9,9.304,76.553,31.0
2026-09-29T06:55:11Z,232,0.0,0.0,0.0,10.7,63.3,9.122,76.036,31.0
2026-09-29T07:00:11Z,232,0.0,0.0,0.0,10.6,63.4,9.074,75.92,31.0
2026-09-29T07:05:11Z,232,0.0,0.0,0.0,10.6,63.9,9.079,76.71,31.0
2026-09-29T07:10:11Z,232,0.0,0.0,0.0,10.6,64.2,9.168,77.341,31.0
2026-09-29T07:15:11Z,232,0.0,0.0,0.0,10.5,63.9,9.12,76.2,31.0
2026-09-29T07:20:11Z,232,0.0,0.0,0.0,10.5,64.1,9.109,76.521,31.0
2026-09-29T07:25:11Z,232,0.0,0.0,0.0,10.5,64.0,9.093,76.515,31.0
2026-09-29T07:30:11Z,232,0.0,0.0,1.0,10.5,63.8,8.943,76.183,31.0
2026-09-29T07:35:11Z,232,0.0,0.0,0.0,10.5,63.9,8.951,76.462,31.0
2026-09-29T07:40:11Z,232,0.0,0.0,0.0,10.4,63.7,8.893,76.057,31.0
2026-09-29T07:45:11Z,232,0.0,0.0,0.0,10.4,63.8,8.861,76.221,31.0
2026-09-29T07:50:11Z,232,0.0,0.0,0.0,10.3,63.5,8.759,76.046,31.0
2026-09-29T07:55:11Z,232,0.0,0.0,0.0,10.4,63.5,8.823,76.021,31.0
2026-09-29T08:00:11Z,232,1.0,0.0,1.0,10.3,63.8,8.756,76.502,31.0
2026-09-29T08:05:11Z,232,0.0,0.0,0.0,10.3,63.6,8.65,76.031,31.0
2026-09-29T08:10:11Z,232,1.0,0.0,1.0,10.3,63.6,8.655,75.964,31.0
2026-09-29T08:15:11Z,232,0.0,0.0,0.0,10.2,63.3,8.559,75.819,31.0
2026-09-29T08:20:11Z,232,0.0,0.0,0.0,10.2,63.2,8.441,76.301,31.0
2026-09-29T08:25:11Z,232,0.0,0.0,0.0,10.2,63.2,8.391,76.149,31.0
2026-09-29T08:30:11Z,232,0.0,0.0,0.0,10.1,63.5,8.444,76.958,31.0
2026-09-29T08:35:11Z,232,0.0,0.0,0.0,10.1,63.3,8.353,76.097,31.0
2026-09-29T08:40:11Z,232,0.0,0.0,0.0,10.1,63.1,8.385,76.055,31.0
2026-09-29T08:45:11Z,232,0.0,0.0,0.0,10.0,63.4,8.404,76.267,31.0
2026-09-29T08:50:11Z,232,0.0,0.0,0.0,10.0,63.2,8.345,76.065,31.0
2026-09-29T08:55:11Z,232,0.0,0.0,0.0,10.0,63.4,8.34,76.41,31.0
2026-09-29T09:00:11Z,232,0.0,0.0,0.0,10.0,63.3,8.201,76.069,31.0
2026-09-29T09:05:11Z,232,0.0,0.0,0.0,9.9,63.3,8.209,76.197,31.0
2026-09-29T09:10:11Z,232,0.0,0.0,0.0,9.9,63.7,8.22,77.543,31.0
2026-09-29T09:15:11Z,232,0.0,0.0,0.0,9.9,63.8,8.236,76.868,31.0
2026-09-29T09:20:11Z,232,0.0,0.0,0.0,9.8,63.6,8.126,76.664,31.0
2026-09-29T09:25:11Z,232,0.0,0.0,0.0,9.8,63.6,8.148,76.624,31.0
2026-09-29T09:30:11Z,232,0.0,0.0,0.0,9.8,63.8,8.105,76.702,31.0
2026-09-29T09:35:12Z,232,0.0,0.0,0.0,9.8,63.7,8.083,76.94,31.0
2026-09-29T09:40:11Z,232,0.0,0.0,0.0,9.8,64.1,8.132,77.145,31.0
2026-09-29T09:45:14Z,232,0.0,0.0,0.0,9.8,64.1,8.172,77.196,31.0
2026-09-29T09:50:11Z,232,0.0,0.0,0.0,9.8,64.3,8.188,76.815,31.0
2026-09-29T09:55:11Z,232,2.0,0.0,2.0,9.8,64.4,8.148,77.309,31.0
2026-09-29T10:00:11Z,232,0.0,0.0,0.0,9.8,64.4,8.083,77.709,31.0
2026-09-29T10:05:11Z,232,0.0,0.0,0.0,9.8,64.3,8.067,77.492,31.0
2026-09-29T10:10:11Z,232,0.0,0.0,0.0,9.8,64.3,8.132,77.27,31.0
2026-09-29T10:15:11Z,232,0.0,0.0,0.0,9.8,64.5,8.107,77.589,31.0
2026-09-29T10:20:11Z,232,0.0,0.0,0.0,9.8,64.9,8.107,77.871,31.0
2026-09-29T10:25:11Z,232,0.0,0.0,0.0,9.8,64.6,8.273,77.854,31.0
2026-09-29T10:30:12Z,232,0.0,0.0,1.0,9.8,64.8,8.375,77.305,31.0
2026-09-29T10:35:11Z,232,1.0,0.0,1.0,9.8,64.8,8.404,77.093,31.0
2026-09-29T10:40:11Z,232,5.0,4.0,5.0,9.9,65.1,8.463,77.574,31.0
2026-09-29T10:45:11Z,232,8.0,4.0,10.0,9.9,65.4,8.58,77.98,31.0
2026-09-29T10:50:11Z,232,18.0,9.0,19.0,9.9,65.3,8.698,77.452,31.0
2026-09-29T10:55:13Z,232,25.0,13.0,27.0,10.0,65.3,8.836,77.265,31.0
2026-09-29T11:00:11Z,232,25.0,12.0,25.0,10.1,65.6,8.994,77.85,31.0
2026-09-29T11:05:12Z,232,1.0,1.0,1.0,10.2,65.6,9.544,74.938,31.0
2026-09-29T11:10:11Z,232,1.0,0.0,1.0,10.4,65.0,10.057,72.677,31.0
2026-09-29T11:15:11Z,232,1.0,0.0,1.0,10.6,64.9,10.38,72.567,31.0
2026-09-29T11:20:13Z,232,4.0,2.0,4.0,10.8,64.8,10.476,73.141,31.0
2026-09-29T11:25:12Z,232,2.0,0.0,2.0,11.0,64.4,11.005,71.687,31.0
2026-09-29T11:30:12Z,232,1.0,0.0,1.0,11.2,63.7,11.136,70.772,31.0
2026-09-29T11:35:12Z,232,3.0,1.0,3.0,11.5,63.3,11.275,70.457,31.0
2026-09-29T11:40:11Z,232,0.0,0.0,0.0,11.7,61.5,11.52,67.224,31.0
2026-09-29T11:45:12Z,232,0.0,0.0,0.0,11.9,60.7,11.534,67.247,31.0
2026-09-29T11:50:12Z,232,0.0,0.0,0.0,12.1,59.5,11.651,66.498,31.0
2026-09-29T11:55:11Z,232,0.0,0.0,1.0,12.3,59.1,11.998,65.714,31.0
2026-09-29T12:00:11Z,232,0.0,0.0,0.0,12.4,58.8,11.867,66.044,31.0
2026-09-29T12:05:12Z,232,0.0,0.0,0.0,12.6,58.4,12.166,65.248,31.0
2026-09-29T12:10:11Z,232,0.0,0.0,0.0,12.7,57.7,12.166,64.918,31.0
2026-09-29T12:15:12Z,232,0.0,0.0,0.0,12.9,57.3,12.343,63.858,31.0
2026-09-29T12:20:11Z,232,0.0,0.0,0.0,13.0,56.9,12.586,63.97,31.0
2026-09-29T12:25:11Z,232,0.0,0.0,0.0,13.1,56.3,13.275,61.39,31.0
2026-09-29T12:30:11Z,232,0.0,0.0,0.0,13.4,56.1,14.188,58.715,31.0
2026-09-29T12:35:11Z,232,7.0,7.0,8.0,13.7,55.5,15.245,56.15,31.0
2026-09-29T12:40:11Z,232,0.0,0.0,1.0,14.1,54.6,15.213,55.889,31.0
2026-09-29T12:45:12Z,232,0.0,0.0,0.0,14.4,53.9,15.456,55.311,31.0
2026-09-29T12:50:12Z,232,0.0,0.0,0.0,14.7,53.5,15.558,55.292,31.0
2026-09-29T12:55:11Z,232,0.0,0.0,0.0,14.9,52.8,15.606,54.931,31.0
2026-09-29T13:00:12Z,232,2.0,1.0,2.0,15.1,52.4,15.152,56.098,31.0
2026-09-29T13:05:11Z,232,0.0,0.0,0.0,15.2,52.0,15.117,56.469,31.0
2026-09-29T13:10:12Z,232,0.0,0.0,0.0,15.3,51.2,15.598,54.399,31.0
2026-09-29T13:15:12Z,232,0.0,0.0,0.0,15.5,51.2,15.042,56.755,31.0
2026-09-29T13:20:12Z,232,0.0,0.0,0.0,15.5,50.4,14.241,58.143,31.0
2026-09-29T13:25:12Z,232,0.0,0.0,0.0,15.5,50.6,14.396,57.63,31.0
2026-09-29T13:30:12Z,232,0.0,0.0,0.0,15.5,50.7,14.415,58.099,31.0
2026-09-29T13:35:12Z,232,0.0,0.0,0.0,15.4,50.3,14.036,58.647,31.0
2026-09-29T13:40:12Z,232,0.0,0.0,0.0,15.3,50.5,14.377,58.0,31.0
2026-09-29T13:45:12Z,232,0.0,0.0,0.0,15.3,50.5,14.442,57.279,31.0
2026-09-29T13:50:12Z,232,0.0,0.0,0.0,15.3,50.3,14.399,57.268,31.0
2026-09-29T13:55:12Z,232,0.0,0.0,0.0,15.3,50.2,14.498,57.025,31.0
2026-09-29T14:00:12Z,232,0.0,0.0,0.0,15.4,50.3,15.026,55.835,31.0
2026-09-29T14:05:12Z,232,0.0,0.0,0.0,15.4,50.2,14.861,56.486,31.0
2026-09-29T14:10:12Z,232,0.0,0.0,0.0,15.5,49.6,14.93,55.133,31.0
2026-09-29T14:15:12Z,232,0.0,0.0,0.0,15.6,49.5,15.128,54.681,31.0
2026-09-29T14:20:12Z,232,0.0,0.0,0.0,15.6,48.7,15.216,53.361,31.0
2026-09-29T14:25:12Z,232,0.0,0.0,0.0,15.7,48.3,15.472,53.167,31.0
2026-09-29T14:30:12Z,232,0.0,0.0,0.0,15.8,48.3,15.686,52.94,31.0
2026-09-29T14:35:11Z,232,0.0,0.0,0.0,16.0,48.4,15.94,52.442,31.0
2026-09-29T14:40:12Z,232,0.0,0.0,0.0,16.1,48.2,15.982,53.045,31.0
2026-09-29T14:45:12Z,232,0.0,0.0,2.0,16.3,48.2,16.516,51.897,31.0
2026-09-29T14:50:12Z,232,0.0,0.0,0.0,16.5,47.1,16.383,50.464,31.0
2026-09-29T14:55:12Z,232,0.0,0.0,0.0,16.7,45.6,16.442,49.156,31.0
2026-09-29T15:00:12Z,232,0.0,0.0,0.0,16.9,45.6,16.893,48.578,31.0
2026-09-29T15:05:12Z,232,0.0,0.0,0.0,17.0,46.1,17.171,49.854,31.0
2026-09-29T15:10:11Z,232,0.0,0.0,0.0,17.3,45.5,17.325,48.679,31.0
2026-09-29T15:15:12Z,232,0.0,0.0,0.0,17.5,45.0,17.304,48.253,31.0
2026-09-29T15:20:11Z,232,0.0,0.0,0.0,17.6,44.7,17.275,48.61,31.0
2026-09-29T15:25:12Z,232,0.0,0.0,1.0,17.8,44.6,17.787,47.479,31.0
2026-09-29T15:30:12Z,232,0.0,0.0,0.0,17.9,43.8,17.366,47.639,31.0
2026-09-29T15:35:12Z,232,0.0,0.0,0.0,17.9,43.7,17.488,48.149,31.0
2026-09-29T15:40:12Z,232,0.0,0.0,0.0,18.0,43.6,17.731,47.019,31.0
2026-09-29T15:45:12Z,232,0.0,0.0,0.0,18.2,43.4,17.886,47.437,31.0
2026-09-29T15:50:12Z,232,0.0,0.0,0.0,18.3,43.0,18.062,46.815,31.0
2026-09-29T15:55:12Z,232,0.0,0.0,0.0,18.4,42.1,17.833,44.412,31.0
2026-09-29T16:00:12Z,232,0.0,0.0,0.0,18.5,41.7,17.913,45.257,31.0
2026-09-29T16:05:12Z,232,0.0,0.0,0.0,18.5,41.4,18.119,44.395,31.0
2026-09-29T16:10:12Z,232,0.0,0.0,0.0,18.6,41.3,18.113,44.994,31.0
2026-09-29T16:15:12Z,232,0.0,0.0,0.0,18.6,41.5,18.514,44.395,31.0
2026-09-29T16:20:12Z,232,0.0,0.0,0.0,18.8,41.6,18.583,44.694,31.0
2026-09-29T16:25:12Z,232,0.0,0.0,0.0,18.8,41.6,18.447,45.585,31.0
2026-09-29T16:30:12Z,232,0.0,0.0,0.0,18.9,42.1,18.586,46.245,31.0
2026-09-29T16:35:12Z,232,3.0,1.0,3.0,19.0,42.8,17.897,49.859,31.0
2026-09-29T16:40:12Z,232,8.0,2.0,11.0,19.0,43.8,18.447,50.649,31.0
2026-09-29T16:45:12Z,232,4.0,3.0,4.0,19.0,44.0,18.818,50.367,31.0
2026-09-29T16:50:12Z,232,0.0,0.0,0.0,19.1,42.3,19.149,46.411,31.0
2026-09-29T16:55:12Z,232,3.0,0.0,4.0,19.2,43.6,19.326,48.618,31.0
2026-09-29T17:00:12Z,232,5.0,2.0,6.0,19.3,43.5,19.39,49.074,31.0
2026-09-29T17:05:12Z,232,3.0,1.0,4.0,19.4,43.5,19.224,48.343,31.0
2026-09-29T17:10:11Z,232,5.0,1.0,5.0,19.5,43.9,19.179,50.437,31.0
2026-09-29T17:15:12Z,232,6.0,1.0,8.0,19.5,43.8,19.211,49.903,31.0
2026-09-29T17:20:12Z,232,7.0,2.0,7.0,19.6,43.2,19.451,48.044,31.0
2026-09-29T17:25:12Z,232,3.0,0.0,3.0,19.7,43.3,18.946,50.466,31.0
2026-09-29T17:30:12Z,232,4.0,3.0,4.0,19.7,43.3,19.448,49.127,31.0
2026-09-29T17:35:12Z,232,3.0,1.0,3.0,19.8,43.4,19.342,49.44,31.0
2026-09-29T17:40:12Z,232,5.0,2.0,5.0,19.8,43.5,19.358,50.422,31.0
2026-09-29T17:45:12Z,232,5.0,3.0,5.0,19.8,43.8,19.515,49.886,31.0
2026-09-29T17:50:12Z,232,7.0,4.0,8.0,19.9,43.6,19.964,48.574,31.0
2026-09-29T17:55:12Z,232,8.0,4.0,9.0,19.9,43.7,19.98,48.997,31.0
2026-09-29T18:00:12Z,232,7.0,3.0,7.0,20.0,43.5,19.702,49.625,31.0
2026-09-29T18:05:12Z,232,4.0,1.0,4.0,20.0,43.4,20.121,48.404,31.0
2026-09-29T18:10:12Z,232,3.0,1.0,3.0,20.1,42.9,20.244,47.41,31.0
2026-09-29T18:15:12Z,232,1.0,0.0,1.0,20.1,42.5,20.303,46.234,31.0
2026-09-29T18:20:12Z,232,0.0,0.0,0.0,20.2,42.4,20.639,46.296,31.0
2026-09-29T18:25:12Z,232,1.0,0.0,1.0,20.3,42.1,20.175,47.538,31.0
2026-09-29T18:30:12Z,232,0.0,0.0,0.0,20.2,41.6,19.526,47.508,31.0
2026-09-29T18:35:12Z,232,0.0,0.0,0.0,20.2,41.3,19.82,46.697,31.0
2026-09-29T18:40:12Z,232,2.0,0.0,2.0,20.2,41.4,19.729,47.014,31.0
2026-09-29T18:45:12Z,232,0.0,0.0,0.0,20.1,41.4,19.852,47.09,31.0
2026-09-29T18:50:12Z,232,0.0,0.0,0.0,20.1,41.3,19.326,46.132,31.0
2026-09-29T18:55:12Z,232,1.0,0.0,1.0,20.0,41.1,19.721,46.419,31.0
2026-09-29T19:00:12Z,232,6.0,5.0,6.0,20.0,40.9,19.48,46.432,31.0
2026-09-29T19:05:12Z,232,0.0,0.0,0.0,19.9,41.0,19.796,45.362,31.0
2026-09-29T19:10:12Z,232,1.0,0.0,1.0,19.8,40.6,19.659,45.856,31.0
2026-09-29T19:15:13Z,232,5.0,0.0,6.0,19.8,40.8,19.002,45.839,31.0
2026-09-29T19:20:12Z,232,0.0,0.0,0.0,19.7,40.7,18.805,46.493,31.0
2026-09-29T19:25:13Z,232,1.0,0.0,1.0,19.6,39.9,19.088,44.334,31.0
2026-09-29T19:30:12Z,232,12.0,2.0,13.0,19.6,41.3,19.363,46.976,31.0
2026-09-29T19:35:12Z,232,0.0,0.0,0.0,19.5,40.9,19.144,45.467,31.0
2026-09-29T19:40:12Z,232,0.0,0.0,0.0,19.5,40.5,18.663,46.348,31.0
2026-09-29T19:45:13Z,232,0.0,0.0,0.0,19.5,40.6,19.053,45.211,31.0
2026-09-29T19:50:12Z,232,0.0,0.0,1.0,19.5,41.6,19.168,48.149,31.0
2026-09-29T19:55:12Z,232,0.0,0.0,0.0,19.4,41.8,18.735,48.824,31.0
2026-09-29T20:00:12Z,232,0.0,0.0,0.0,19.4,42.7,18.623,50.287,31.0
2026-09-29T20:05:12Z,232,1.0,0.0,1.0,19.4,43.0,18.639,50.361,31.0
2026-09-29T20:10:12Z,232,1.0,0.0,1.0,19.3,43.0,18.773,49.88,31.0
2026-09-29T20:15:12Z,232,16.0,4.0,17.0,19.3,43.3,18.93,50.668,31.0
2026-09-29T20:20:13Z,232,0.0,0.0,0.0,19.2,42.3,18.241,47.849,31.0
2026-09-29T20:25:12Z,232,1.0,0.0,1.0,19.1,41.5,18.295,48.181,31.0
2026-09-29T20:30:12Z,232,3.0,0.0,3.0,19.0,42.3,18.273,50.128,31.0
2026-09-29T20:35:13Z,232,4.0,0.0,4.0,18.9,42.9,17.998,51.218,31.0
2026-09-29T20:40:13Z,232,6.0,3.0,7.0,18.7,42.8,17.277,50.792,31.0
2026-09-29T20:45:12Z,232,1.0,0.0,3.0,18.5,42.3,17.219,50.685,31.0
2026-09-29T20:50:13Z,232,5.0,3.0,5.0,18.3,42.5,16.925,51.092,31.0
2026-09-29T20:55:13Z,232,4.0,1.0,4.0,18.1,42.3,16.757,50.519,31.0
2026-09-29T21:00:17Z,232,6.0,2.0,6.0,17.9,42.9,16.896,50.43,31.0
2026-09-29T21:05:13Z,232,8.0,2.0,11.0,17.6,42.3,16.26,50.415,31.0
2026-09-29T21:10:13Z,232,4.0,1.0,5.0,17.5,42.9,16.348,50.937,31.0
2026-09-29T21:15:13Z,232,6.0,0.0,6.0,17.3,43.9,16.022,54.065,31.0
2026-09-29T21:20:13Z,232,11.0,4.0,11.0,17.1,45.2,16.193,55.601,31.0
2026-09-29T21:25:13Z,232,11.0,4.0,14.0,17.0,46.2,16.07,56.806,31.0
2026-09-29T21:30:13Z,232,9.0,4.0,9.0,16.9,46.4,16.089,55.763,31.0
2026-09-29T21:35:13Z,232,18.0,7.0,19.0,16.8,46.6,16.287,55.234,31.0
2026-09-29T21:40:13Z,232,5.0,3.0,6.0,16.7,46.5,16.004,55.004,31.0
2026-09-29T21:45:13Z,232,9.0,5.0,9.0,16.6,46.8,15.95,56.282,31.0
2026-09-29T21:50:13Z,232,9.0,5.0,9.0,16.6,48.2,15.982,58.321,31.0
2026-09-29T21:55:13Z,232,19.0,8.0,19.0,16.5,47.9,16.086,56.875,31.0
2026-09-29T22:00:13Z,232,10.0,4.0,11.0,16.5,47.9,15.889,56.957,31.0
2026-09-29T22:05:13Z,232,12.0,5.0,16.0,16.4,47.9,15.937,56.665,31.0
2026-09-29T22:10:13Z,232,8.0,5.0,8.0,16.3,48.0,15.718,56.8,31.0
2026-09-29T22:15:13Z,232,14.0,6.0,15.0,16.3,48.1,15.643,57.275,31.0
2026-09-29T22:20:12Z,232,12.0,6.0,16.0,16.2,48.4,15.742,57.405,31.0
2026-09-29T22:25:13Z,232,15.0,8.0,16.0,16.1,48.5,15.4,57.901,31.0
2026-09-29T22:30:13Z,232,5.0,2.0,5.0,16.0,48.5,15.384,57.867,31.0
2026-09-29T22:35:12Z,232,8.0,4.0,8.0,15.9,48.7,15.149,58.866,31.0
2026-09-29T22:40:13Z,232,3.0,2.0,4.0,15.8,48.7,15.141,58.168,31.0
2026-09-29T22:45:13Z,232,20.0,11.0,22.0,15.8,49.2,15.104,59.076,31.0
2026-09-29T22:50:13Z,232,14.0,6.0,15.0,15.7,49.7,15.152,59.223,31.0
2026-09-29T22:55:13Z,232,20.0,11.0,25.0,15.7,49.9,15.002,59.873,31.0
2026-09-29T23:00:13Z,232,25.0,14.0,27.0,15.6,50.3,15.045,60.457,31.0
2026-09-29T23:05:13Z,232,19.0,9.0,22.0,15.5,50.7,15.096,60.981,31.0
2026-09-29T23:10:13Z,232,23.0,13.0,24.0,15.4,50.7,14.914,60.695,31.0
2026-09-29T23:15:13Z,232,34.0,21.0,37.0,15.4,51.1,14.893,61.416,31.0
2026-09-29T23:20:13Z,232,18.0,5.0,19.0,15.3,51.2,14.797,61.058,31.0
2026-09-29T23:25:13Z,232,11.0,5.0,14.0,15.3,51.4,14.69,62.065,31.0
2026-09-29T23:30:12Z,232,20.0,8.0,22.0,15.2,51.7,14.618,62.019,31.0
2026-09-29T23:35:13Z,232,23.0,11.0,23.0,15.2,51.9,14.677,61.916,31.0
2026-09-29T23:40:13Z,232,23.0,13.0,23.0,15.1,52.1,14.735,62.425,31.0
2026-09-29T23:45:13Z,232,26.0,16.0,27.0,15.1,52.4,14.682,62.601,31.0
2026-09-29T23:50:13Z,232,18.0,7.0,20.0,15.1,52.3,14.66,61.725,31.0
2026-09-29T23:55:13Z,232,13.0,7.0,14.0,15.1,52.7,14.626,63.074,31.0
2026-09-30T00:00:13Z,232,8.0,3.0,9.0,15.0,52.8,14.588,62.366,31.0
2026-09-30T00:05:13Z,232,4.0,2.0,4.0,15.0,52.7,14.578,62.517,31.0
2026-09-30T00:10:13Z,232,3.0,1.0,3.0,15.0,53.1,14.578,63.31,31.0
2026-09-30T00:15:13Z,232,3.0,0.0,4.0,15.0,53.0,14.607,62.473,31.0
2026-09-30T00:20:13Z,232,1.0,0.0,1.0,15.0,53.1,14.527,62.853,31.0
2026-09-30T00:25:13Z,232,2.0,0.0,2.0,15.0,53.0,14.596,63.497,31.0
2026-09-30T00:30:13Z,232,3.0,1.0,3.0,15.0,52.7,14.554,61.76,31.0
2026-09-30T00:35:13Z,232,1.0,0.0,1.0,14.9,52.4,14.508,61.641,31.0
2026-09-30T00:40:13Z,232,3.0,1.0,4.0,14.9,52.6,14.444,62.475,31.0
2026-09-30T00:45:13Z,232,22.0,13.0,22.0,14.9,52.9,14.46,62.215,31.0
2026-09-30T00:50:13Z,232,2.0,0.0,4.0,14.9,52.9,14.45,62.523,31.0
2026-09-30T00:55:13Z,232,4.0,0.0,5.0,14.9,53.1,14.508,63.074,31.0
2026-09-30T01:00:13Z,232,3.0,1.0,4.0,14.9,52.7,14.458,62.275,31.0
2026-09-30T01:05:13Z,232,2.0,0.0,3.0,14.9,53.0,14.495,61.973,31.0
2026-09-30T01:10:13Z,232,5.0,1.0,6.0,14.9,53.1,14.452,62.868,31.0
2026-09-30T01:15:13Z,232,3.0,0.0,3.0,14.8,53.2,14.442,62.62,31.0
2026-09-30T01:20:16Z,232,0.0,0.0,1.0,14.8,53.3,14.434,63.022,31.0
2026-09-30T01:25:13Z,232,7.0,2.0,8.0,14.9,53.8,14.434,63.253,31.0
2026-09-30T01:30:13Z,232,3.0,0.0,3.0,14.8,53.5,14.508,62.507,31.0
2026-09-30T01:35:13Z,232,0.0,0.0,0.0,14.8,53.5,14.532,62.664,31.0
2026-09-30T01:40:13Z,232,0.0,0.0,0.0,14.9,53.6,14.388,63.154,31.0
2026-09-30T01:45:13Z,232,0.0,0.0,0.0,14.8,53.9,14.303,63.589,31.0
2026-09-30T01:50:13Z,232,1.0,0.0,1.0,14.8,53.6,14.425,62.408,31.0
2026-09-30T01:55:13Z,232,1.0,0.0,2.0,14.8,53.6,14.409,62.812,31.0
2026-09-30T02:00:13Z,232,1.0,0.0,1.0,14.8,53.5,14.311,62.984,31.0
2026-09-30T02:05:13Z,232,1.0,0.0,1.0,14.8,53.2,14.15,62.931,31.0
2026-09-30T02:10:13Z,232,0.0,0.0,0.0,14.8,53.4,14.252,63.081,31.0
2026-09-30T02:15:13Z,232,0.0,0.0,1.0,14.8,53.3,14.295,62.969,31.0
2026-09-30T02:20:13Z,232,0.0,0.0,0.0,14.8,53.8,14.311,63.558,31.0
2026-09-30T02:25:13Z,232,0.0,0.0,0.0,14.8,53.9,14.255,64.01,31.0
2026-09-30T02:30:13Z,232,0.0,0.0,0.0,14.8,54.2,14.415,64.359,31.0
2026-09-30T02:35:13Z,232,0.0,0.0,0.0,14.8,54.6,14.158,64.859,31.0
2026-09-30T02:40:13Z,232,3.0,1.0,4.0,14.8,54.5,14.265,64.869,31.0
2026-09-30T02:45:13Z,232,6.0,3.0,6.0,14.8,54.5,14.3,64.651,31.0
2026-09-30T02:50:13Z,232,4.0,1.0,5.0,14.8,54.4,14.343,64.264,31.0
2026-09-30T02:55:14Z,232,0.0,0.0,0.0,14.8,54.4,14.439,64.216,31.0
2026-09-30T03:00:13Z,232,1.0,0.0,1.0,14.8,55.1,14.401,65.452,31.0
2026-09-30T03:05:13Z,232,0.0,0.0,0.0,14.8,54.6,14.391,63.373,31.0
2026-09-30T03:10:13Z,232,0.0,0.0,0.0,14.8,54.2,14.212,64.325,31.0
2026-09-30T03:15:13Z,232,0.0,0.0,0.0,14.8,53.6,14.303,63.255,31.0
2026-09-30T03:20:13Z,232,0.0,0.0,0.0,14.8,54.3,14.255,64.811,31.0
2026-09-30T03:25:14Z,232,0.0,0.0,0.0,14.8,54.4,14.335,64.771,31.0
2026-09-30T03:30:13Z,232,0.0,0.0,0.0,14.8,55.3,14.295,65.88,31.0
2026-09-30T03:35:13Z,232,0.0,0.0,0.0,14.8,55.6,14.401,65.838,31.0
2026-09-30T03:40:13Z,232,0.0,0.0,0.0,14.8,55.3,14.385,64.968,31.0
2026-09-30T03:45:14Z,232,0.0,0.0,0.0,14.8,54.9,14.391,64.907,31.0
2026-09-30T03:50:13Z,232,1.0,0.0,1.0,14.8,56.2,14.228,67.093,31.0
2026-09-30T03:55:13Z,232,0.0,0.0,0.0,14.7,56.5,14.249,67.466,31.0
2026-09-30T04:00:13Z,232,0.0,0.0,0.0,14.7,56.0,13.881,66.553,31.0
2026-09-30T04:05:13Z,232,0.0,0.0,0.0,14.7,56.0,13.817,68.315,31.0
2026-09-30T04:10:13Z,232,1.0,0.0,1.0,14.7,58.0,13.785,71.567,31.0
2026-09-30T04:15:14Z,232,0.0,0.0,0.0,14.6,57.7,13.734,70.65,31.0
2026-09-30T04:20:13Z,232,3.0,2.0,3.0,14.6,57.8,13.595,70.658,31.0
2026-09-30T04:25:13Z,232,0.0,0.0,0.0,14.5,57.9,13.376,71.037,31.0
2026-09-30T04:30:14Z,232,0.0,0.0,0.0,14.4,58.1,13.36,71.806,31.0
2026-09-30T04:35:14Z,232,1.0,0.0,1.0,14.3,58.6,13.288,71.958,31.0
2026-09-30T04:40:14Z,232,4.0,0.0,6.0,14.3,58.4,13.336,71.489,31.0
2026-09-30T04:45:14Z,232,1.0,0.0,3.0,14.3,58.4,13.357,71.363,31.0
2026-09-30T04:50:13Z,232,0.0,0.0,0.0,14.3,58.2,13.384,70.032,31.0
2026-09-30T04:55:13Z,232,3.0,1.0,3.0,14.2,58.3,13.296,70.394,31.0
2026-09-30T05:00:13Z,232,0.0,0.0,0.0,14.2,57.7,13.36,69.467,31.0
2026-09-30T05:05:13Z,232,3.0,1.0,3.0,14.1,56.8,13.232,67.568,31.0
2026-09-30T05:10:14Z,232,2.0,0.0,2.0,14.1,56.5,13.152,66.904,31.0
2026-09-30T05:15:13Z,232,2.0,1.0,2.0,14.0,56.7,13.285,67.35,31.0
2026-09-30T05:20:14Z,232,1.0,0.0,1.0,14.0,56.1,13.17,67.171,31.0
2026-09-30T05:25:14Z,232,0.0,0.0,0.0,14.0,55.7,13.208,66.442,31.0
2026-09-30T05:30:13Z,232,4.0,0.0,4.0,14.0,56.1,13.229,66.288,31.0
2026-09-30T05:35:13Z,232,0.0,0.0,0.0,14.0,56.0,13.042,67.129,31.0
2026-09-30T05:40:14Z,232,0.0,0.0,1.0,14.0,56.2,13.045,67.667,31.0
2026-09-30T05:45:14Z,232,1.0,0.0,1.0,13.9,55.8,12.976,66.692,31.0
2026-09-30T05:50:14Z,232,0.0,0.0,0.0,13.9,55.5,12.858,65.75,31.0
2026-09-30T05:55:13Z,232,0.0,0.0,0.0,13.9,56.1,12.89,67.421,31.0
2026-09-30T06:00:13Z,232,0.0,0.0,0.0,13.8,55.6,12.906,66.173,31.0
2026-09-30T06:05:13Z,232,0.0,0.0,0.0,13.8,56.0,12.935,66.652,31.0
2026-09-30T06:10:14Z,232,0.0,0.0,0.0,13.8,55.9,13.021,66.353,31.0
2026-09-30T06:15:13Z,232,0.0,0.0,0.0,13.8,55.4,12.855,65.841,31.0
2026-09-30T06:20:13Z,232,0.0,0.0,0.0,13.7,55.1,12.791,65.448,31.0
2026-09-30T06:25:14Z,232,0.0,0.0,0.0,13.7,55.1,12.791,66.393,31.0
2026-09-30T06:30:14Z,232,0.0,0.0,0.0,13.7,55.1,12.805,65.828,31.0
2026-09-30T06:35:14Z,232,0.0,0.0,0.0,13.6,55.0,12.783,66.387,31.0
2026-09-30T06:40:14Z,232,0.0,0.0,0.0,13.6,54.8,12.724,65.452,31.0
2026-09-30T06:45:14Z,232,0.0,0.0,0.0,13.6,54.6,12.719,65.103,31.0
2026-09-30T06:50:14Z,232,0.0,0.0,0.0,13.6,54.4,12.767,64.354,31.0
2026-09-30T06:55:14Z,232,0.0,0.0,0.0,13.6,54.9,12.973,64.325,31.0
2026-09-30T07:00:13Z,232,0.0,0.0,0.0,13.6,54.5,12.951,63.745,31.0
2026-09-30T07:05:13Z,232,0.0,0.0,0.0,13.6,53.9,12.877,63.413,31.0
2026-09-30T07:10:13Z,232,0.0,0.0,0.0,13.7,54.3,12.845,65.054,31.0
2026-09-30T07:15:14Z,232,0.0,0.0,0.0,13.7,54.0,12.81,63.957,31.0
2026-09-30T07:20:13Z,232,0.0,0.0,0.0,13.7,53.8,12.741,63.94,31.0
2026-09-30T07:25:14Z,232,0.0,0.0,0.0,13.7,54.2,12.821,64.708,31.0
2026-09-30T07:30:13Z,232,0.0,0.0,0.0,13.7,54.0,12.602,63.928,31.0
2026-09-30T07:35:14Z,232,0.0,0.0,0.0,13.7,54.0,12.682,63.833,31.0
2026-09-30T07:40:13Z,232,0.0,0.0,0.0,13.7,54.0,12.647,64.567,31.0
2026-09-30T07:45:14Z,232,0.0,0.0,0.0,13.7,54.7,12.951,65.618,31.0
2026-09-30T07:50:14Z,232,0.0,0.0,0.0,13.6,54.4,12.903,63.945,31.0
2026-09-30T07:55:14Z,232,0.0,0.0,0.0,13.7,54.3,12.893,63.78,31.0
2026-09-30T08:00:14Z,232,0.0,0.0,0.0,13.7,55.5,13.005,66.368,31.0
2026-09-30T08:05:14Z,232,0.0,0.0,0.0,13.7,55.1,12.794,65.979,31.0
2026-09-30T08:10:14Z,232,0.0,0.0,0.0,13.7,55.4,12.815,66.452,31.0
2026-09-30T08:15:14Z,232,0.0,0.0,0.0,13.7,55.4,12.794,66.583,31.0
2026-09-30T08:20:14Z,232,0.0,0.0,0.0,13.7,54.9,12.738,65.53,31.0
2026-09-30T08:25:14Z,232,0.0,0.0,0.0,13.6,55.1,12.503,65.675,31.0
2026-09-30T08:30:13Z,232,0.0,0.0,0.0,13.6,56.1,12.471,68.485,31.0
2026-09-30T08:35:14Z,232,0.0,0.0,0.0,13.5,56.0,12.481,67.365,31.0
2026-09-30T08:40:14Z,232,0.0,0.0,0.0,13.5,56.3,12.447,67.84,31.0
2026-09-30T08:45:14Z,232,0.0,0.0,0.0,13.5,56.7,12.527,68.643,31.0
2026-09-30T08:50:14Z,232,0.0,0.0,0.0,13.5,57.3,12.554,69.456,31.0
2026-09-30T08:55:13Z,232,0.0,0.0,0.0,13.5,57.2,12.457,69.427,31.0
2026-09-30T09:00:14Z,232,0.0,0.0,0.0,13.4,57.8,12.436,69.969,31.0
2026-09-30T09:05:13Z,232,0.0,0.0,0.0,13.4,57.8,12.492,69.017,31.0
2026-09-30T09:10:14Z,232,0.0,0.0,0.0,13.4,57.2,12.524,68.903,31.0
2026-09-30T09:15:14Z,232,0.0,0.0,0.0,13.5,57.1,12.535,67.995,31.0
2026-09-30T09:20:14Z,232,0.0,0.0,0.0,13.5,56.7,12.594,67.638,31.0
2026-09-30T09:25:14Z,232,0.0,0.0,0.0,13.5,57.1,12.65,68.275,31.0
2026-09-30T09:30:14Z,232,0.0,0.0,0.0,13.5,57.2,12.66,68.802,31.0
2026-09-30T09:35:14Z,232,0.0,0.0,0.0,13.5,58.0,12.575,70.135,31.0
2026-09-30T09:40:14Z,232,0.0,0.0,0.0,13.5,58.0,12.457,70.661,31.0
2026-09-30T09:45:14Z,232,0.0,0.0,0.0,13.5,57.5,12.399,69.731,31.0
2026-09-30T09:50:14Z,232,0.0,0.0,0.0,13.5,57.5,12.487,69.658,31.0
2026-09-30T09:55:13Z,232,0.0,0.0,0.0,13.4,57.4,12.407,69.965,31.0
2026-09-30T10:00:14Z,232,0.0,0.0,0.0,13.4,57.7,12.514,69.269,31.0
2026-09-30T10:05:14Z,232,0.0,0.0,0.0,13.4,57.9,12.412,70.143,31.0
2026-09-30T10:10:14Z,232,0.0,0.0,0.0,13.4,57.7,12.519,69.647,31.0
2026-09-30T10:15:14Z,232,0.0,0.0,0.0,13.4,58.4,12.361,71.213,31.0
2026-09-30T10:20:14Z,232,0.0,0.0,0.0,13.4,58.9,12.142,72.065,31.0
2026-09-30T10:25:14Z,232,0.0,0.0,0.0,13.3,59.4,12.169,73.524,31.0
2026-09-30T10:30:14Z,232,0.0,0.0,0.0,13.3,60.1,12.046,74.171,31.0
2026-09-30T10:35:14Z,232,0.0,0.0,0.0,13.2,61.2,11.875,76.006,31.0
2026-09-30T10:40:14Z,232,0.0,0.0,0.0,13.2,61.9,11.883,76.727,31.0
2026-09-30T10:45:14Z,232,0.0,0.0,0.0,13.1,62.6,11.862,77.341,31.0
2026-09-30T10:50:14Z,232,0.0,0.0,0.0,13.1,63.0,11.953,77.164,31.0
2026-09-30T10:55:14Z,232,0.0,0.0,0.0,13.1,63.7,12.017,78.596,31.0
2026-09-30T11:00:14Z,232,1.0,0.0,1.0,13.1,64.3,12.025,78.705,31.0
2026-09-30T11:05:14Z,232,0.0,0.0,0.0,13.0,64.8,11.902,80.076,31.0
2026-09-30T11:10:14Z,232,0.0,0.0,0.0,13.1,64.9,11.929,79.643,31.0
2026-09-30T11:15:14Z,232,0.0,0.0,0.0,13.1,65.1,12.025,79.725,31.0
2026-09-30T11:20:14Z,232,0.0,0.0,0.0,13.1,65.5,12.121,79.691,31.0
2026-09-30T11:25:14Z,232,0.0,0.0,0.0,13.1,65.8,12.204,80.252,31.0
2026-09-30T11:30:14Z,232,0.0,0.0,0.0,13.1,66.4,12.108,81.57,31.0
2026-09-30T11:35:14Z,232,0.0,0.0,0.0,13.1,66.7,12.225,81.633,31.0
2026-09-30T11:40:14Z,232,0.0,0.0,0.0,13.2,66.7,12.316,81.106,31.0
2026-09-30T11:45:14Z,232,4.0,0.0,4.0,13.2,67.1,12.562,80.707,31.0
2026-09-30T11:50:14Z,232,0.0,0.0,0.0,13.2,67.0,12.441,80.944,31.0
2026-09-30T11:55:14Z,232,0.0,0.0,0.0,13.3,67.1,12.687,81.301,31.0
2026-09-30T12:00:14Z,232,0.0,0.0,0.0,13.4,67.4,12.805,81.106,31.0
2026-09-30T12:05:15Z,232,0.0,0.0,0.0,13.4,67.3,12.666,81.177,31.0
2026-09-30T12:10:14Z,232,0.0,0.0,0.0,13.4,67.2,12.743,80.679,31.0
2026-09-30T12:15:14Z,232,0.0,0.0,0.0,13.4,67.3,12.626,81.675,31.0
2026-09-30T12:20:14Z,232,1.0,0.0,1.0,13.5,67.4,12.615,82.247,31.0
2026-09-30T12:25:14Z,232,0.0,0.0,0.0,13.5,67.5,12.77,81.617,31.0
2026-09-30T12:30:14Z,232,1.0,0.0,1.0,13.6,67.4,12.941,81.282,31.0
2026-09-30T12:35:14Z,232,0.0,0.0,0.0,13.6,67.3,12.917,81.144,31.0
2026-09-30T12:40:14Z,232,0.0,0.0,0.0,13.7,66.9,12.778,81.308,31.0
2026-09-30T12:45:14Z,232,0.0,0.0,0.0,13.7,67.2,12.757,81.778,31.0
2026-09-30T12:50:14Z,232,0.0,0.0,0.0,13.7,67.3,12.911,81.661,31.0
2026-09-30T12:55:14Z,232,0.0,0.0,0.0,13.7,67.2,12.927,81.221,31.0
2026-09-30T13:00:14Z,232,0.0,0.0,0.0,13.7,66.9,12.994,80.374,31.0
2026-09-30T13:05:14Z,232,0.0,0.0,0.0,13.8,67.0,13.186,80.212,31.0
2026-09-30T13:10:14Z,232,0.0,0.0,1.0,13.9,67.2,13.245,80.69,31.0
2026-09-30T13:15:14Z,232,0.0,0.0,0.0,14.0,67.3,13.405,80.593,31.0
2026-09-30T13:20:14Z,232,1.0,0.0,1.0,14.0,67.5,13.499,80.414,31.0
2026-09-30T13:25:16Z,232,0.0,0.0,0.0,14.1,66.8,13.745,78.23,31.0
2026-09-30T13:30:14Z,232,1.0,0.0,1.0,14.3,66.6,14.001,77.818,31.0
2026-09-30T13:35:14Z,232,1.0,0.0,2.0,14.4,66.6,14.102,78.663,31.0
2026-09-30T13:40:14Z,232,0.0,0.0,0.0,14.5,66.6,14.244,78.442,31.0
2026-09-30T13:45:15Z,232,1.0,0.0,1.0,14.6,66.6,14.543,77.618,31.0
2026-09-30T13:50:14Z,232,0.0,0.0,1.0,14.8,66.4,14.532,77.318,31.0
2026-09-30T13:55:15Z,232,2.0,0.0,3.0,14.9,66.0,14.495,76.992,31.0
2026-09-30T14:00:14Z,232,0.0,0.0,1.0,15.0,65.2,14.177,76.979,31.0
2026-09-30T14:05:14Z,232,0.0,0.0,0.0,15.0,64.9,14.204,77.305,31.0
2026-09-30T14:10:15Z,232,0.0,0.0,1.0,15.0,64.8,14.209,77.381,31.0
2026-09-30T14:15:14Z,232,0.0,0.0,0.0,15.0,64.9,14.506,76.425,31.0
2026-09-30T14:20:15Z,232,0.0,0.0,0.0,15.1,65.5,14.746,77.116,31.0
2026-09-30T14:25:14Z,232,3.0,0.0,4.0,15.2,66.3,15.168,77.871,31.0
2026-09-30T14:30:14Z,232,1.0,0.0,1.0,15.3,66.0,15.205,76.561,31.0
2026-09-30T14:35:14Z,232,0.0,0.0,0.0,15.5,66.0,15.504,76.391,31.0
2026-09-30T14:40:14Z,232,0.0,0.0,0.0,15.7,65.9,15.785,76.408,31.0
2026-09-30T14:45:14Z,232,1.0,0.0,1.0,15.9,66.0,16.5,74.564,31.0
2026-09-30T14:50:14Z,232,0.0,0.0,0.0,16.2,65.2,16.313,74.024,31.0
2026-09-30T14:55:14Z,232,0.0,0.0,0.0,16.4,64.4,16.532,73.452,31.0
2026-09-30T15:00:15Z,232,0.0,0.0,0.0,16.6,63.4,16.463,72.992,31.0
2026-09-30T15:05:15Z,232,1.0,0.0,2.0,16.7,61.0,15.948,71.012,31.0
2026-09-30T15:10:14Z,232,0.0,0.0,0.0,16.7,60.4,15.867,72.199,31.0
2026-09-30T15:15:14Z,232,0.0,0.0,0.0,16.7,59.7,16.14,70.009,31.0
2026-09-30T15:20:14Z,232,2.0,1.0,3.0,16.7,59.5,16.193,69.267,31.0
2026-09-30T15:25:14Z,232,0.0,0.0,0.0,16.7,59.3,15.916,70.373,31.0
2026-09-30T15:30:14Z,232,9.0,6.0,9.0,16.7,59.8,16.249,71.085,31.0
2026-09-30T15:35:15Z,232,3.0,1.0,4.0,16.7,59.3,16.452,69.111,31.0
2026-09-30T15:40:14Z,232,2.0,0.0,2.0,16.8,60.3,16.922,70.249,31.0
2026-09-30T15:45:15Z,232,3.0,0.0,3.0,16.9,60.9,17.435,68.334,31.0
2026-09-30T15:50:15Z,232,4.0,1.0,4.0,17.1,63.1,18.004,70.678,31.0
2026-09-30T15:55:15Z,232,25.0,17.0,28.0,17.4,63.3,18.495,70.249,31.0
2026-09-30T16:00:15Z,232,1.0,0.0,1.0,17.8,63.1,18.73,69.463,31.0
2026-09-30T16:05:15Z,232,0.0,0.0,0.0,18.1,60.5,18.618,69.107,31.0
2026-09-30T16:10:15Z,232,1.0,0.0,2.0,18.4,59.6,19.117,67.573,31.0
2026-09-30T16:15:15Z,232,0.0,0.0,0.0,18.6,56.9,18.3,66.105,31.0
2026-09-30T16:20:14Z,232,0.0,0.0,0.0,18.7,55.7,18.471,63.303,31.0
2026-09-30T16:25:15Z,232,0.0,0.0,0.0,18.9,55.0,18.946,61.819,31.0
2026-09-30T16:30:14Z,232,0.0,0.0,0.0,19.0,54.2,18.265,63.816,31.0
2026-09-30T16:35:14Z,232,0.0,0.0,0.0,19.1,53.6,18.26,63.009,31.0
2026-09-30T16:40:15Z,232,0.0,0.0,0.0,19.1,52.6,17.229,65.481,31.0
2026-09-30T16:45:14Z,232,0.0,0.0,0.0,18.9,53.1,17.609,64.857,31.0
2026-09-30T16:50:15Z,232,0.0,0.0,0.0,18.7,53.7,18.177,63.669,31.0
2026-09-30T16:55:14Z,232,0.0,0.0,0.0,18.7,54.7,18.338,65.237,31.0
2026-09-30T17:00:15Z,232,1.0,0.0,1.0,18.7,54.4,18.866,63.537,31.0
2026-09-30T17:05:15Z,232,0.0,0.0,1.0,18.8,55.6,19.683,63.392,31.0
2026-09-30T17:10:15Z,232,0.0,0.0,0.0,19.0,54.8,19.75,61.485,31.0
2026-09-30T17:15:15Z,232,0.0,0.0,0.0,19.2,55.3,20.023,61.561,31.0
2026-09-30T17:20:14Z,232,0.0,0.0,0.0,19.4,54.3,19.873,60.867,31.0
2026-09-30T17:25:15Z,232,0.0,0.0,1.0,19.6,54.2,20.3,61.435,31.0
2026-09-30T17:30:15Z,232,0.0,0.0,0.0,19.7,53.0,19.972,61.111,31.0
2026-09-30T17:35:15Z,232,1.0,0.0,1.0,19.9,53.8,20.57,61.908,31.0
2026-09-30T17:40:15Z,232,0.0,0.0,0.0,20.1,53.0,20.404,61.435,31.0
2026-09-30T17:45:15Z,232,0.0,0.0,0.0,20.1,52.6,21.04,58.614,31.0
2026-09-30T17:50:14Z,232,0.0,0.0,0.0,20.3,52.3,20.968,58.746,31.0
2026-09-30T17:55:15Z,232,0.0,0.0,0.0,20.4,51.8,20.61,59.841,31.0
2026-09-30T18:00:14Z,232,1.0,0.0,1.0,20.4,51.7,20.61,59.959,31.0
2026-09-30T18:05:15Z,232,0.0,0.0,1.0,20.4,52.2,20.274,62.164,31.0
2026-09-30T18:10:15Z,232,2.0,0.0,2.0,20.4,52.4,19.876,63.98,31.0
2026-09-30T18:15:15Z,232,0.0,0.0,0.0,20.3,52.6,19.961,63.598,31.0
2026-09-30T18:20:15Z,232,1.0,0.0,2.0,20.2,53.0,19.683,65.635,31.0
2026-09-30T18:25:15Z,232,1.0,0.0,1.0,20.1,53.0,19.443,64.718,31.0
2026-09-30T18:30:15Z,232,0.0,0.0,0.0,20.0,53.8,19.814,64.39,31.0
2026-09-30T18:35:15Z,232,3.0,1.0,4.0,19.9,52.9,20.135,61.844,31.0
2026-09-30T18:40:14Z,232,0.0,0.0,0.0,19.9,53.2,19.307,64.109,31.0
2026-09-30T18:45:15Z,232,0.0,0.0,0.0,19.8,52.0,19.611,60.613,31.0
2026-09-30T18:50:15Z,232,2.0,0.0,2.0,19.7,53.0,19.285,64.006,31.0
2026-09-30T18:55:14Z,232,5.0,0.0,6.0,19.6,54.0,19.261,65.391,31.0
2026-09-30T19:00:15Z,232,0.0,0.0,0.0,19.5,54.3,18.589,68.567,31.0
2026-09-30T19:05:15Z,232,0.0,0.0,1.0,19.4,54.4,18.973,65.853,31.0
2026-09-30T19:10:15Z,232,0.0,0.0,0.0,19.3,54.8,19.064,65.729,31.0
2026-09-30T19:15:15Z,232,1.0,0.0,1.0,19.2,54.7,19.045,65.471,31.0
2026-09-30T19:20:15Z,232,1.0,0.0,1.0,19.2,55.0,19.157,65.052,31.0
2026-09-30T19:25:15Z,232,0.0,0.0,0.0,19.2,54.4,18.661,65.901,31.0
2026-09-30T19:30:15Z,232,1.0,0.0,2.0,19.2,54.4,18.917,65.395,31.0
2026-09-30T19:35:15Z,232,6.0,1.0,7.0,19.1,54.6,18.754,66.225,31.0
2026-09-30T19:40:15Z,232,0.0,0.0,0.0,19.1,54.6,18.765,65.239,31.0
2026-09-30T19:45:15Z,232,0.0,0.0,0.0,19.0,54.4,18.375,65.782,31.0
2026-09-30T19:50:14Z,232,1.0,0.0,1.0,18.9,54.4,18.791,64.758,31.0
2026-09-30T19:55:15Z,232,1.0,0.0,1.0,18.9,54.9,18.623,65.225,31.0
2026-09-30T20:00:15Z,232,0.0,0.0,0.0,18.9,54.3,18.084,66.635,31.0
2026-09-30T20:05:15Z,232,0.0,0.0,0.0,18.8,54.5,18.313,66.086,31.0
2026-09-30T20:10:15Z,232,0.0,0.0,0.0,18.8,54.0,18.068,65.502,31.0
2026-09-30T20:15:15Z,232,0.0,0.0,0.0,18.7,54.4,18.516,64.861,31.0
2026-09-30T20:20:15Z,232,0.0,0.0,1.0,18.7,53.3,18.727,61.609,31.0
2026-09-30T20:25:15Z,232,0.0,0.0,0.0,18.7,52.3,18.866,60.629,31.0
2026-09-30T20:30:15Z,232,0.0,0.0,0.0,18.8,52.7,18.957,60.825,31.0
2026-09-30T20:35:15Z,232,0.0,0.0,0.0,18.9,52.2,18.92,60.249,31.0
2026-09-30T20:40:15Z,232,4.0,0.0,4.0,18.9,51.8,18.93,60.667,31.0
2026-09-30T20:45:15Z,232,0.0,0.0,0.0,19.0,51.7,19.28,59.366,31.0
2026-09-30T20:50:14Z,232,0.0,0.0,0.0,19.0,51.4,18.949,59.658,31.0
2026-09-30T20:55:15Z,232,0.0,0.0,0.0,19.0,51.5,18.896,60.615,31.0
2026-09-30T21:00:15Z,232,0.0,0.0,0.0,19.0,51.1,19.277,59.145,31.0
2026-09-30T21:05:15Z,232,14.0,3.0,17.0,19.1,51.6,19.085,60.451,31.0
2026-09-30T21:10:15Z,232,14.0,5.0,17.0,19.1,51.9,19.016,61.571,31.0
2026-09-30T21:15:15Z,232,1.0,0.0,2.0,19.1,52.0,19.08,61.565,31.0
2026-09-30T21:20:15Z,232,1.0,0.0,1.0,19.1,52.2,19.029,61.531,31.0
2026-09-30T21:25:15Z,232,0.0,0.0,0.0,19.1,52.2,19.002,61.35,31.0
2026-09-30T21:30:15Z,232,0.0,0.0,0.0,19.1,52.5,19.115,62.545,31.0
2026-09-30T21:35:15Z,232,0.0,0.0,0.0,19.0,52.5,19.125,61.533,31.0
2026-09-30T21:40:15Z,232,0.0,0.0,0.0,19.0,52.3,18.824,61.754,31.0
2026-09-30T21:45:15Z,232,0.0,0.0,0.0,19.0,52.1,18.802,61.906,31.0
2026-09-30T21:50:15Z,232,0.0,0.0,0.0,18.9,52.3,18.589,62.814,31.0
2026-09-30T21:55:15Z,232,0.0,0.0,0.0,18.9,52.7,18.583,62.837,31.0
2026-09-30T22:00:15Z,232,0.0,0.0,0.0,18.8,52.2,18.503,62.034,31.0
2026-09-30T22:05:15Z,232,2.0,0.0,3.0,18.7,52.2,18.169,63.116,31.0
2026-09-30T22:10:15Z,232,0.0,0.0,0.0,18.6,52.6,17.95,64.14,31.0
2026-09-30T22:15:15Z,232,0.0,0.0,0.0,18.5,52.7,17.86,64.127,31.0
2026-09-30T22:20:15Z,232,2.0,0.0,3.0,18.3,53.1,17.566,65.155,31.0
2026-09-30T22:25:15Z,232,6.0,2.0,6.0,18.1,53.7,17.483,65.695,31.0
2026-09-30T22:30:15Z,232,3.0,1.0,3.0,18.0,54.1,17.483,65.407,31.0
2026-09-30T22:35:15Z,232,4.0,1.0,4.0,17.8,54.5,17.285,66.311,31.0
2026-09-30T22:40:15Z,232,3.0,0.0,4.0,17.7,55.3,17.056,67.739,31.0
2026-09-30T22:45:15Z,232,3.0,1.0,3.0,17.6,54.5,16.922,65.719,31.0
2026-09-30T22:50:15Z,232,5.0,2.0,6.0,17.4,55.5,16.738,68.346,31.0
2026-09-30T22:55:15Z,232,2.0,0.0,3.0,17.3,56.7,16.455,69.961,31.0
2026-09-30T23:00:15Z,232,4.0,1.0,4.0,17.2,57.2,16.546,69.999,31.0
2026-09-30T23:05:16Z,232,7.0,2.0,8.0,17.0,57.7,16.375,70.295,31.0
2026-09-30T23:10:15Z,232,7.0,4.0,7.0,16.9,57.9,16.239,70.736,31.0
2026-09-30T23:15:15Z,232,9.0,6.0,12.0,16.8,58.4,16.105,71.596,31.0
2026-09-30T23:20:15Z,232,5.0,2.0,5.0,16.6,58.6,15.811,72.25,31.0
2026-09-30T23:25:16Z,232,5.0,3.0,6.0,16.4,59.2,15.726,72.836,31.0
2026-09-30T23:30:16Z,232,6.0,2.0,6.0,16.2,59.7,15.713,73.114,31.0
2026-09-30T23:35:15Z,232,6.0,2.0,6.0,16.1,60.2,15.558,73.732,31.0
2026-09-30T23:40:15Z,232,0.0,0.0,1.0,16.0,60.7,15.376,74.024,31.0
2026-09-30T23:45:15Z,232,2.0,0.0,2.0,15.8,61.0,15.283,74.014,31.0
2026-09-30T23:50:15Z,232,8.0,5.0,8.0,15.7,61.4,15.235,74.306,31.0
2026-09-30T23:55:15Z,232,8.0,3.0,9.0,15.6,62.1,15.181,75.046,31.0
2026-10-01T00:00:15Z,232,7.0,3.0,7.0,15.6,62.2,15.224,74.701,31.0
2026-10-01T00:05:15Z,232,8.0,4.0,8.0,15.5,62.9,15.2,75.329,31.0
2026-10-01T00:10:15Z,232,6.0,4.0,6.0,15.5,62.9,15.232,74.531,31.0
2026-10-01T00:15:15Z,232,9.0,5.0,9.0,15.5,62.6,15.285,73.944,31.0
2026-10-01T00:20:15Z,232,8.0,5.0,11.0,15.5,63.1,15.259,74.84,31.0
2026-10-01T00:25:15Z,232,7.0,4.0,8.0,15.5,63.4,15.24,75.144,31.0
2026-10-01T00:30:15Z,232,3.0,1.0,4.0,15.4,63.5,15.122,75.479,31.0
2026-10-01T00:35:15Z,232,6.0,4.0,8.0,15.4,63.3,15.181,74.934,31.0
2026-10-01T00:40:16Z,232,7.0,4.0,7.0,15.4,63.0,15.104,73.973,31.0
2026-10-01T00:45:15Z,232,14.0,6.0,16.0,15.4,62.5,15.05,73.786,31.0
2026-10-01T00:50:15Z,232,18.0,9.0,20.0,15.4,62.3,14.997,73.953,31.0
2026-10-01T00:55:16Z,232,28.0,14.0,29.0,15.4,62.8,14.938,74.173,31.0
2026-10-01T01:00:15Z,232,20.0,8.0,23.0,15.4,62.3,14.887,74.222,31.0
2026-10-01T01:05:15Z,232,6.0,4.0,7.0,15.3,62.9,14.882,74.682,31.0
2026-10-01T01:10:15Z,232,5.0,3.0,6.0,15.3,63.0,14.797,74.673,31.0
2026-10-01T01:15:15Z,232,20.0,9.0,23.0,15.3,62.7,14.845,74.209,31.0
2026-10-01T01:20:15Z,232,16.0,8.0,16.0,15.3,63.0,14.845,74.762,31.0
2026-10-01T01:25:15Z,232,13.0,5.0,16.0,15.2,62.7,14.746,74.465,31.0
2026-10-01T01:30:15Z,232,4.0,0.0,4.0,15.2,62.7,14.586,74.484,31.0
2026-10-01T01:35:16Z,232,5.0,3.0,6.0,15.1,62.6,14.479,75.157,31.0
2026-10-01T01:40:16Z,232,16.0,6.0,16.0,15.0,62.9,14.367,75.136,31.0
2026-10-01T01:45:15Z,232,6.0,4.0,8.0,15.0,63.1,14.265,75.098,31.0
2026-10-01T01:50:16Z,232,5.0,2.0,5.0,14.9,62.9,14.081,75.264,31.0
2026-10-01T01:55:15Z,232,5.0,3.0,5.0,14.7,63.1,13.953,75.634,31.0
2026-10-01T02:00:15Z,232,9.0,5.0,9.0,14.7,63.4,13.825,75.933,31.0
2026-10-01T02:05:15Z,232,13.0,5.0,16.0,14.6,63.3,13.798,76.393,31.0
2026-10-01T02:10:16Z,232,11.0,5.0,11.0,14.5,63.4,13.705,76.542,31.0
2026-10-01T02:15:15Z,232,23.0,13.0,25.0,14.4,63.6,13.587,76.422,31.0
2026-10-01T02:20:16Z,232,25.0,13.0,25.0,14.3,63.9,13.518,76.547,31.0
2026-10-01T02:25:15Z,232,23.0,9.0,23.0,14.3,64.1,13.464,77.091,31.0
2026-10-01T02:30:15Z,232,9.0,5.0,9.0,14.2,64.1,13.253,77.223,31.0
2026-10-01T02:35:15Z,232,14.0,7.0,14.0,14.1,64.2,13.152,77.206,31.0
2026-10-01T02:40:16Z,232,19.0,9.0,22.0,14.0,64.6,13.157,78.031,31.0
2026-10-01T02:45:15Z,232,26.0,18.0,27.0,13.9,64.7,13.13,77.879,31.0
2026-10-01T02:50:16Z,232,1.0,1.0,1.0,13.8,64.6,12.978,77.532,31.0
2026-10-01T02:55:15Z,232,27.0,13.0,28.0,13.8,64.9,12.893,78.667,31.0
2026-10-01T03:00:16Z,232,13.0,6.0,14.0,13.7,65.2,12.967,78.26,31.0
2026-10-01T03:05:16Z,232,24.0,12.0,24.0,13.6,65.1,12.962,77.587,31.0
2026-10-01T03:10:15Z,232,7.0,3.0,8.0,13.5,65.0,12.794,78.108,31.0
2026-10-01T03:15:16Z,232,5.0,3.0,5.0,13.5,65.4,12.794,78.144,31.0
2026-10-01T03:20:15Z,232,6.0,1.0,7.0,13.5,65.4,12.805,78.266,31.0
2026-10-01T03:25:16Z,232,12.0,6.0,14.0,13.5,65.4,12.821,77.856,31.0
2026-10-01T03:30:15Z,232,6.0,3.0,6.0,13.5,65.4,12.853,77.721,31.0
2026-10-01T03:35:16Z,232,5.0,2.0,5.0,13.5,65.3,12.823,77.406,31.0
2026-10-01T03:40:15Z,232,4.0,1.0,4.0,13.5,65.2,12.941,76.816,31.0
2026-10-01T03:45:16Z,232,4.0,2.0,4.0,13.5,64.9,12.871,76.771,31.0
2026-10-01T03:50:16Z,232,3.0,1.0,3.0,13.5,64.8,12.941,76.387,31.0
2026-10-01T03:55:16Z,232,5.0,2.0,5.0,13.5,64.6,12.954,76.073,31.0
2026-10-01T04:00:16Z,232,2.0,0.0,3.0,13.6,64.3,12.922,75.781,31.0
2026-10-01T04:05:16Z,232,1.0,0.0,1.0,13.6,64.0,12.858,75.416,31.0
2026-10-01T04:10:16Z,232,2.0,0.0,2.0,13.6,64.0,12.885,75.38,31.0
2026-10-01T04:15:15Z,232,2.0,0.0,2.0,13.6,63.9,12.7,75.712,31.0
2026-10-01T04:20:16Z,232,1.0,0.0,1.0,13.6,63.8,12.626,75.93,31.0
2026-10-01T04:25:16Z,232,1.0,0.0,1.0,13.5,63.6,12.711,75.386,31.0
2026-10-01T04:30:16Z,232,2.0,0.0,2.0,13.5,63.6,12.818,75.065,31.0
2026-10-01T04:35:16Z,232,5.0,1.0,5.0,13.5,63.5,12.927,74.604,31.0
2026-10-01T04:40:16Z,232,2.0,1.0,2.0,13.5,63.5,12.933,74.571,31.0
2026-10-01T04:45:16Z,232,2.0,0.0,2.0,13.5,63.5,13.008,74.117,31.0
2026-10-01T04:50:16Z,232,2.0,0.0,2.0,13.6,63.3,12.954,74.108,31.0
2026-10-01T04:55:16Z,232,1.0,0.0,2.0,13.5,63.2,12.829,74.499,31.0
2026-10-01T05:00:16Z,232,4.0,2.0,5.0,13.5,63.3,12.77,74.827,31.0
2026-10-01T05:05:16Z,232,5.0,3.0,7.0,13.4,63.0,12.636,74.816,31.0
2026-10-01T05:10:16Z,232,6.0,5.0,7.0,13.4,63.2,12.546,75.033,31.0
2026-10-01T05:15:16Z,232,6.0,3.0,7.0,13.3,63.3,12.316,75.853,31.0
2026-10-01T05:20:16Z,232,8.0,4.0,9.0,13.3,63.7,12.281,76.193,31.0
2026-10-01T05:25:16Z,232,24.0,9.0,26.0,13.2,63.8,12.228,76.347,31.0
2026-10-01T05:30:16Z,232,6.0,3.0,7.0,13.1,63.3,12.025,75.661,31.0
2026-10-01T05:35:16Z,232,0.0,0.0,1.0,13.0,63.2,11.811,76.082,31.0
2026-10-01T05:40:16Z,232,0.0,0.0,0.0,12.9,63.3,11.606,76.362,31.0
2026-10-01T05:45:16Z,232,0.0,0.0,0.0,12.8,63.6,11.44,76.939,31.0
2026-10-01T05:50:16Z,232,2.0,0.0,3.0,12.7,63.7,11.296,77.223,31.0
2026-10-01T05:55:16Z,232,0.0,0.0,1.0,12.6,64.2,11.285,77.648,31.0
2026-10-01T06:00:16Z,232,9.0,8.0,9.0,12.5,64.2,11.333,77.263,31.0
2026-10-01T06:05:16Z,232,2.0,1.0,2.0,12.4,64.5,11.368,77.228,31.0
2026-10-01T06:10:16Z,232,0.0,0.0,0.0,12.4,64.5,11.352,77.364,31.0
2026-10-01T06:15:16Z,232,1.0,0.0,1.0,12.4,64.5,11.368,77.276,31.0
2026-10-01T06:20:16Z,232,0.0,0.0,0.0,12.3,64.4,11.293,76.982,31.0
2026-10-01T06:25:16Z,232,0.0,0.0,0.0,12.3,64.4,11.202,77.045,31.0
2026-10-01T06:30:16Z,232,3.0,1.0,3.0,12.3,64.4,10.991,77.421,31.0
2026-10-01T06:35:16Z,232,2.0,1.0,2.0,12.2,64.5,10.895,78.401,31.0
2026-10-01T06:40:16Z,232,0.0,0.0,0.0,12.1,64.8,10.933,78.152,31.0
2026-10-01T06:45:16Z,232,1.0,0.0,1.0,12.0,65.1,10.874,78.611,31.0
2026-10-01T06:50:16Z,232,0.0,0.0,0.0,12.0,65.2,10.839,78.569,31.0
2026-10-01T06:55:16Z,232,0.0,0.0,0.0,12.0,65.1,10.77,78.108,31.0
2026-10-01T07:00:16Z,232,0.0,0.0,1.0,11.9,64.9,10.711,78.213,31.0
2026-10-01T07:05:16Z,232,1.0,1.0,1.0,11.9,65.2,10.711,78.371,31.0
2026-10-01T07:10:15Z,232,2.0,1.0,3.0,11.8,65.6,10.692,78.924,31.0
2026-10-01T07:15:16Z,232,1.0,0.0,1.0,11.8,65.7,10.703,78.817,31.0
2026-10-01T07:20:16Z,232,1.0,0.0,1.0,11.8,65.5,10.628,78.371,31.0
2026-10-01T07:25:16Z,232,0.0,0.0,0.0,11.8,65.5,10.554,78.773,31.0
2026-10-01T07:30:16Z,232,0.0,0.0,0.0,11.7,65.5,10.588,78.646,31.0
2026-10-01T07:35:16Z,232,0.0,0.0,0.0,11.7,65.8,10.62,78.863,31.0
2026-10-01T07:40:16Z,232,1.0,0.0,2.0,11.7,65.7,10.508,78.766,31.0
2026-10-01T07:45:16Z,232,1.0,0.0,1.0,11.7,65.6,10.359,78.495,31.0
2026-10-01T07:50:16Z,232,0.0,0.0,0.0,11.6,65.6,10.364,78.758,31.0
2026-10-01T07:55:16Z,232,1.0,0.0,1.0,11.6,65.6,10.313,78.594,31.0
2026-10-01T08:00:16Z,232,0.0,0.0,1.0,11.6,65.6,10.335,78.749,31.0
2026-10-01T08:05:16Z,232,0.0,0.0,0.0,11.5,65.6,10.313,78.623,31.0
2026-10-01T08:10:16Z,232,0.0,0.0,0.0,11.5,65.5,10.18,78.901,31.0
2026-10-01T08:15:16Z,232,0.0,0.0,0.0,11.5,65.8,10.011,79.33,31.0
2026-10-01T08:20:16Z,232,0.0,0.0,0.0,11.4,65.8,9.985,79.803,31.0
2026-10-01T08:25:16Z,232,0.0,0.0,1.0,11.3,65.9,10.065,79.826,31.0
2026-10-01T08:30:16Z,232,0.0,0.0,0.0,11.4,66.3,10.145,79.706,31.0
2026-10-01T08:35:16Z,232,1.0,0.0,1.0,11.3,66.7,10.225,80.557,31.0
2026-10-01T08:40:16Z,232,1.0,0.0,1.0,11.3,66.9,10.319,80.13,31.0
2026-10-01T08:45:16Z,232,0.0,0.0,0.0,11.4,67.9,10.986,80.048,31.0
2026-10-01T08:50:16Z,232,0.0,0.0,0.0,11.5,68.1,11.098,79.43,31.0
2026-10-01T08:55:16Z,232,0.0,0.0,0.0,11.7,68.0,11.146,79.157,31.0
2026-10-01T09:00:17Z,232,0.0,0.0,0.0,11.8,67.7,11.192,78.823,31.0
2026-10-01T09:05:16Z,232,0.0,0.0,0.0,11.9,67.2,11.064,78.848,31.0
2026-10-01T09:10:17Z,232,0.0,0.0,0.0,11.9,66.9,11.112,78.581,31.0
2026-10-01T09:15:16Z,232,0.0,0.0,0.0,12.0,66.4,11.034,78.567,31.0
2026-10-01T09:20:16Z,232,0.0,0.0,0.0,12.1,66.3,11.098,78.442,31.0
2026-10-01T09:25:16Z,232,0.0,0.0,0.0,12.1,66.1,11.125,77.89,31.0
2026-10-01T09:30:16Z,232,0.0,0.0,0.0,12.1,65.9,11.194,77.762,31.0
2026-10-01T09:35:16Z,232,0.0,0.0,0.0,12.2,65.6,11.205,77.461,31.0
2026-10-01T09:40:17Z,232,0.0,0.0,0.0,12.2,65.6,11.149,77.688,31.0
2026-10-01T09:45:16Z,232,0.0,0.0,0.0,12.2,65.4,11.08,77.608,31.0
2026-10-01T09:50:16Z,232,0.0,0.0,0.0,12.2,65.5,11.176,77.644,31.0
2026-10-01T09:55:16Z,232,0.0,0.0,0.0,12.2,65.5,11.202,77.736,31.0
2026-10-01T10:00:17Z,232,0.0,0.0,0.0,12.2,65.4,11.093,77.307,31.0
2026-10-01T10:05:16Z,232,0.0,0.0,0.0,12.2,65.4,11.21,77.391,31.0
2026-10-01T10:10:17Z,232,6.0,3.0,6.0,12.2,65.4,11.002,77.827,31.0
2026-10-01T10:15:16Z,232,6.0,3.0,7.0,12.2,65.4,11.088,78.018,31.0
2026-10-01T10:20:17Z,232,8.0,5.0,8.0,12.2,65.4,11.152,77.93,31.0
2026-10-01T10:25:17Z,232,4.0,2.0,5.0,12.1,65.5,11.154,77.732,31.0
2026-10-01T10:30:17Z,232,3.0,1.0,3.0,12.2,65.4,11.138,77.709,31.0
2026-10-01T10:35:16Z,232,1.0,0.0,2.0,12.2,65.3,11.015,77.633,31.0
2026-10-01T10:40:17Z,232,0.0,0.0,0.0,12.1,65.4,10.989,77.892,31.0
2026-10-01T10:45:17Z,232,0.0,0.0,0.0,12.1,65.4,11.045,77.654,31.0
2026-10-01T10:50:17Z,232,0.0,0.0,0.0,12.1,65.4,11.007,77.635,31.0
2026-10-01T10:55:17Z,232,0.0,0.0,0.0,12.1,65.4,10.954,77.707,31.0
2026-10-01T11:00:17Z,232,2.0,0.0,2.0,12.0,65.4,10.925,77.711,31.0
2026-10-01T11:05:17Z,232,0.0,0.0,0.0,12.1,65.5,11.015,77.825,31.0
2026-10-01T11:10:17Z,232,2.0,1.0,2.0,12.0,65.4,11.085,77.77,31.0
2026-10-01T11:15:17Z,232,3.0,1.0,3.0,12.1,65.7,11.181,77.618,31.0
2026-10-01T11:20:17Z,232,0.0,0.0,1.0,12.1,65.5,11.21,77.547,31.0
2026-10-01T11:25:16Z,232,0.0,0.0,0.0,12.2,65.5,11.312,77.152,31.0
2026-10-01T11:30:17Z,232,1.0,0.0,1.0,12.2,65.5,11.568,76.633,31.0
2026-10-01T11:35:17Z,232,2.0,0.0,2.0,12.3,65.5,11.979,75.712,31.0
2026-10-01T11:40:17Z,232,3.0,0.0,3.0,12.4,65.7,12.666,73.58,31.0
2026-10-01T11:45:17Z,232,4.0,2.0,4.0,12.7,65.6,13.12,72.021,31.0
2026-10-01T11:50:17Z,232,8.0,4.0,8.0,12.8,65.4,13.964,70.503,31.0
2026-10-01T11:55:17Z,232,24.0,9.0,26.0,13.2,65.7,17.456,61.603,31.0
2026-10-01T12:00:17Z,232,8.0,5.0,8.0,13.7,65.4,19.475,55.454,31.0
2026-10-01T12:05:17Z,232,2.0,1.0,3.0,14.5,63.2,19.104,54.565,31.0
2026-10-01T12:10:17Z,232,2.0,1.0,2.0,15.2,60.6,18.153,56.778,31.0
2026-10-01T12:15:17Z,232,6.0,4.0,6.0,15.8,58.7,17.528,58.622,31.0
2026-10-01T12:20:17Z,232,3.0,0.0,4.0,16.4,58.1,21.016,51.261,31.0
2026-10-01T12:25:17Z,232,3.0,0.0,3.0,17.0,56.5,21.045,50.401,31.0
2026-10-01T12:30:17Z,232,13.0,9.0,15.0,17.7,55.1,21.852,47.95,31.0
2026-10-01T12:35:17Z,232,12.0,6.0,12.0,18.2,53.7,20.752,50.891,31.0
2026-10-01T12:40:17Z,232,7.0,5.0,7.0,18.6,52.7,20.677,51.998,31.0
2026-10-01T12:45:20Z,232,4.0,1.0,5.0,19.0,51.3,20.687,50.165,31.0
2026-10-01T12:50:16Z,232,0.0,0.0,0.0,19.2,50.4,19.606,52.505,31.0
2026-10-01T12:55:17Z,232,0.0,0.0,0.0,19.5,49.4,20.541,50.163,31.0
2026-10-01T13:00:17Z,232,0.0,0.0,0.0,19.7,48.4,18.3,54.693,31.0
2026-10-01T13:05:27Z,232,0.0,0.0,1.0,19.5,48.1,17.189,57.403,31.0
2026-10-01T13:10:17Z,232,1.0,0.0,1.0,19.3,48.2,18.372,54.855,31.0
2026-10-01T13:15:17Z,232,0.0,0.0,0.0,19.3,48.2,18.773,54.208,31.0
2026-10-01T13:20:17Z,232,0.0,0.0,0.0,19.3,48.3,17.547,57.397,31.0
2026-10-01T13:25:17Z,232,1.0,0.0,1.0,19.1,48.3,17.611,57.865,31.0
2026-10-01T13:30:18Z,232,0.0,0.0,0.0,18.9,48.5,17.163,59.15,31.0
2026-10-01T13:35:17Z,232,0.0,0.0,0.0,18.7,48.9,17.085,59.192,31.0
2026-10-01T13:40:16Z,232,1.0,0.0,1.0,18.6,49.5,17.496,58.698,31.0
2026-10-01T13:45:17Z,232,0.0,0.0,0.0,18.5,49.9,17.918,58.313,31.0
2026-10-01T13:50:17Z,232,0.0,0.0,0.0,18.4,49.9,17.702,59.167,31.0
2026-10-01T13:55:17Z,232,0.0,0.0,0.0,18.4,50.3,17.328,59.652,31.0
2026-10-01T14:00:17Z,232,1.0,0.0,1.0,18.4,50.2,17.974,57.998,31.0
2026-10-01T14:05:16Z,232,0.0,0.0,0.0,18.4,50.0,17.718,58.977,31.0
2026-10-01T14:10:20Z,232,0.0,0.0,0.0,18.5,50.4,17.491,60.236,31.0
2026-10-01T14:15:18Z,232,0.0,0.0,0.0,18.5,50.1,17.844,58.801,31.0
2026-10-01T14:20:17Z,232,1.0,0.0,2.0,18.4,50.1,17.974,58.092,31.0
2026-10-01T14:25:17Z,232,3.0,1.0,3.0,18.4,49.6,17.809,57.79,31.0
2026-10-01T14:30:17Z,232,1.0,0.0,1.0,18.4,49.0,17.718,56.762,31.0
2026-10-01T14:35:17Z,232,1.0,0.0,1.0,18.4,49.2,18.095,56.43,31.0
2026-10-01T14:40:17Z,232,0.0,0.0,0.0,18.4,49.2,18.041,56.522,31.0
2026-10-01T14:45:17Z,232,0.0,0.0,0.0,18.4,49.6,18.265,57.27,31.0
2026-10-01T14:50:19Z,232,0.0,0.0,1.0,18.5,49.4,18.709,55.791,31.0
2026-10-01T14:55:19Z,232,0.0,0.0,0.0,18.6,49.6,18.824,56.387,31.0
2026-10-01T15:00:17Z,232,0.0,0.0,0.0,18.7,49.8,19.71,54.475,31.0
2026-10-01T15:05:17Z,232,0.0,0.0,0.0,18.9,49.0,19.742,53.215,31.0
2026-10-01T15:10:17Z,232,0.0,0.0,0.0,19.0,49.3,20.087,54.229,31.0
2026-10-01T15:15:17Z,232,0.0,0.0,0.0,19.2,49.1,20.252,53.483,31.0
2026-10-01T15:20:17Z,232,1.0,0.0,2.0,19.4,48.6,20.541,52.619,31.0
2026-10-01T15:25:17Z,232,0.0,0.0,0.0,19.5,47.8,20.695,51.258,31.0
2026-10-01T15:30:17Z,232,0.0,0.0,0.0,19.7,47.4,20.81,50.077,31.0
2026-10-01T15:35:17Z,232,0.0,0.0,0.0,19.8,47.4,20.992,51.187,31.0
2026-10-01T15:40:17Z,232,0.0,0.0,1.0,19.9,46.6,20.565,51.851,31.0
2026-10-01T15:45:17Z,232,0.0,0.0,0.0,19.9,46.5,20.671,51.12,31.0
2026-10-01T15:50:17Z,232,0.0,0.0,1.0,20.0,46.6,20.85,51.332,31.0
2026-10-01T15:55:17Z,232,1.0,0.0,1.0,20.1,46.6,20.888,51.492,31.0
2026-10-01T16:00:17Z,232,1.0,0.0,1.0,20.1,47.4,21.091,52.11,31.0
2026-10-01T16:05:17Z,232,0.0,0.0,0.0,20.2,46.5,21.104,51.3,31.0
2026-10-01T16:10:19Z,232,0.0,0.0,0.0,20.2,46.8,21.141,51.502,31.0
2026-10-01T16:15:17Z,232,0.0,0.0,0.0,20.2,45.7,20.586,50.853,31.0
2026-10-01T16:20:17Z,232,0.0,0.0,0.0,20.3,45.6,20.754,50.603,31.0
2026-10-01T16:25:22Z,232,1.0,1.0,1.0,20.3,46.3,20.706,53.44,31.0
2026-10-01T16:30:17Z,232,0.0,0.0,0.0,20.4,45.6,21.286,50.622,31.0
2026-10-01T16:35:17Z,232,1.0,0.0,2.0,20.5,46.2,21.334,50.905,31.0
2026-10-01T16:40:17Z,232,0.0,0.0,0.0,20.6,44.8,21.932,48.496,31.0
2026-10-01T16:45:17Z,232,1.0,0.0,1.0,20.8,44.4,22.033,47.183,31.0
2026-10-01T16:50:18Z,232,0.0,0.0,0.0,21.0,44.3,22.415,47.534,31.0
2026-10-01T16:55:23Z,232,0.0,0.0,1.0,21.2,44.7,22.271,49.596,31.0
2026-10-01T17:00:18Z,232,4.0,0.0,4.0,21.4,43.8,22.477,47.338,31.0
2026-10-01T17:05:20Z,232,0.0,0.0,0.0,21.6,44.0,22.471,46.379,31.0
2026-10-01T17:10:18Z,232,1.0,0.0,1.0,21.7,42.8,22.319,46.258,31.0
2026-10-01T17:15:17Z,232,0.0,0.0,0.0,21.8,42.4,22.479,45.448,31.0
2026-10-01T17:20:18Z,232,0.0,0.0,0.0,21.9,41.7,22.607,43.95,31.0
2026-10-01T17:25:17Z,232,0.0,0.0,0.0,21.9,41.4,22.487,45.49,31.0
2026-10-01T17:30:18Z,232,0.0,0.0,0.0,21.9,41.7,22.252,45.192,31.0
2026-10-01T17:35:17Z,232,1.0,0.0,1.0,21.9,41.4,22.183,45.141,31.0
2026-10-01T17:40:17Z,232,0.0,0.0,0.0,21.9,41.6,22.025,46.451,31.0
2026-10-01T17:45:17Z,232,0.0,0.0,0.0,21.9,41.2,22.33,45.301,31.0
2026-10-01T17:50:17Z,232,0.0,0.0,0.0,22.0,41.5,22.613,44.427,31.0
2026-10-01T17:55:17Z,232,0.0,0.0,0.0,22.1,41.0,22.634,42.571,31.0
2026-10-01T18:00:18Z,232,2.0,0.0,2.0,22.2,40.8,22.506,44.391,31.0
2026-10-01T18:05:17Z,232,6.0,4.0,7.0,22.2,40.5,21.937,46.106,31.0
2026-10-01T18:10:18Z,232,2.0,0.0,4.0,22.2,41.2,22.696,45.789,31.0
2026-10-01T18:15:18Z,232,2.0,0.0,2.0,22.2,42.1,22.583,46.75,31.0
2026-10-01T18:20:17Z,232,0.0,0.0,0.0,22.2,41.9,21.662,49.421,31.0
2026-10-01T18:25:18Z,232,2.0,0.0,2.0,22.2,42.4,21.651,49.455,31.0
2026-10-01T18:30:17Z,232,1.0,1.0,1.0,22.1,41.8,21.929,47.14,31.0
2026-10-01T18:35:18Z,232,1.0,0.0,2.0,22.0,42.8,22.324,48.988,31.0
2026-10-01T18:40:17Z,232,1.0,0.0,1.0,22.1,44.1,22.29,52.198,31.0
2026-10-01T18:45:17Z,232,0.0,0.0,0.0,22.0,44.8,21.836,52.751,31.0
2026-10-01T18:50:17Z,232,0.0,0.0,1.0,22.0,44.4,21.691,53.077,31.0
2026-10-01T18:55:18Z,232,0.0,0.0,0.0,21.9,44.3,21.264,54.073,31.0
2026-10-01T19:00:18Z,232,1.0,0.0,2.0,21.8,44.3,21.005,54.142,31.0
2026-10-01T19:05:17Z,232,0.0,0.0,0.0,21.6,44.4,20.813,54.786,31.0
2026-10-01T19:10:18Z,232,1.0,0.0,1.0,21.5,44.5,20.306,55.334,31.0
2026-10-01T19:15:18Z,232,1.0,0.0,1.0,21.3,45.2,20.85,55.515,31.0
2026-10-01T19:20:18Z,232,0.0,0.0,0.0,21.1,45.3,20.88,54.0,31.0
2026-10-01T19:25:17Z,232,1.0,0.0,2.0,21.0,44.5,20.645,52.625,31.0
2026-10-01T19:30:17Z,232,2.0,0.0,2.0,20.9,45.1,19.774,56.093,31.0
2026-10-01T19:35:17Z,232,1.0,0.0,2.0,20.7,44.5,19.721,53.47,31.0
2026-10-01T19:40:17Z,232,1.0,0.0,1.0,20.6,45.5,19.87,55.74,31.0
2026-10-01T19:45:18Z,232,3.0,0.0,3.0,20.5,45.9,19.499,56.392,31.0
2026-10-01T19:50:18Z,232,5.0,2.0,5.0,20.3,45.9,19.782,56.39,31.0
2026-10-01T19:55:18Z,232,4.0,2.0,4.0,20.2,45.9,19.553,55.744,31.0
2026-10-01T20:00:17Z,232,15.0,6.0,17.0,20.1,46.2,19.686,55.637,31.0
2026-10-01T20:05:18Z,232,8.0,1.0,8.0,20.0,45.9,19.694,54.754,31.0
2026-10-01T20:10:18Z,232,0.0,0.0,0.0,20.0,47.0,19.326,58.624,31.0
2026-10-01T20:15:18Z,232,3.0,2.0,5.0,19.9,48.7,19.747,58.969,31.0
2026-10-01T20:20:17Z,232,0.0,0.0,0.0,19.9,47.7,19.398,56.736,31.0
2026-10-01T20:25:18Z,232,7.0,2.0,9.0,19.8,49.1,19.627,59.9,31.0
2026-10-01T20:30:18Z,232,3.0,0.0,4.0,19.8,49.9,19.868,60.028,31.0
2026-10-01T20:35:18Z,232,1.0,0.0,2.0,19.8,50.3,20.343,59.415,31.0
2026-10-01T20:40:18Z,232,0.0,0.0,0.0,19.9,50.6,19.868,61.533,31.0
2026-10-01T20:45:18Z,232,0.0,0.0,0.0,19.9,51.0,19.87,61.746,31.0
2026-10-01T20:50:18Z,232,1.0,0.0,1.0,19.9,50.6,19.844,61.132,31.0
2026-10-01T20:55:18Z,232,0.0,0.0,0.0,19.9,50.0,19.897,59.297,31.0
2026-10-01T21:00:18Z,232,0.0,0.0,1.0,19.8,50.0,19.844,59.143,31.0
2026-10-01T21:05:18Z,232,1.0,0.0,1.0,19.8,49.1,19.734,58.088,31.0
2026-10-01T21:10:18Z,232,2.0,1.0,3.0,19.8,49.7,19.483,60.524,31.0
2026-10-01T21:15:18Z,232,4.0,0.0,4.0,19.6,49.5,19.184,59.923,31.0
2026-10-01T21:20:18Z,232,1.0,0.0,1.0,19.6,49.4,19.157,60.003,31.0
2026-10-01T21:25:18Z,232,1.0,0.0,1.0,19.4,48.9,18.914,58.731,31.0
2026-10-01T21:30:17Z,232,0.0,0.0,0.0,19.3,48.7,18.605,59.085,31.0
2026-10-01T21:35:18Z,232,0.0,0.0,0.0,19.1,49.7,18.46,61.201,31.0
2026-10-01T21:40:18Z,232,2.0,0.0,4.0,18.9,48.5,17.985,59.349,31.0
2026-10-01T21:45:18Z,232,6.0,3.0,7.0,18.8,50.7,18.057,63.703,31.0
2026-10-01T21:50:18Z,232,0.0,0.0,1.0,18.5,51.2,17.71,63.574,31.0
2026-10-01T21:55:18Z,232,0.0,0.0,0.0,18.3,51.2,17.801,62.458,31.0
2026-10-01T22:00:18Z,232,1.0,1.0,2.0,18.2,49.8,17.694,59.524,31.0
2026-10-01T22:05:18Z,232,0.0,0.0,0.0,18.1,50.1,17.635,59.972,31.0
2026-10-01T22:10:18Z,232,0.0,0.0,0.0,18.0,49.6,17.659,58.019,31.0
2026-10-01T22:15:18Z,232,0.0,0.0,1.0,17.9,48.0,17.67,54.372,31.0
2026-10-01T22:20:18Z,232,0.0,0.0,0.0,17.8,47.8,17.691,54.639,31.0
2026-10-01T22:25:18Z,232,3.0,1.0,3.0,17.7,47.9,17.633,55.301,31.0
2026-10-01T22:30:18Z,232,1.0,0.0,1.0,17.7,47.7,17.582,54.988,31.0
2026-10-01T22:35:19Z,232,2.0,0.0,3.0,17.6,48.6,17.512,57.104,31.0
2026-10-01T22:40:18Z,232,7.0,4.0,9.0,17.5,49.5,17.299,58.429,31.0
2026-10-01T22:45:18Z,232,4.0,3.0,5.0,17.4,50.0,17.077,59.999,31.0
2026-10-01T22:50:18Z,232,8.0,4.0,8.0,17.3,50.7,16.997,60.913,31.0
2026-10-01T22:55:18Z,232,27.0,17.0,29.0,17.2,50.7,16.89,60.6,31.0
2026-10-01T23:00:18Z,232,3.0,2.0,4.0,17.1,50.8,16.821,60.741,31.0
2026-10-01T23:05:18Z,232,39.0,23.0,48.0,17.0,50.6,16.706,59.73,31.0
2026-10-01T23:10:18Z,232,29.0,17.0,33.0,17.0,49.8,16.669,57.123,31.0
2026-10-01T23:15:18Z,232,43.0,27.0,50.0,16.9,49.0,16.626,56.371,31.0
2026-10-01T23:20:18Z,232,27.0,19.0,28.0,16.9,49.1,16.706,55.761,31.0
2026-10-01T23:25:18Z,232,18.0,8.0,19.0,16.8,48.7,16.629,56.793,31.0
2026-10-01T23:30:18Z,232,26.0,15.0,28.0,16.7,48.5,16.709,55.339,31.0
2026-10-01T23:35:18Z,232,12.0,6.0,12.0,16.7,47.6,16.538,53.974,31.0
2026-10-01T23:40:18Z,232,27.0,17.0,28.0,16.6,46.9,16.479,52.928,31.0
2026-10-01T23:45:18Z,232,29.0,18.0,31.0,16.6,46.9,16.516,52.701,31.0
2026-10-01T23:50:18Z,232,18.0,9.0,20.0,16.6,48.2,16.167,54.912,31.0
2026-10-01T23:55:18Z,232,8.0,5.0,8.0,16.4,45.8,16.273,51.145,31.0
2026-10-02T00:00:18Z,232,9.0,4.0,9.0,16.4,47.3,16.268,54.714,31.0
2026-10-02T00:05:18Z,232,6.0,3.0,8.0,16.3,47.7,16.284,55.238,31.0
2026-10-02T00:10:18Z,232,11.0,5.0,11.0,16.2,48.6,16.201,57.243,31.0
2026-10-02T00:15:18Z,232,12.0,5.0,13.0,16.2,49.4,16.03,58.874,31.0
2026-10-02T00:20:19Z,232,9.0,6.0,11.0,16.2,49.8,16.126,58.803,31.0
2026-10-02T00:25:18Z,232,24.0,15.0,25.0,16.2,49.6,15.905,58.527,31.0
2026-10-02T00:30:18Z,232,24.0,18.0,27.0,16.1,49.8,15.697,59.713,31.0
2026-10-02T00:35:18Z,232,42.0,28.0,49.0,16.0,50.2,15.814,59.564,31.0
2026-10-02T00:40:18Z,232,33.0,23.0,37.0,16.0,50.2,15.862,58.164,31.0
2026-10-02T00:45:18Z,232,31.0,22.0,34.0,15.9,51.3,15.686,61.208,31.0
2026-10-02T00:50:19Z,232,14.0,6.0,14.0,15.9,50.7,15.448,60.859,31.0
2026-10-02T00:55:18Z,232,35.0,24.0,40.0,15.9,50.6,15.576,59.427,31.0
2026-10-02T01:00:19Z,232,25.0,17.0,27.0,15.8,50.8,15.389,60.684,31.0
2026-10-02T01:05:18Z,232,29.0,22.0,30.0,15.8,50.3,15.52,58.13,31.0
2026-10-02T01:10:18Z,232,4.0,2.0,4.0,15.7,49.3,15.499,55.696,31.0
2026-10-02T01:15:18Z,232,15.0,9.0,16.0,15.7,48.6,15.51,54.878,31.0
2026-10-02T01:20:18Z,232,11.0,7.0,11.0,15.6,50.4,15.451,60.239,31.0
2026-10-02T01:25:19Z,232,5.0,4.0,8.0,15.6,50.6,15.376,58.956,31.0
2026-10-02T01:30:18Z,232,7.0,3.0,7.0,15.6,49.1,15.576,56.251,31.0
2026-10-02T01:35:18Z,232,3.0,1.0,3.0,15.6,49.1,15.624,55.843,31.0
2026-10-02T01:40:18Z,232,6.0,3.0,8.0,15.7,49.5,15.614,57.045,31.0
2026-10-02T01:45:18Z,232,12.0,5.0,12.0,15.6,49.6,15.494,57.285,31.0
2026-10-02T01:50:18Z,232,9.0,5.0,9.0,15.6,49.1,15.568,56.06,31.0
2026-10-02T01:55:18Z,232,14.0,6.0,16.0,15.6,50.0,15.419,58.565,31.0
2026-10-02T02:00:19Z,232,13.0,6.0,15.0,15.6,49.0,15.51,55.496,31.0
2026-10-02T02:05:18Z,232,13.0,7.0,15.0,15.6,47.5,15.462,52.352,31.0
2026-10-02T02:10:18Z,232,26.0,14.0,27.0,15.6,47.1,15.512,52.759,31.0
2026-10-02T02:15:18Z,232,7.0,4.0,7.0,15.6,46.6,15.512,52.684,31.0
2026-10-02T02:20:18Z,232,1.0,0.0,1.0,15.6,46.5,15.651,51.332,31.0
2026-10-02T02:25:18Z,232,2.0,1.0,3.0,15.6,47.6,15.486,54.382,31.0
2026-10-02T02:30:19Z,232,17.0,8.0,18.0,15.6,47.4,15.443,55.95,31.0
2026-10-02T02:35:19Z,232,6.0,3.0,6.0,15.6,47.5,15.323,53.117,31.0
2026-10-02T02:40:18Z,232,0.0,0.0,0.0,15.6,45.9,15.253,51.368,31.0
2026-10-02T02:45:19Z,232,0.0,0.0,0.0,15.6,47.0,15.424,53.682,31.0
2026-10-02T02:50:18Z,232,0.0,0.0,0.0,15.6,46.2,15.539,51.944,31.0
2026-10-02T02:55:18Z,232,4.0,0.0,4.0,15.6,46.7,15.357,53.499,31.0
2026-10-02T03:00:19Z,232,0.0,0.0,1.0,15.6,47.3,15.389,54.132,31.0
2026-10-02T03:05:18Z,232,25.0,15.0,25.0,15.5,48.1,15.109,55.101,31.0
2026-10-02T03:10:19Z,232,29.0,20.0,29.0,15.5,46.9,15.285,52.4,31.0
2026-10-02T03:15:19Z,232,14.0,5.0,15.0,15.5,48.4,15.371,56.356,31.0
2026-10-02T03:20:19Z,232,6.0,2.0,6.0,15.5,48.0,15.333,54.027,31.0
2026-10-02T03:25:18Z,232,6.0,4.0,6.0,15.4,47.1,15.165,51.359,31.0
2026-10-02T03:30:19Z,232,0.0,0.0,0.0,15.4,45.3,15.4,49.814,31.0
2026-10-02T03:35:18Z,232,0.0,0.0,0.0,15.5,43.9,15.47,46.571,31.0
2026-10-02T03:40:18Z,232,0.0,0.0,0.0,15.5,46.3,15.587,52.659,31.0
2026-10-02T03:45:18Z,232,0.0,0.0,0.0,15.5,45.0,15.667,49.983,31.0
2026-10-02T03:50:19Z,232,0.0,0.0,0.0,15.5,47.8,15.51,55.442,31.0
2026-10-02T03:55:19Z,232,0.0,0.0,0.0,15.6,47.4,15.6,53.77,31.0
2026-10-02T04:00:19Z,232,0.0,0.0,0.0,15.6,47.4,15.675,53.983,31.0
2026-10-02T04:05:19Z,232,1.0,1.0,2.0,15.6,47.8,15.574,54.483,31.0
2026-10-02T04:10:19Z,232,0.0,0.0,0.0,15.6,48.1,15.435,57.178,31.0
2026-10-02T04:15:19Z,232,0.0,0.0,0.0,15.6,49.1,15.357,58.286,31.0
2026-10-02T04:20:19Z,232,0.0,0.0,0.0,15.6,48.4,15.427,55.032,31.0
2026-10-02T04:25:18Z,232,0.0,0.0,0.0,15.6,48.4,15.454,55.978,31.0
2026-10-02T04:30:19Z,232,0.0,0.0,0.0,15.7,47.8,15.496,54.334,31.0
2026-10-02T04:35:19Z,232,0.0,0.0,0.0,15.7,47.8,15.552,54.975,31.0
2026-10-02T04:40:19Z,232,0.0,0.0,0.0,15.7,47.3,15.568,53.361,31.0
2026-10-02T04:45:19Z,232,0.0,0.0,0.0,15.7,47.0,15.563,53.186,31.0
2026-10-02T04:50:19Z,232,0.0,0.0,0.0,15.7,46.4,15.627,52.488,31.0
2026-10-02T04:55:19Z,232,0.0,0.0,0.0,15.7,47.2,15.689,54.636,31.0
2026-10-02T05:00:19Z,232,0.0,0.0,0.0,15.7,47.3,15.678,54.119,31.0
2026-10-02T05:05:19Z,232,0.0,0.0,0.0,15.8,47.2,15.662,53.854,31.0
2026-10-02T05:10:19Z,232,0.0,0.0,0.0,15.8,48.1,15.659,55.912,31.0
2026-10-02T05:15:19Z,232,0.0,0.0,0.0,15.8,48.7,15.584,57.758,31.0
2026-10-02T05:20:19Z,232,0.0,0.0,0.0,15.8,49.6,15.51,58.855,31.0
2026-10-02T05:25:19Z,232,0.0,0.0,0.0,15.8,49.8,15.365,60.136,31.0
2026-10-02T05:30:19Z,232,0.0,0.0,0.0,15.8,50.4,15.227,61.218,31.0
2026-10-02T05:35:19Z,232,0.0,0.0,0.0,15.8,50.8,15.251,60.848,31.0
2026-10-02T05:40:18Z,232,0.0,0.0,0.0,15.7,50.9,15.187,60.859,31.0
2026-10-02T05:45:19Z,232,0.0,0.0,0.0,15.7,50.8,15.026,61.628,31.0
2026-10-02T05:50:19Z,232,0.0,0.0,0.0,15.6,51.8,15.066,62.563,31.0
2026-10-02T05:55:19Z,232,0.0,0.0,0.0,15.6,52.3,15.013,64.027,31.0
2026-10-02T06:00:19Z,232,0.0,0.0,0.0,15.5,53.8,14.821,65.939,31.0
2026-10-02T06:05:18Z,232,0.0,0.0,0.0,15.5,54.4,14.794,67.093,31.0
2026-10-02T06:10:19Z,232,0.0,0.0,0.0,15.5,55.0,14.506,68.458,31.0
2026-10-02T06:15:19Z,232,0.0,0.0,0.0,15.4,55.9,14.444,69.181,31.0
2026-10-02T06:20:19Z,232,0.0,0.0,0.0,15.3,56.4,14.492,70.358,31.0
2026-10-02T06:25:19Z,232,0.0,0.0,0.0,15.2,57.0,14.46,70.541,31.0
2026-10-02T06:30:19Z,232,0.0,0.0,0.0,15.2,57.4,14.327,71.1,31.0
2026-10-02T06:35:19Z,232,0.0,0.0,0.0,15.1,57.5,14.345,71.188,31.0
2026-10-02T06:40:19Z,232,0.0,0.0,0.0,15.1,57.3,14.388,69.954,31.0
2026-10-02T06:45:19Z,232,0.0,0.0,0.0,15.1,58.3,14.351,72.225,31.0
2026-10-02T06:50:19Z,232,0.0,0.0,0.0,15.0,58.8,14.303,72.599,31.0
2026-10-02T06:55:19Z,232,0.0,0.0,0.0,15.0,59.0,14.148,72.735,31.0
2026-10-02T07:00:19Z,232,0.0,0.0,0.0,14.9,59.7,14.07,74.259,31.0
2026-10-02T07:05:19Z,232,0.0,0.0,0.0,14.9,59.7,13.985,73.585,31.0
2026-10-02T07:10:19Z,232,0.0,0.0,0.0,14.9,60.0,14.102,73.627,31.0
2026-10-02T07:15:19Z,232,0.0,0.0,0.0,14.9,60.4,14.097,74.364,31.0
2026-10-02T07:20:19Z,232,0.0,0.0,0.0,14.8,60.9,14.137,74.203,31.0
2026-10-02T07:25:19Z,232,0.0,0.0,0.0,14.9,61.3,14.18,75.193,31.0
2026-10-02T07:30:19Z,232,0.0,0.0,0.0,14.8,61.3,14.062,74.455,31.0
2026-10-02T07:35:19Z,232,0.0,0.0,0.0,14.8,61.4,13.91,75.437,31.0
2026-10-02T07:40:19Z,232,0.0,0.0,0.0,14.8,61.4,13.819,74.816,31.0
2026-10-02T07:45:19Z,232,0.0,0.0,0.0,14.7,61.6,13.899,75.21,31.0
2026-10-02T07:50:19Z,232,0.0,0.0,0.0,14.7,62.1,13.67,76.021,31.0
2026-10-02T07:55:19Z,232,0.0,0.0,0.0,14.7,62.5,13.6,77.352,31.0
2026-10-02T08:00:19Z,232,0.0,0.0,0.0,14.6,63.0,13.566,78.487,31.0
2026-10-02T08:05:19Z,232,0.0,0.0,0.0,14.6,63.5,13.587,79.47,31.0
2026-10-02T08:10:19Z,232,0.0,0.0,0.0,14.5,64.6,13.608,80.408,31.0
2026-10-02T08:15:19Z,232,0.0,0.0,0.0,14.5,65.2,13.795,80.69,31.0
2026-10-02T08:20:19Z,232,0.0,0.0,0.0,14.5,65.9,13.889,81.329,31.0
2026-10-02T08:25:19Z,232,0.0,0.0,0.0,14.6,66.4,13.841,81.776,31.0
2026-10-02T08:30:19Z,232,0.0,0.0,0.0,14.6,66.4,13.883,81.606,31.0
2026-10-02T08:35:19Z,232,0.0,0.0,0.0,14.6,66.7,13.894,82.256,31.0
2026-10-02T08:40:19Z,232,0.0,0.0,0.0,14.6,66.8,13.964,81.894,31.0
2026-10-02T08:45:19Z,232,0.0,0.0,0.0,14.6,66.7,13.827,82.069,31.0
2026-10-02T08:50:19Z,232,0.0,0.0,0.0,14.6,66.5,13.891,81.507,31.0
2026-10-02T08:55:19Z,232,0.0,0.0,0.0,14.6,66.5,13.801,81.394,31.0
2026-10-02T09:00:19Z,232,0.0,0.0,0.0,14.6,66.3,13.747,81.673,31.0
2026-10-02T09:05:19Z,232,0.0,0.0,1.0,14.6,66.3,13.771,81.465,31.0
2026-10-02T09:10:19Z,232,0.0,0.0,0.0,14.6,67.2,13.937,82.621,31.0
2026-10-02T09:15:19Z,232,0.0,0.0,0.0,14.6,67.4,14.124,82.6,31.0
2026-10-02T09:20:19Z,232,0.0,0.0,0.0,14.6,67.8,14.257,82.514,31.0
2026-10-02T09:25:19Z,232,0.0,0.0,0.0,14.7,67.9,14.156,82.235,31.0
2026-10-02T09:30:19Z,232,0.0,0.0,0.0,14.7,67.8,14.34,81.839,31.0
2026-10-02T09:35:19Z,232,0.0,0.0,0.0,14.7,67.4,14.431,81.449,31.0
2026-10-02T09:40:19Z,232,0.0,0.0,0.0,14.8,67.4,14.377,81.007,31.0
2026-10-02T09:45:19Z,232,0.0,0.0,0.0,14.8,67.3,14.516,80.885,31.0
2026-10-02T09:50:19Z,232,0.0,0.0,0.0,14.8,67.6,14.46,81.001,31.0
2026-10-02T09:55:19Z,232,0.0,0.0,0.0,14.8,67.3,14.53,81.003,31.0
2026-10-02T10:00:19Z,232,4.0,2.0,4.0,14.9,67.4,14.524,80.873,31.0
2026-10-02T10:05:19Z,232,0.0,0.0,0.0,14.9,67.3,14.468,80.595,31.0
2026-10-02T10:10:19Z,232,0.0,0.0,1.0,14.9,67.2,14.495,80.57,31.0
2026-10-02T10:15:19Z,232,6.0,2.0,6.0,14.9,67.2,14.474,80.696,31.0
2026-10-02T10:20:19Z,232,2.0,0.0,3.0,14.9,67.2,14.516,80.612,31.0
2026-10-02T10:25:19Z,232,2.0,1.0,2.0,14.9,66.9,14.53,80.398,31.0
2026-10-02T10:30:19Z,232,1.0,0.0,1.0,14.9,66.9,14.46,80.358,31.0
2026-10-02T10:35:19Z,232,0.0,0.0,2.0,14.9,66.9,14.471,80.414,31.0
2026-10-02T10:40:19Z,232,5.0,2.0,5.0,14.9,66.9,14.567,80.318,31.0
2026-10-02T10:45:19Z,232,15.0,6.0,18.0,14.9,67.0,14.602,80.069,31.0
2026-10-02T10:50:19Z,232,15.0,8.0,19.0,14.9,67.1,14.666,79.866,31.0
2026-10-02T10:55:19Z,232,11.0,6.0,14.0,15.0,66.9,14.698,79.756,31.0
2026-10-02T11:00:19Z,232,6.0,3.0,7.0,15.0,67.0,14.81,79.683,31.0
2026-10-02T11:05:20Z,232,2.0,2.0,2.0,15.0,66.8,14.709,79.306,31.0
2026-10-02T11:10:19Z,232,2.0,0.0,2.0,15.0,66.8,14.839,79.178,31.0
2026-10-02T11:15:20Z,232,5.0,2.0,5.0,15.1,66.8,14.914,79.05,31.0
2026-10-02T11:20:19Z,232,3.0,0.0,3.0,15.2,66.6,14.952,78.663,31.0
2026-10-02T11:25:19Z,232,3.0,1.0,3.0,15.2,66.7,14.978,78.606,31.0
2026-10-02T11:30:19Z,232,3.0,1.0,3.0,15.2,66.5,15.104,78.632,31.0
2026-10-02T11:35:19Z,232,5.0,3.0,5.0,15.3,66.6,15.2,78.436,31.0
2026-10-02T11:40:19Z,232,9.0,5.0,13.0,15.3,66.5,15.355,77.688,31.0
2026-10-02T11:45:19Z,232,7.0,3.0,7.0,15.4,66.3,15.691,76.574,31.0
2026-10-02T11:50:19Z,232,31.0,23.0,33.0,15.5,66.5,15.867,76.559,31.0
2026-10-02T11:55:19Z,232,4.0,2.0,4.0,15.7,65.8,15.982,75.464,31.0
2026-10-02T12:00:19Z,232,4.0,2.0,4.0,15.8,64.9,15.961,74.289,31.0
2026-10-02T12:05:20Z,232,12.0,5.0,13.0,16.0,64.9,16.896,72.83,31.0
2026-10-02T12:10:19Z,232,2.0,0.0,2.0,16.1,64.6,16.799,72.099,31.0
2026-10-02T12:15:20Z,232,1.0,0.0,2.0,16.3,63.7,16.727,72.285,31.0
2026-10-02T12:20:19Z,232,5.0,1.0,5.0,16.5,62.8,16.594,72.145,31.0
2026-10-02T12:25:20Z,232,0.0,0.0,0.0,16.6,63.4,16.695,72.964,31.0
2026-10-02T12:30:19Z,232,6.0,2.0,6.0,16.7,62.6,16.572,72.727,31.0
2026-10-02T12:35:19Z,232,2.0,0.0,2.0,16.8,62.1,16.431,73.65,31.0
2026-10-02T12:40:20Z,232,3.0,0.0,3.0,16.8,62.5,16.484,73.646,31.0
2026-10-02T12:45:19Z,232,3.0,0.0,3.0,16.8,61.9,16.821,71.676,31.0
2026-10-02T12:50:19Z,232,20.0,12.0,20.0,16.9,61.9,17.141,71.43,31.0
2026-10-02T12:55:19Z,232,8.0,4.0,10.0,17.0,62.2,18.938,66.412,31.0
2026-10-02T13:00:19Z,232,3.0,0.0,3.0,17.2,62.4,19.681,64.367,31.0
2026-10-02T13:05:20Z,232,2.0,0.0,2.0,17.6,61.4,19.029,65.735,31.0
2026-10-02T13:10:20Z,232,0.0,0.0,0.0,17.9,59.6,17.827,68.929,31.0
2026-10-02T13:15:20Z,232,3.0,1.0,3.0,18.0,59.2,17.948,68.18,31.0
2026-10-02T13:20:20Z,232,2.0,0.0,3.0,18.1,58.7,17.889,68.502,31.0
2026-10-02T13:25:20Z,232,16.0,7.0,18.0,18.1,58.8,17.905,69.599,31.0
2026-10-02T13:30:19Z,232,1.0,0.0,2.0,18.1,58.7,17.699,70.27,31.0
2026-10-02T13:35:19Z,232,1.0,0.0,1.0,18.1,58.9,17.902,69.824,31.0
2026-10-02T13:40:20Z,232,0.0,0.0,0.0,18.1,58.5,17.641,69.992,31.0
2026-10-02T13:45:19Z,232,0.0,0.0,0.0,18.1,58.9,17.502,70.753,31.0
2026-10-02T13:50:20Z,232,1.0,0.0,1.0,18.1,58.6,17.662,70.837,31.0
2026-10-02T13:55:20Z,232,1.0,0.0,1.0,18.1,58.7,17.408,70.499,31.0
2026-10-02T14:00:20Z,232,7.0,3.0,9.0,18.2,59.0,18.322,68.973,31.0
2026-10-02T14:05:19Z,232,2.0,1.0,2.0,18.3,59.1,18.151,69.181,31.0
2026-10-02T14:10:20Z,232,0.0,0.0,2.0,18.4,58.2,18.247,68.186,31.0
2026-10-02T14:15:20Z,232,1.0,0.0,2.0,18.5,58.0,18.292,68.21,31.0
2026-10-02T14:20:20Z,232,4.0,0.0,6.0,18.6,57.9,18.244,68.838,31.0
2026-10-02T14:25:20Z,232,4.0,2.0,5.0,18.6,57.4,18.671,66.705,31.0
2026-10-02T14:30:23Z,232,1.0,0.0,2.0,18.8,57.3,18.548,68.002,31.0
2026-10-02T14:35:20Z,232,1.0,1.0,1.0,18.8,57.4,18.247,69.233,31.0
2026-10-02T14:40:20Z,232,0.0,0.0,2.0,18.8,56.8,18.119,68.844,31.0
2026-10-02T14:45:20Z,232,2.0,0.0,2.0,18.8,57.1,17.998,69.715,31.0
2026-10-02T14:50:20Z,232,1.0,0.0,1.0,18.8,56.9,18.143,68.783,31.0
2026-10-02T14:55:20Z,232,1.0,0.0,2.0,18.9,56.9,18.303,68.758,31.0
2026-10-02T15:00:19Z,232,3.0,1.0,3.0,18.9,56.9,18.741,68.306,31.0
2026-10-02T15:05:20Z,232,3.0,0.0,4.0,18.9,56.8,18.468,68.805,31.0
2026-10-02T15:10:20Z,232,4.0,1.0,4.0,18.9,56.3,18.145,68.611,31.0
2026-10-02T15:15:19Z,232,3.0,0.0,4.0,19.0,56.6,18.546,67.711,31.0
2026-10-02T15:20:20Z,232,3.0,0.0,3.0,19.0,56.6,18.781,67.741,31.0
2026-10-02T15:25:20Z,232,5.0,1.0,5.0,18.9,56.0,18.057,68.722,31.0
2026-10-02T15:30:20Z,232,2.0,1.0,3.0,18.9,56.1,18.105,68.71,31.0
2026-10-02T15:35:20Z,232,4.0,0.0,4.0,18.8,56.1,17.699,69.446,31.0
2026-10-02T15:40:20Z,232,3.0,1.0,3.0,18.6,57.3,17.064,72.902,31.0
2026-10-02T15:45:20Z,232,3.0,0.0,3.0,18.4,58.2,17.267,73.318,31.0
2026-10-02T15:50:20Z,232,3.0,1.0,3.0,18.2,59.0,17.088,74.07,31.0
2026-10-02T15:55:20Z,232,5.0,2.0,5.0,18.0,59.5,17.152,74.529,31.0
2026-10-02T16:00:20Z,232,0.0,0.0,0.0,17.9,56.5,17.205,67.528,31.0
2026-10-02T16:05:20Z,232,0.0,0.0,0.0,17.9,57.6,17.253,69.99,31.0
2026-10-02T16:10:20Z,232,0.0,0.0,0.0,17.9,56.4,17.048,68.552,31.0
2026-10-02T16:15:20Z,232,1.0,1.0,1.0,17.9,56.5,16.882,68.474,31.0
2026-10-02T16:20:20Z,232,0.0,0.0,0.0,17.8,55.2,16.984,65.54,31.0
2026-10-02T16:25:20Z,232,1.0,0.0,1.0,17.8,55.8,17.464,65.424,31.0
2026-10-02T16:30:20Z,232,0.0,0.0,0.0,17.9,55.6,17.374,65.658,31.0
2026-10-02T16:35:20Z,232,0.0,0.0,0.0,18.0,56.0,17.836,65.517,31.0
2026-10-02T16:40:20Z,232,0.0,0.0,0.0,18.1,55.6,17.91,64.975,31.0
2026-10-02T16:45:20Z,232,0.0,0.0,0.0,18.2,55.3,17.99,64.163,31.0
2026-10-02T16:50:20Z,232,0.0,0.0,0.0,18.3,55.1,18.722,63.537,31.0
2026-10-02T16:55:20Z,232,0.0,0.0,0.0,18.5,55.4,18.661,64.939,31.0
2026-10-02T17:00:20Z,232,0.0,0.0,0.0,18.6,55.8,19.141,64.823,31.0
2026-10-02T17:05:20Z,232,0.0,0.0,0.0,18.7,56.2,18.869,67.327,31.0
2026-10-02T17:10:20Z,232,0.0,0.0,0.0,18.9,56.0,19.264,65.698,31.0
2026-10-02T17:15:20Z,232,0.0,0.0,0.0,19.0,56.0,19.956,63.541,31.0
2026-10-02T17:20:20Z,232,0.0,0.0,0.0,19.2,55.6,19.763,63.911,31.0
2026-10-02T17:25:20Z,232,0.0,0.0,0.0,19.4,54.6,19.988,62.101,31.0
2026-10-02T17:30:20Z,232,4.0,0.0,6.0,19.6,54.4,20.18,60.985,31.0
2026-10-02T17:35:20Z,232,0.0,0.0,0.0,19.8,53.5,20.549,61.952,31.0
2026-10-02T17:40:20Z,232,0.0,0.0,0.0,19.9,52.9,20.444,60.396,31.0
2026-10-02T17:45:20Z,232,0.0,0.0,0.0,20.1,52.7,20.177,61.451,31.0
2026-10-02T17:50:20Z,232,0.0,0.0,0.0,20.1,51.2,20.29,59.171,31.0
2026-10-02T17:55:20Z,232,0.0,0.0,0.0,20.2,51.1,20.177,59.764,31.0
2026-10-02T18:00:20Z,232,0.0,0.0,0.0,20.2,50.9,20.34,59.431,31.0
2026-10-02T18:05:20Z,232,0.0,0.0,0.0,20.2,50.8,20.65,58.727,31.0
2026-10-02T18:10:20Z,232,0.0,0.0,0.0,20.1,49.1,20.132,56.224,31.0
2026-10-02T18:15:20Z,232,0.0,0.0,0.0,20.1,49.5,19.694,59.179,31.0
2026-10-02T18:20:20Z,232,0.0,0.0,0.0,20.1,49.8,19.961,58.21,31.0
2026-10-02T18:25:20Z,232,0.0,0.0,0.0,20.1,49.5,19.889,57.176,31.0
2026-10-02T18:30:20Z,232,0.0,0.0,0.0,20.0,49.8,20.044,57.891,31.0
2026-10-02T18:35:20Z,232,0.0,0.0,0.0,20.0,50.5,20.364,58.801,31.0
2026-10-02T18:40:20Z,232,0.0,0.0,0.0,20.0,50.4,20.14,58.237,31.0
2026-10-02T18:45:20Z,232,1.0,0.0,1.0,20.0,49.8,19.934,58.223,31.0
2026-10-02T18:50:20Z,232,0.0,0.0,0.0,20.0,49.4,20.025,57.821,31.0
2026-10-02T18:55:20Z,232,0.0,0.0,0.0,20.0,50.5,20.255,58.675,31.0
2026-10-02T19:00:20Z,232,0.0,0.0,0.0,20.0,49.7,20.319,57.317,31.0
2026-10-02T19:05:20Z,232,0.0,0.0,1.0,20.0,49.9,20.541,56.352,31.0
2026-10-02T19:10:20Z,232,2.0,0.0,2.0,20.1,49.9,20.204,58.113,31.0
2026-10-02T19:15:20Z,232,0.0,0.0,0.0,20.1,49.7,20.279,57.832,31.0
2026-10-02T19:20:20Z,232,0.0,0.0,0.0,20.1,49.5,20.439,56.348,31.0
2026-10-02T19:25:20Z,232,0.0,0.0,1.0,20.1,49.7,20.634,57.19,31.0
2026-10-02T19:30:20Z,232,0.0,0.0,0.0,20.2,49.0,20.116,57.39,31.0
2026-10-02T19:35:20Z,232,0.0,0.0,0.0,20.2,49.5,20.42,56.818,31.0
2026-10-02T19:40:20Z,232,0.0,0.0,0.0,20.2,48.6,20.447,56.131,31.0
2026-10-02T19:45:21Z,232,0.0,0.0,0.0,20.2,49.1,20.089,57.42,31.0
2026-10-02T19:50:20Z,232,0.0,0.0,0.0,20.2,48.9,20.092,57.039,31.0
2026-10-02T19:55:21Z,232,12.0,0.0,15.0,20.1,48.5,19.771,57.689,31.0
2026-10-02T20:00:20Z,232,3.0,0.0,3.0,20.1,48.6,19.98,57.485,31.0
2026-10-02T20:05:20Z,232,0.0,0.0,0.0,20.1,49.4,20.063,57.788,31.0
2026-10-02T20:10:21Z,232,0.0,0.0,0.0,20.0,49.2,19.619,59.131,31.0
2026-10-02T20:15:20Z,232,0.0,0.0,0.0,20.0,49.5,19.208,61.319,31.0
2026-10-02T20:20:20Z,232,0.0,0.0,0.0,19.9,49.8,19.625,59.711,31.0
2026-10-02T20:25:21Z,232,0.0,0.0,0.0,19.8,49.3,19.251,59.198,31.0
2026-10-02T20:30:20Z,232,0.0,0.0,0.0,19.7,50.0,19.179,60.47,31.0
2026-10-02T20:35:20Z,232,0.0,0.0,0.0,19.6,50.0,19.659,58.82,31.0
2026-10-02T20:40:20Z,232,0.0,0.0,0.0,19.6,48.8,19.723,55.919,31.0
2026-10-02T20:45:20Z,232,0.0,0.0,0.0,19.6,48.4,19.531,56.219,31.0
2026-10-02T20:50:20Z,232,0.0,0.0,0.0,19.6,48.6,19.261,57.338,31.0
2026-10-02T20:55:20Z,232,0.0,0.0,0.0,19.5,48.6,19.39,57.449,31.0
2026-10-02T21:00:21Z,232,1.0,0.0,2.0,19.5,49.1,19.374,57.939,31.0
2026-10-02T21:05:20Z,232,0.0,0.0,0.0,19.5,49.2,19.053,57.762,31.0
2026-10-02T21:10:21Z,232,0.0,0.0,0.0,19.3,49.2,18.968,59.396,31.0
2026-10-02T21:15:20Z,232,0.0,0.0,0.0,19.3,49.0,18.559,58.668,31.0
2026-10-02T21:20:20Z,232,0.0,0.0,0.0,19.1,49.1,18.548,59.105,31.0
2026-10-02T21:25:20Z,232,6.0,3.0,6.0,19.0,49.8,18.575,59.946,31.0
2026-10-02T21:30:20Z,232,0.0,0.0,0.0,19.0,49.7,18.591,59.152,31.0
2026-10-02T21:35:20Z,232,0.0,0.0,0.0,18.8,49.6,18.455,59.349,31.0
2026-10-02T21:40:21Z,232,0.0,0.0,0.0,18.8,49.8,18.322,60.043,31.0
2026-10-02T21:45:21Z,232,0.0,0.0,0.0,18.7,49.6,17.9,59.761,31.0
2026-10-02T21:50:20Z,232,0.0,0.0,0.0,18.5,50.3,17.745,61.34,31.0
2026-10-02T21:55:21Z,232,0.0,0.0,0.0,18.3,50.7,17.673,61.8,31.0
2026-10-02T22:00:20Z,232,0.0,0.0,0.0,18.2,50.9,17.635,62.069,31.0
2026-10-02T22:05:21Z,232,0.0,0.0,0.0,18.1,51.8,17.56,63.551,31.0
2026-10-02T22:10:20Z,232,0.0,0.0,0.0,18.0,52.4,17.374,63.989,31.0
2026-10-02T22:15:21Z,232,1.0,0.0,1.0,17.9,52.6,17.211,64.394,31.0
2026-10-02T22:20:20Z,232,0.0,0.0,0.0,17.8,53.2,17.013,65.872,31.0
2026-10-02T22:25:21Z,232,1.0,0.0,1.0,17.6,53.5,17.077,64.668,31.0
2026-10-02T22:30:20Z,232,0.0,0.0,0.0,17.5,53.3,16.853,65.027,31.0
2026-10-02T22:35:21Z,232,0.0,0.0,0.0,17.5,53.9,17.024,65.401,31.0
2026-10-02T22:40:20Z,232,0.0,0.0,0.0,17.4,54.2,16.957,65.481,31.0
2026-10-02T22:45:21Z,232,0.0,0.0,0.0,17.3,54.6,16.834,66.11,31.0
2026-10-02T22:50:20Z,232,0.0,0.0,0.0,17.2,54.6,16.791,65.847,31.0
2026-10-02T22:55:21Z,232,0.0,0.0,0.0,17.1,54.8,16.655,66.877,31.0
2026-10-02T23:00:20Z,232,0.0,0.0,0.0,17.0,55.3,16.506,67.619,31.0
2026-10-02T23:05:20Z,232,1.0,0.0,1.0,17.0,55.8,16.42,67.98,31.0
2026-10-02T23:10:21Z,232,0.0,0.0,0.0,16.8,56.3,16.319,68.269,31.0
2026-10-02T23:15:21Z,232,4.0,1.0,4.0,16.7,56.3,16.284,68.365,31.0
2026-10-02T23:20:21Z,232,0.0,0.0,0.0,16.6,56.3,16.305,67.568,31.0
2026-10-02T23:25:21Z,232,0.0,0.0,0.0,16.6,55.5,16.081,66.457,31.0
2026-10-02T23:30:21Z,232,0.0,0.0,1.0,16.4,55.3,16.033,66.301,31.0
2026-10-02T23:35:21Z,232,0.0,0.0,0.0,16.3,55.3,16.006,66.347,31.0
2026-10-02T23:40:21Z,232,12.0,6.0,13.0,16.2,55.6,15.961,66.702,31.0
2026-10-02T23:45:21Z,232,2.0,0.0,2.0,16.2,56.0,15.908,67.228,31.0
2026-10-02T23:50:21Z,232,0.0,0.0,0.0,16.1,56.4,15.918,67.711,31.0
2026-10-02T23:55:21Z,232,2.0,0.0,2.0,16.1,57.1,15.803,68.962,31.0
2026-10-03T00:00:21Z,232,0.0,0.0,0.0,16.1,57.9,15.718,70.434,31.0
2026-10-03T00:05:20Z,232,0.0,0.0,1.0,16.0,58.2,15.702,70.234,31.0
2026-10-03T00:10:21Z,232,2.0,1.0,2.0,16.0,58.2,15.611,69.999,31.0
2026-10-03T00:15:21Z,232,0.0,0.0,1.0,15.9,58.0,15.63,69.824,31.0
2026-10-03T00:20:21Z,232,5.0,0.0,7.0,15.9,58.6,15.651,70.28,31.0
2026-10-03T00:25:21Z,232,1.0,0.0,1.0,15.9,58.9,15.624,70.286,31.0
2026-10-03T00:30:21Z,232,1.0,0.0,1.0,15.8,58.9,15.584,70.221,31.0
2026-10-03T00:35:21Z,232,0.0,0.0,0.0,15.8,58.8,15.627,70.066,31.0
2026-10-03T00:40:21Z,232,0.0,0.0,0.0,15.8,58.3,15.515,68.908,31.0
2026-10-03T00:45:21Z,232,0.0,0.0,0.0,15.8,58.4,15.499,69.319,31.0
2026-10-03T00:50:21Z,232,4.0,1.0,4.0,15.8,58.4,15.512,69.607,31.0
2026-10-03T00:55:21Z,232,5.0,4.0,6.0,15.7,58.3,15.486,69.532,31.0
2026-10-03T01:00:21Z,232,0.0,0.0,0.0,15.7,58.7,15.603,69.635,31.0
2026-10-03T01:05:21Z,232,0.0,0.0,0.0,15.7,58.9,15.598,69.612,31.0
2026-10-03T01:10:21Z,232,0.0,0.0,0.0,15.8,59.1,15.603,70.329,31.0
2026-10-03T01:15:21Z,232,0.0,0.0,0.0,15.7,59.6,15.627,70.982,31.0
2026-10-03T01:20:21Z,232,2.0,0.0,2.0,15.7,59.2,15.686,69.441,31.0
2026-10-03T01:25:21Z,232,0.0,0.0,0.0,15.7,58.9,15.611,69.252,31.0
2026-10-03T01:30:21Z,232,0.0,0.0,1.0,15.8,59.2,15.526,69.822,31.0
2026-10-03T01:35:21Z,232,0.0,0.0,1.0,15.8,59.1,15.55,69.978,31.0
2026-10-03T01:40:21Z,232,1.0,0.0,1.0,15.8,58.8,15.251,70.675,31.0
2026-10-03T01:45:21Z,232,4.0,1.0,4.0,15.7,59.2,15.245,71.365,31.0
2026-10-03T01:50:21Z,232,6.0,2.0,7.0,15.7,57.5,15.267,67.167,31.0
2026-10-03T01:55:21Z,232,0.0,0.0,0.0,15.7,58.5,15.203,70.375,31.0
2026-10-03T02:00:21Z,232,0.0,0.0,0.0,15.6,58.5,15.232,69.786,31.0
2026-10-03T02:05:21Z,232,0.0,0.0,1.0,15.6,59.0,15.146,70.715,31.0
2026-10-03T02:10:21Z,232,0.0,0.0,0.0,15.5,59.0,15.168,70.566,31.0
2026-10-03T02:15:21Z,232,0.0,0.0,0.0,15.5,58.7,15.104,68.969,31.0
2026-10-03T02:20:21Z,232,0.0,0.0,0.0,15.5,58.4,15.042,69.093,31.0
2026-10-03T02:25:21Z,232,0.0,0.0,0.0,15.4,58.9,15.016,69.906,31.0
2026-10-03T02:30:21Z,232,0.0,0.0,0.0,15.4,58.9,14.989,69.858,31.0
2026-10-03T02:35:21Z,232,0.0,0.0,0.0,15.4,59.1,14.914,70.352,31.0
2026-10-03T02:40:21Z,232,0.0,0.0,0.0,15.3,59.4,14.941,70.698,31.0
2026-10-03T02:45:21Z,232,1.0,0.0,1.0,15.3,59.6,14.928,70.898,31.0
2026-10-03T02:50:21Z,232,0.0,0.0,0.0,15.2,59.8,14.831,71.024,31.0
2026-10-03T02:55:21Z,232,0.0,0.0,0.0,15.2,59.9,14.901,71.203,31.0
2026-10-03T03:00:21Z,232,1.0,0.0,1.0,15.2,60.0,14.821,71.241,31.0
2026-10-03T03:05:21Z,232,0.0,0.0,0.0,15.1,59.8,14.855,70.555,31.0
2026-10-03T03:10:21Z,232,0.0,0.0,0.0,15.1,59.9,14.823,71.073,31.0
2026-10-03T03:15:21Z,232,0.0,0.0,0.0,15.1,60.2,14.786,71.417,31.0
2026-10-03T03:20:21Z,232,0.0,0.0,0.0,15.1,60.7,14.781,71.941,31.0
2026-10-03T03:25:21Z,232,0.0,0.0,0.0,15.1,61.0,14.821,72.14,31.0
2026-10-03T03:30:21Z,232,0.0,0.0,0.0,15.1,61.6,14.81,73.036,31.0
2026-10-03T03:35:22Z,232,1.0,0.0,1.0,15.1,61.2,14.81,72.212,31.0
2026-10-03T03:40:21Z,232,0.0,0.0,0.0,15.1,60.9,14.725,71.739,31.0
2026-10-03T03:45:21Z,232,0.0,0.0,0.0,15.1,60.7,14.759,71.375,31.0
2026-10-03T03:50:21Z,232,0.0,0.0,0.0,15.1,60.2,14.802,70.738,31.0
2026-10-03T03:55:21Z,232,0.0,0.0,0.0,15.1,60.1,14.786,71.016,31.0
2026-10-03T04:00:21Z,232,0.0,0.0,0.0,15.1,60.5,14.818,71.237,31.0
2026-10-03T04:05:21Z,232,0.0,0.0,0.0,15.1,60.5,14.85,71.169,31.0
2026-10-03T04:10:21Z,232,0.0,0.0,0.0,15.1,60.7,14.821,70.938,31.0
2026-10-03T04:15:22Z,232,0.0,0.0,0.0,15.1,60.1,14.741,70.524,31.0
2026-10-03T04:20:21Z,232,0.0,0.0,0.0,15.1,59.7,14.885,69.9,31.0
2026-10-03T04:25:21Z,232,0.0,0.0,0.0,15.1,60.2,14.863,70.73,31.0
2026-10-03T04:30:21Z,232,0.0,0.0,0.0,15.1,60.0,14.93,70.516,31.0
2026-10-03T04:35:22Z,232,0.0,0.0,0.0,15.1,60.1,14.855,70.444,31.0
2026-10-03T04:40:21Z,232,0.0,0.0,0.0,15.1,59.1,14.797,68.468,31.0
2026-10-03T04:45:22Z,232,0.0,0.0,0.0,15.2,58.8,14.85,68.355,31.0
2026-10-03T04:50:21Z,232,0.0,0.0,0.0,15.2,58.9,14.746,69.057,31.0
2026-10-03T04:55:22Z,232,0.0,0.0,0.0,15.1,59.1,14.719,69.534,31.0
2026-10-03T05:00:21Z,232,0.0,0.0,0.0,15.1,58.8,14.634,69.563,31.0
2026-10-03T05:05:22Z,232,0.0,0.0,0.0,15.1,58.9,14.572,69.727,31.0
2026-10-03T05:10:22Z,232,0.0,0.0,0.0,15.0,59.0,14.53,69.742,31.0
2026-10-03T05:15:21Z,232,0.0,0.0,0.0,15.0,59.3,14.551,69.891,31.0
2026-10-03T05:20:21Z,232,0.0,0.0,0.0,15.0,58.6,14.434,68.775,31.0
2026-10-03T05:25:22Z,232,1.0,0.0,1.0,14.9,59.0,14.506,69.137,31.0
2026-10-03T05:30:22Z,232,1.0,0.0,1.0,14.9,59.3,14.644,69.565,31.0
2026-10-03T05:35:21Z,232,0.0,0.0,0.0,14.9,59.2,14.591,69.324,31.0
2026-10-03T05:40:21Z,232,0.0,0.0,1.0,14.9,59.5,14.527,69.9,31.0
2026-10-03T05:45:21Z,232,0.0,0.0,1.0,14.9,59.1,14.535,69.412,31.0
2026-10-03T05:50:21Z,232,1.0,0.0,1.0,14.9,59.3,14.615,69.393,31.0
2026-10-03T05:55:21Z,232,1.0,0.0,2.0,15.0,59.6,14.636,70.085,31.0
2026-10-03T06:00:22Z,232,1.0,0.0,1.0,15.0,59.6,14.61,70.226,31.0
2026-10-03T06:05:21Z,232,0.0,0.0,0.0,15.0,59.7,14.639,69.814,31.0
2026-10-03T06:10:22Z,232,2.0,1.0,2.0,15.0,59.6,14.773,69.799,31.0
2026-10-03T06:15:21Z,232,2.0,0.0,2.0,15.1,59.4,14.687,69.486,31.0
2026-10-03T06:20:21Z,232,0.0,0.0,0.0,15.1,59.8,14.596,70.49,31.0
2026-10-03T06:25:22Z,232,0.0,0.0,0.0,15.0,58.6,14.506,68.748,31.0
2026-10-03T06:30:22Z,232,0.0,0.0,0.0,15.0,57.8,14.578,67.329,31.0
2026-10-03T06:35:21Z,232,0.0,0.0,0.0,15.0,57.9,14.61,67.829,31.0
2026-10-03T06:40:22Z,232,0.0,0.0,0.0,15.0,58.1,14.514,68.378,31.0
2026-10-03T06:45:22Z,232,0.0,0.0,0.0,15.0,58.6,14.498,69.24,31.0
2026-10-03T06:50:22Z,232,0.0,0.0,0.0,15.1,59.1,14.522,69.965,31.0
2026-10-03T06:55:22Z,232,1.0,0.0,1.0,15.0,57.9,14.532,67.684,31.0
2026-10-03T07:00:21Z,232,0.0,0.0,0.0,15.0,57.4,14.564,66.889,31.0
2026-10-03T07:05:22Z,232,0.0,0.0,0.0,15.0,57.0,14.634,66.158,31.0
2026-10-03T07:10:21Z,232,0.0,0.0,0.0,15.0,57.2,14.639,66.94,31.0
2026-10-03T07:15:22Z,232,0.0,0.0,0.0,15.0,56.7,14.556,65.75,31.0
2026-10-03T07:20:21Z,232,0.0,0.0,0.0,15.1,57.0,14.711,66.86,31.0
2026-10-03T07:25:22Z,232,0.0,0.0,0.0,15.1,57.6,14.743,67.306,31.0
2026-10-03T07:30:21Z,232,1.0,0.0,1.0,15.1,58.0,14.733,68.239,31.0
2026-10-03T07:35:22Z,232,0.0,0.0,0.0,15.1,58.4,14.791,68.901,31.0
2026-10-03T07:40:21Z,232,1.0,0.0,1.0,15.2,58.6,14.751,69.168,31.0
2026-10-03T07:45:22Z,232,4.0,1.0,4.0,15.1,58.8,14.682,69.803,31.0
2026-10-03T07:50:21Z,232,2.0,1.0,2.0,15.2,58.6,14.725,69.792,31.0
2026-10-03T07:55:22Z,232,3.0,0.0,5.0,15.2,59.3,14.679,70.493,31.0
2026-10-03T08:00:22Z,232,5.0,2.0,7.0,15.2,59.2,14.727,69.86,31.0
2026-10-03T08:05:22Z,232,2.0,0.0,3.0,15.1,58.7,14.626,69.607,31.0
2026-10-03T08:10:21Z,232,0.0,0.0,0.0,15.1,57.4,14.466,66.456,31.0
2026-10-03T08:15:22Z,232,0.0,0.0,0.0,15.1,56.8,14.388,66.555,31.0
2026-10-03T08:20:22Z,232,0.0,0.0,0.0,15.0,56.1,14.276,64.874,31.0
2026-10-03T08:25:21Z,232,0.0,0.0,0.0,15.0,56.4,14.174,66.669,31.0
2026-10-03T08:30:22Z,232,0.0,0.0,0.0,15.0,57.1,14.239,67.886,31.0
2026-10-03T08:35:22Z,232,1.0,0.0,1.0,14.9,56.9,14.191,66.98,31.0
2026-10-03T08:40:22Z,232,2.0,0.0,2.0,14.9,57.0,14.327,67.371,31.0
2026-10-03T08:45:22Z,232,1.0,0.0,1.0,14.9,57.3,14.289,67.581,31.0
2026-10-03T08:50:22Z,232,0.0,0.0,0.0,14.9,57.8,14.369,67.985,31.0
2026-10-03T08:55:21Z,232,0.0,0.0,0.0,14.8,58.2,14.327,68.769,31.0
2026-10-03T09:00:22Z,232,0.0,0.0,0.0,14.9,59.2,14.468,70.371,31.0
2026-10-03T09:05:22Z,232,0.0,0.0,0.0,14.9,59.7,14.361,71.491,31.0
2026-10-03T09:10:22Z,232,0.0,0.0,0.0,14.9,59.7,14.436,70.934,31.0
2026-10-03T09:15:22Z,232,1.0,0.0,1.0,14.9,60.2,14.425,71.615,31.0
2026-10-03T09:20:22Z,232,0.0,0.0,0.0,14.9,61.2,14.385,73.463,31.0
2026-10-03T09:25:22Z,232,0.0,0.0,0.0,14.9,59.5,13.819,72.538,31.0
2026-10-03T09:30:22Z,232,0.0,0.0,0.0,14.8,59.4,13.285,72.807,31.0
2026-10-03T09:35:21Z,232,0.0,0.0,0.0,14.7,59.2,13.176,73.587,31.0
2026-10-03T09:40:22Z,232,0.0,0.0,0.0,14.5,59.6,13.069,73.782,31.0
2026-10-03T09:45:22Z,232,0.0,0.0,0.0,14.4,59.5,12.855,73.549,31.0
2026-10-03T09:50:22Z,232,0.0,0.0,1.0,14.3,59.7,12.711,73.772,31.0
2026-10-03T09:55:22Z,232,0.0,0.0,0.0,14.1,60.9,12.519,75.275,31.0
2026-10-03T10:00:22Z,232,0.0,0.0,0.0,14.0,60.9,12.564,74.798,31.0
2026-10-03T10:05:22Z,232,0.0,0.0,0.0,13.9,60.6,12.564,73.685,31.0
2026-10-03T10:10:22Z,232,0.0,0.0,0.0,13.8,60.6,12.564,73.839,31.0
2026-10-03T10:15:22Z,232,0.0,0.0,0.0,13.7,61.0,12.559,73.751,31.0
2026-10-03T10:20:22Z,232,0.0,0.0,0.0,13.6,61.7,12.698,74.507,31.0
2026-10-03T10:25:22Z,232,0.0,0.0,0.0,13.6,61.8,12.546,75.081,31.0
2026-10-03T10:30:22Z,232,0.0,0.0,0.0,13.6,62.4,12.652,75.435,31.0
2026-10-03T10:35:22Z,232,0.0,0.0,0.0,13.6,62.7,12.743,75.029,31.0
2026-10-03T10:40:22Z,232,0.0,0.0,0.0,13.6,62.7,12.802,74.463,31.0
2026-10-03T10:45:22Z,232,0.0,0.0,0.0,13.6,63.0,12.842,75.365,31.0
2026-10-03T10:50:22Z,232,0.0,0.0,0.0,13.6,63.2,13.018,75.016,31.0
2026-10-03T10:55:22Z,232,0.0,0.0,0.0,13.6,62.4,12.874,74.423,31.0
2026-10-03T11:00:22Z,232,0.0,0.0,0.0,13.7,62.4,12.917,74.291,31.0
2026-10-03T11:05:22Z,232,0.0,0.0,0.0,13.7,63.0,12.992,75.22,31.0
2026-10-03T11:10:22Z,232,0.0,0.0,0.0,13.7,62.9,13.128,74.371,31.0
2026-10-03T11:15:22Z,232,0.0,0.0,0.0,13.8,63.0,13.379,73.505,31.0
2026-10-03T11:20:22Z,232,0.0,0.0,0.0,13.9,63.2,13.411,74.272,31.0
2026-10-03T11:25:22Z,232,0.0,0.0,0.0,14.0,63.1,13.592,73.961,31.0
2026-10-03T11:30:22Z,232,0.0,0.0,0.0,14.1,62.9,13.656,73.627,31.0
2026-10-03T11:35:22Z,232,1.0,0.0,1.0,14.2,63.3,15.042,69.992,31.0
2026-10-03T11:40:22Z,232,1.0,0.0,2.0,14.4,62.8,14.476,71.117,31.0
2026-10-03T11:45:22Z,232,0.0,0.0,0.0,14.5,62.8,14.482,72.124,31.0
2026-10-03T11:50:22Z,232,13.0,5.0,15.0,14.7,62.5,14.61,71.188,31.0
2026-10-03T11:55:22Z,232,2.0,0.0,3.0,14.9,62.5,14.61,71.67,31.0
2026-10-03T12:00:22Z,232,3.0,0.0,3.0,14.9,62.1,14.591,71.995,31.0
2026-10-03T12:05:22Z,232,0.0,0.0,1.0,15.0,62.2,15.387,69.763,31.0
2026-10-03T12:10:22Z,232,0.0,0.0,0.0,15.1,62.1,15.066,71.203,31.0
2026-10-03T12:15:22Z,232,0.0,0.0,0.0,15.3,62.0,15.013,71.977,31.0
2026-10-03T12:20:22Z,232,0.0,0.0,0.0,15.4,61.7,14.938,71.832,31.0
2026-10-03T12:25:22Z,232,0.0,0.0,0.0,15.4,60.8,14.668,71.312,31.0
2026-10-03T12:30:22Z,232,1.0,0.0,1.0,15.4,60.3,14.658,71.455,31.0
2026-10-03T12:35:22Z,232,0.0,0.0,0.0,15.4,60.7,14.353,73.473,31.0
2026-10-03T12:40:22Z,232,0.0,0.0,0.0,15.4,61.1,14.396,73.696,31.0
2026-10-03T12:45:22Z,232,1.0,1.0,1.0,15.3,61.5,14.337,74.154,31.0
2026-10-03T12:50:22Z,232,0.0,0.0,1.0,15.3,59.1,14.345,70.257,31.0
2026-10-03T12:55:22Z,232,0.0,0.0,0.0,15.2,57.4,14.516,66.789,31.0
2026-10-03T13:00:22Z,232,1.0,0.0,1.0,15.2,58.6,13.934,70.665,31.0
2026-10-03T13:05:22Z,232,0.0,0.0,0.0,15.1,59.3,13.774,72.347,31.0
2026-10-03T13:10:22Z,232,0.0,0.0,1.0,15.0,59.3,14.239,71.564,31.0
2026-10-03T13:15:22Z,232,1.0,0.0,2.0,15.0,60.2,14.385,71.733,31.0
2026-10-03T13:20:22Z,232,7.0,4.0,8.0,15.0,60.3,14.321,71.754,31.0
2026-10-03T13:25:22Z,232,1.0,0.0,1.0,15.0,59.9,14.492,69.94,31.0
2026-10-03T13:30:22Z,232,3.0,2.0,3.0,15.1,60.4,15.0,70.276,31.0
2026-10-03T13:35:22Z,232,0.0,0.0,0.0,15.2,60.9,15.63,69.059,31.0
2026-10-03T13:40:22Z,232,2.0,1.0,2.0,15.4,61.7,15.718,70.522,31.0
2026-10-03T13:45:22Z,232,6.0,3.0,6.0,15.6,62.4,15.718,71.886,31.0
2026-10-03T13:50:22Z,232,2.0,0.0,2.0,15.7,60.1,15.253,69.771,31.0
2026-10-03T13:55:22Z,232,0.0,0.0,0.0,15.7,57.7,14.548,68.899,31.0
2026-10-03T14:00:22Z,232,0.0,0.0,0.0,15.6,58.2,14.77,69.353,31.0
2026-10-03T14:05:22Z,232,0.0,0.0,0.0,15.6,60.2,14.866,72.927,31.0
2026-10-03T14:10:23Z,232,0.0,0.0,0.0,15.5,59.9,15.016,70.415,31.0
2026-10-03T14:15:22Z,232,0.0,0.0,0.0,15.5,59.8,14.727,71.544,31.0
2026-10-03T14:20:23Z,232,2.0,1.0,3.0,15.4,59.6,14.436,72.195,31.0
2026-10-03T14:25:22Z,232,0.0,0.0,0.0,15.3,59.3,14.388,70.469,31.0
2026-10-03T14:30:23Z,232,0.0,0.0,0.0,15.3,58.2,14.847,67.615,31.0
2026-10-03T14:35:22Z,232,0.0,0.0,0.0,15.4,59.1,15.307,68.241,31.0
2026-10-03T14:40:22Z,232,0.0,0.0,0.0,15.5,59.6,15.523,69.145,31.0
2026-10-03T14:45:22Z,232,0.0,0.0,0.0,15.6,60.3,15.635,69.54,31.0
2026-10-03T14:50:22Z,232,0.0,0.0,0.0,15.8,60.7,15.902,70.127,31.0
2026-10-03T14:55:22Z,232,0.0,0.0,0.0,16.0,60.6,16.26,69.128,31.0
2026-10-03T15:00:23Z,232,0.0,0.0,0.0,16.3,60.7,16.442,69.704,31.0
2026-10-03T15:05:22Z,232,0.0,0.0,0.0,16.5,59.6,16.695,68.744,31.0
2026-10-03T15:10:23Z,232,4.0,1.0,4.0,16.7,59.3,15.958,70.499,31.0
2026-10-03T15:15:22Z,232,1.0,0.0,1.0,16.8,58.3,15.787,69.927,31.0
2026-10-03T15:20:23Z,232,0.0,0.0,1.0,16.8,59.1,15.675,72.231,31.0
2026-10-03T15:25:22Z,232,0.0,0.0,0.0,16.7,57.6,15.448,70.364,31.0
2026-10-03T15:30:23Z,232,0.0,0.0,0.0,16.6,57.9,15.154,71.794,31.0
2026-10-03T15:35:23Z,232,0.0,0.0,1.0,16.4,58.6,15.389,71.487,31.0
2026-10-03T15:40:22Z,232,2.0,1.0,2.0,16.3,58.7,15.0,71.93,31.0
2026-10-03T15:45:22Z,232,4.0,0.0,4.0,16.2,58.5,15.507,69.717,31.0
2026-10-03T15:50:24Z,232,1.0,1.0,1.0,16.2,59.1,15.953,69.66,31.0
2026-10-03T15:55:22Z,232,3.0,3.0,3.0,16.3,59.6,15.99,70.627,31.0
2026-10-03T16:00:23Z,232,1.0,0.0,1.0,16.4,60.6,16.407,70.711,31.0
2026-10-03T16:05:23Z,232,1.0,0.0,1.0,16.5,59.8,15.945,70.85,31.0
2026-10-03T16:10:22Z,232,0.0,0.0,0.0,16.6,59.4,15.95,71.222,31.0
2026-10-03T16:15:23Z,232,0.0,0.0,0.0,16.7,58.8,15.849,70.581,31.0
2026-10-03T16:20:23Z,232,1.0,0.0,1.0,16.7,59.5,15.592,72.767,31.0
2026-10-03T16:25:23Z,232,0.0,0.0,0.0,16.6,59.8,15.686,72.882,31.0
2026-10-03T16:30:23Z,232,0.0,0.0,1.0,16.6,59.1,16.07,70.713,31.0
2026-10-03T16:35:22Z,232,0.0,0.0,0.0,16.6,58.9,16.439,69.301,31.0
2026-10-03T16:40:23Z,232,0.0,0.0,0.0,16.7,58.2,16.273,66.951,31.0
2026-10-03T16:45:23Z,232,0.0,0.0,0.0,16.8,57.6,16.551,66.366,31.0
2026-10-03T16:50:23Z,232,0.0,0.0,0.0,16.9,57.1,16.735,66.145,31.0
2026-10-03T16:55:23Z,232,0.0,0.0,0.0,17.0,57.4,17.2,65.395,31.0
2026-10-03T17:00:23Z,232,0.0,0.0,0.0,17.1,57.1,17.392,64.764,31.0
2026-10-03T17:05:23Z,232,0.0,0.0,0.0,17.3,56.8,17.171,63.348,31.0
2026-10-03T17:10:23Z,232,0.0,0.0,0.0,17.5,55.6,17.47,63.293,31.0
2026-10-03T17:15:23Z,232,0.0,0.0,0.0,17.6,56.0,17.069,66.711,31.0
2026-10-03T17:20:22Z,232,0.0,0.0,0.0,17.7,56.1,16.61,68.384,31.0
2026-10-03T17:25:23Z,232,0.0,0.0,0.0,17.7,54.4,16.797,62.402,31.0
2026-10-03T17:30:23Z,232,3.0,2.0,3.0,17.6,53.5,16.751,63.331,31.0
2026-10-03T17:35:23Z,232,4.0,1.0,4.0,17.6,54.1,16.645,64.953,31.0
2026-10-03T17:40:22Z,232,0.0,0.0,1.0,17.5,53.3,16.399,63.568,31.0
2026-10-03T17:45:23Z,232,0.0,0.0,1.0,17.5,53.0,16.287,63.596,31.0
2026-10-03T17:50:23Z,232,4.0,1.0,4.0,17.4,53.1,16.578,63.486,31.0
2026-10-03T17:55:23Z,232,3.0,2.0,5.0,17.4,53.0,16.797,62.597,31.0
2026-10-03T18:00:23Z,232,6.0,3.0,6.0,17.4,52.8,16.882,61.245,31.0
2026-10-03T18:05:23Z,232,4.0,3.0,5.0,17.5,53.0,17.096,62.513,31.0
2026-10-03T18:10:23Z,232,4.0,2.0,4.0,17.5,53.9,17.141,62.778,31.0
2026-10-03T18:15:23Z,232,2.0,1.0,2.0,17.6,53.0,17.237,61.576,31.0
2026-10-03T18:20:23Z,232,2.0,0.0,2.0,17.8,53.4,17.35,62.698,31.0
2026-10-03T18:25:23Z,232,2.0,1.0,2.0,17.9,53.4,17.51,63.301,31.0
2026-10-03T18:30:23Z,232,2.0,0.0,3.0,18.0,53.1,17.395,62.969,31.0
2026-10-03T18:35:23Z,232,4.0,0.0,4.0,18.0,52.9,17.315,62.973,31.0
2026-10-03T18:40:23Z,232,2.0,0.0,3.0,18.1,53.1,17.838,63.564,31.0
2026-10-03T18:45:23Z,232,3.0,0.0,3.0,18.2,53.2,17.544,63.594,31.0
2026-10-03T18:50:23Z,232,1.0,0.0,1.0,18.2,53.7,17.454,65.073,31.0
2026-10-03T18:55:23Z,232,3.0,0.0,3.0,18.3,53.7,17.675,64.592,31.0
2026-10-03T19:00:23Z,232,0.0,0.0,2.0,18.3,53.3,17.52,64.367,31.0
2026-10-03T19:05:23Z,232,3.0,2.0,4.0,18.3,53.2,17.392,64.903,31.0
2026-10-03T19:10:23Z,232,3.0,1.0,4.0,18.3,52.7,16.933,64.584,31.0
2026-10-03T19:15:23Z,232,3.0,1.0,3.0,18.2,52.6,17.155,63.778,31.0
2026-10-03T19:20:23Z,232,2.0,1.0,3.0,18.1,52.7,17.203,63.667,31.0
2026-10-03T19:25:23Z,232,1.0,0.0,2.0,18.1,53.0,17.379,63.163,31.0
2026-10-03T19:30:23Z,232,2.0,0.0,3.0,18.0,52.6,17.219,63.089,31.0
2026-10-03T19:35:23Z,232,0.0,0.0,0.0,18.0,53.0,17.283,63.774,31.0
2026-10-03T19:40:23Z,232,0.0,0.0,1.0,17.9,53.5,17.408,64.974,31.0
2026-10-03T19:45:23Z,232,0.0,0.0,0.0,17.9,53.8,17.419,64.233,31.0
2026-10-03T19:50:23Z,232,2.0,0.0,2.0,17.8,55.8,16.479,71.094,31.0
2026-10-03T19:55:23Z,232,0.0,0.0,0.0,17.6,53.8,16.132,66.98,31.0
2026-10-03T20:00:23Z,232,0.0,0.0,0.0,17.4,53.3,16.052,64.861,31.0
2026-10-03T20:05:23Z,232,0.0,0.0,0.0,17.2,53.3,15.467,66.627,31.0
2026-10-03T20:10:23Z,232,0.0,0.0,0.0,16.9,53.0,15.408,64.653,31.0
2026-10-03T20:15:23Z,232,0.0,0.0,0.0,16.7,53.7,15.104,67.796,31.0
2026-10-03T20:20:23Z,232,0.0,0.0,0.0,16.4,54.9,14.431,70.223,31.0
2026-10-03T20:25:23Z,232,1.0,0.0,1.0,16.1,55.4,14.636,70.171,31.0
2026-10-03T20:30:23Z,232,0.0,0.0,1.0,15.9,57.5,14.839,71.798,31.0
2026-10-03T20:35:23Z,232,1.0,0.0,3.0,15.8,57.7,15.128,70.144,31.0
2026-10-03T20:40:23Z,232,3.0,0.0,3.0,15.7,58.1,15.192,70.085,31.0
2026-10-03T20:45:23Z,232,0.0,0.0,0.0,15.7,59.1,15.042,71.359,31.0
2026-10-03T20:50:23Z,232,0.0,0.0,0.0,15.6,58.1,14.42,71.733,31.0
2026-10-03T20:55:23Z,232,0.0,0.0,1.0,15.5,58.3,14.244,71.655,31.0
2026-10-03T21:00:23Z,232,2.0,0.0,2.0,15.4,58.0,14.538,70.349,31.0
2026-10-03T21:05:23Z,232,0.0,0.0,1.0,15.3,58.3,14.703,69.921,31.0
2026-10-03T21:10:23Z,232,0.0,0.0,0.0,15.3,58.8,14.789,70.797,31.0
2026-10-03T21:15:23Z,232,0.0,0.0,0.0,15.3,60.1,14.85,72.87,31.0
2026-10-03T21:20:23Z,232,9.0,5.0,11.0,15.3,60.9,14.984,72.817,31.0
2026-10-03T21:25:23Z,232,8.0,3.0,8.0,15.4,59.7,15.0,70.749,31.0
2026-10-03T21:30:23Z,232,7.0,2.0,8.0,15.4,60.3,15.357,70.736,31.0
2026-10-03T21:35:23Z,232,3.0,1.0,4.0,15.5,60.2,15.651,70.274,31.0
2026-10-03T21:40:23Z,232,1.0,0.0,2.0,15.7,60.3,16.033,69.162,31.0
2026-10-03T21:45:23Z,232,0.0,0.0,0.0,15.8,60.1,15.99,69.738,31.0
2026-10-03T21:50:23Z,232,0.0,0.0,0.0,16.0,59.1,15.841,69.349,31.0
2026-10-03T21:55:23Z,232,0.0,0.0,0.0,16.1,59.1,16.268,68.741,31.0
2026-10-03T22:00:23Z,232,0.0,0.0,0.0,16.2,59.0,16.156,68.916,31.0
2026-10-03T22:05:23Z,232,0.0,0.0,0.0,16.3,58.7,16.105,68.727,31.0
2026-10-03T22:10:24Z,232,0.0,0.0,0.0,16.3,59.0,16.025,69.807,31.0
2026-10-03T22:15:23Z,232,0.0,0.0,0.0,16.3,59.1,15.993,70.692,31.0
2026-10-03T22:20:23Z,232,0.0,0.0,0.0,16.3,59.1,15.972,70.213,31.0
2026-10-03T22:25:23Z,232,0.0,0.0,0.0,16.3,59.1,15.937,70.202,31.0
2026-10-03T22:30:24Z,232,0.0,0.0,0.0,16.3,59.1,15.835,70.28,31.0
2026-10-03T22:35:23Z,232,0.0,0.0,0.0,16.2,59.0,15.707,70.2,31.0
2026-10-03T22:40:24Z,232,0.0,0.0,0.0,16.1,58.7,15.678,69.761,31.0
2026-10-03T22:45:23Z,232,0.0,0.0,0.0,16.1,58.6,15.603,69.767,31.0
2026-10-03T22:50:24Z,232,0.0,0.0,0.0,16.0,58.6,15.539,70.307,31.0
2026-10-03T22:55:23Z,232,0.0,0.0,0.0,16.0,58.8,15.448,70.114,31.0
2026-10-03T23:00:24Z,232,0.0,0.0,0.0,15.9,59.1,15.381,70.841,31.0
2026-10-03T23:05:24Z,232,2.0,0.0,2.0,15.8,59.4,15.307,71.039,31.0
2026-10-03T23:10:24Z,232,0.0,0.0,0.0,15.8,59.5,15.152,71.369,31.0
2026-10-03T23:15:23Z,232,1.0,0.0,2.0,15.7,60.0,15.13,71.686,31.0
2026-10-03T23:20:24Z,232,1.0,0.0,1.0,15.6,60.3,14.952,73.0,31.0
2026-10-03T23:25:23Z,232,5.0,2.0,5.0,15.5,61.6,14.599,75.252,31.0
2026-10-03T23:30:23Z,232,7.0,3.0,7.0,15.4,61.8,14.423,75.573,31.0
2026-10-03T23:35:23Z,232,3.0,1.0,3.0,15.3,60.8,14.348,73.61,31.0
2026-10-03T23:40:23Z,232,6.0,2.0,6.0,15.3,60.3,14.324,73.372,31.0
2026-10-03T23:45:23Z,232,7.0,5.0,7.0,15.1,60.0,14.196,72.62,31.0
2026-10-03T23:50:23Z,232,7.0,5.0,8.0,15.1,60.6,14.239,73.463,31.0
2026-10-03T23:55:23Z,232,1.0,0.0,1.0,15.0,61.4,14.025,74.247,31.0
2026-10-04T00:00:23Z,232,0.0,0.0,1.0,14.9,60.5,13.907,72.807,31.0
2026-10-04T00:05:24Z,232,0.0,0.0,0.0,14.8,59.7,13.953,71.409,31.0
2026-10-04T00:10:24Z,232,0.0,0.0,0.0,14.8,59.5,13.899,70.497,31.0
2026-10-04T00:15:23Z,232,11.0,6.0,11.0,14.7,59.3,13.915,70.507,31.0
2026-10-04T00:20:24Z,232,9.0,5.0,9.0,14.7,59.9,14.012,71.081,31.0
2026-10-04T00:25:24Z,232,23.0,14.0,24.0,14.6,60.3,13.833,72.511,31.0
2026-10-04T00:30:23Z,232,17.0,8.0,22.0,14.6,60.6,13.587,72.962,31.0
2026-10-04T00:35:24Z,232,9.0,5.0,11.0,14.5,59.6,13.539,71.584,31.0
2026-10-04T00:40:23Z,232,9.0,6.0,9.0,14.4,59.4,13.472,71.056,31.0
2026-10-04T00:45:24Z,232,19.0,8.0,19.0,14.4,59.9,13.515,71.989,31.0
2026-10-04T00:50:24Z,232,23.0,11.0,25.0,14.3,60.0,13.307,72.294,31.0
2026-10-04T00:55:23Z,232,9.0,5.0,13.0,14.2,59.8,12.981,72.723,31.0
2026-10-04T01:00:24Z,232,3.0,1.0,3.0,14.1,60.3,12.866,73.732,31.0
2026-10-04T01:05:23Z,232,8.0,4.0,11.0,14.0,60.3,12.77,73.879,31.0
2026-10-04T01:10:24Z,232,4.0,1.0,5.0,13.9,60.5,12.674,73.299,31.0
2026-10-04T01:15:24Z,232,1.0,0.0,1.0,13.7,60.9,12.813,72.662,31.0
2026-10-04T01:20:24Z,232,0.0,0.0,0.0,13.7,60.6,12.727,73.345,31.0
2026-10-04T01:25:23Z,232,3.0,0.0,4.0,13.6,61.8,12.992,73.671,31.0
2026-10-04T01:30:24Z,232,3.0,0.0,3.0,13.6,62.1,12.981,73.833,31.0
2026-10-04T01:35:24Z,232,8.0,4.0,11.0,13.6,62.1,13.034,73.595,31.0
2026-10-04T01:40:24Z,232,2.0,1.0,2.0,13.6,62.1,12.997,73.086,31.0
2026-10-04T01:45:24Z,232,0.0,0.0,1.0,13.6,62.0,13.042,72.954,31.0
2026-10-04T01:50:23Z,232,1.0,0.0,2.0,13.6,62.2,13.016,73.778,31.0
2026-10-04T01:55:24Z,232,1.0,0.0,1.0,13.6,62.3,12.978,73.685,31.0
2026-10-04T02:00:24Z,232,6.0,1.0,7.0,13.6,62.2,12.978,73.408,31.0
2026-10-04T02:05:23Z,232,1.0,0.0,3.0,13.6,62.4,12.901,73.875,31.0
2026-10-04T02:10:24Z,232,6.0,3.0,7.0,13.6,62.8,13.002,74.444,31.0
2026-10-04T02:15:23Z,232,8.0,3.0,8.0,13.6,62.7,12.831,74.663,31.0
2026-10-04T02:20:24Z,232,5.0,2.0,6.0,13.5,63.0,12.639,75.615,31.0
2026-10-04T02:25:23Z,232,8.0,4.0,8.0,13.5,63.4,12.682,75.945,31.0
2026-10-04T02:30:24Z,232,14.0,6.0,18.0,13.4,63.5,12.61,75.859,31.0
2026-10-04T02:35:24Z,232,20.0,7.0,21.0,13.3,63.8,12.546,76.048,31.0
2026-10-04T02:40:24Z,232,30.0,13.0,31.0,13.3,64.3,12.583,76.794,31.0
2026-10-04T02:45:24Z,232,25.0,13.0,27.0,13.3,64.5,12.471,77.053,31.0
2026-10-04T02:50:24Z,232,21.0,8.0,23.0,13.2,64.7,12.524,77.217,31.0
2026-10-04T02:55:24Z,232,11.0,5.0,16.0,13.3,64.8,12.548,77.53,31.0
2026-10-04T03:00:24Z,232,4.0,2.0,5.0,13.2,65.1,12.575,77.555,31.0
2026-10-04T03:05:24Z,232,6.0,3.0,6.0,13.2,65.4,12.714,77.343,31.0
2026-10-04T03:10:24Z,232,9.0,5.0,11.0,13.2,65.4,12.831,76.959,31.0
2026-10-04T03:15:24Z,232,2.0,0.0,2.0,13.3,65.3,12.807,76.786,31.0
2026-10-04T03:20:24Z,232,8.0,4.0,8.0,13.3,65.3,12.973,76.458,31.0
2026-10-04T03:25:24Z,232,4.0,1.0,4.0,13.4,65.2,13.069,76.057,31.0
2026-10-04T03:30:24Z,232,6.0,2.0,6.0,13.5,65.2,13.122,76.422,31.0
2026-10-04T03:35:24Z,232,5.0,2.0,5.0,13.6,65.3,13.213,76.338,31.0
2026-10-04T03:40:24Z,232,6.0,5.0,6.0,13.6,64.7,13.243,75.609,31.0
2026-10-04T03:45:24Z,232,19.0,7.0,19.0,13.7,64.7,13.253,75.664,31.0
2026-10-04T03:50:24Z,232,23.0,12.0,24.0,13.7,64.9,13.264,76.105,31.0
2026-10-04T03:55:24Z,232,25.0,12.0,25.0,13.8,64.8,13.312,75.966,31.0
2026-10-04T04:00:24Z,232,23.0,13.0,25.0,13.8,64.5,13.331,75.466,31.0
2026-10-04T04:05:24Z,232,24.0,9.0,24.0,13.9,64.6,13.421,75.35,31.0
2026-10-04T04:10:24Z,232,1.0,1.0,1.0,14.0,64.8,13.453,75.67,31.0
2026-10-04T04:15:24Z,232,1.0,0.0,1.0,14.0,64.9,13.373,76.071,31.0
2026-10-04T04:20:24Z,232,0.0,0.0,0.0,14.0,64.3,13.614,74.604,31.0
2026-10-04T04:25:24Z,232,0.0,0.0,0.0,14.1,64.2,13.67,74.816,31.0
2026-10-04T04:30:24Z,232,0.0,0.0,0.0,14.1,64.3,13.734,75.022,31.0
2026-10-04T04:35:24Z,232,2.0,0.0,2.0,14.2,62.3,13.702,70.242,31.0
2026-10-04T04:40:24Z,232,0.0,0.0,0.0,14.2,60.5,13.67,69.156,31.0
2026-10-04T04:45:24Z,232,1.0,1.0,2.0,14.2,59.8,13.59,69.238,31.0
2026-10-04T04:50:24Z,232,3.0,2.0,4.0,14.2,58.8,13.528,67.936,31.0
2026-10-04T04:55:24Z,232,3.0,0.0,3.0,14.2,59.1,13.507,69.345,31.0
2026-10-04T05:00:24Z,232,2.0,1.0,2.0,14.3,59.4,13.534,69.563,31.0
2026-10-04T05:05:24Z,232,5.0,2.0,5.0,14.2,59.6,13.178,70.959,31.0
2026-10-04T05:10:24Z,232,2.0,1.0,2.0,14.2,60.2,13.301,70.915,31.0
2026-10-04T05:15:24Z,232,1.0,0.0,1.0,14.2,60.5,13.413,71.499,31.0
2026-10-04T05:20:24Z,232,1.0,0.0,2.0,14.2,60.7,13.403,71.665,31.0
2026-10-04T05:25:24Z,232,0.0,0.0,0.0,14.2,59.9,13.339,70.551,31.0
2026-10-04T05:30:24Z,232,0.0,0.0,0.0,14.1,59.9,13.325,70.568,31.0
2026-10-04T05:35:24Z,232,1.0,0.0,1.0,14.1,60.3,13.336,71.361,31.0
2026-10-04T05:40:24Z,232,0.0,0.0,0.0,14.0,60.4,13.304,70.951,31.0
2026-10-04T05:45:24Z,232,1.0,0.0,2.0,14.1,60.2,13.357,71.274,31.0
2026-10-04T05:50:24Z,232,0.0,0.0,0.0,14.1,60.5,13.235,71.523,31.0
2026-10-04T05:55:24Z,232,0.0,0.0,0.0,14.0,60.5,13.285,71.684,31.0
2026-10-04T06:00:24Z,232,0.0,0.0,0.0,14.0,61.3,13.221,73.158,31.0
2026-10-04T06:05:24Z,232,0.0,0.0,0.0,14.0,62.3,13.21,74.322,31.0
2026-10-04T06:10:24Z,232,0.0,0.0,0.0,13.9,63.3,13.269,75.432,31.0
2026-10-04T06:15:24Z,232,0.0,0.0,0.0,14.0,63.9,13.403,75.991,31.0
2026-10-04T06:20:24Z,232,0.0,0.0,0.0,14.0,64.5,13.405,76.874,31.0
2026-10-04T06:25:24Z,232,0.0,0.0,0.0,14.0,64.9,13.614,76.649,31.0
2026-10-04T06:30:24Z,232,0.0,0.0,0.0,14.1,65.0,13.619,76.71,31.0
2026-10-04T06:35:24Z,232,0.0,0.0,0.0,14.1,65.1,13.694,76.404,31.0
2026-10-04T06:40:24Z,232,0.0,0.0,0.0,14.2,65.2,13.747,76.582,31.0
2026-10-04T06:45:24Z,232,0.0,0.0,0.0,14.2,65.2,13.616,76.813,31.0
2026-10-04T06:50:24Z,232,0.0,0.0,1.0,14.2,64.9,13.574,76.855,31.0
2026-10-04T06:55:24Z,232,0.0,0.0,0.0,14.2,64.6,13.648,76.374,31.0
2026-10-04T07:00:24Z,232,0.0,0.0,0.0,14.2,64.8,13.739,76.317,31.0
2026-10-04T07:05:24Z,232,0.0,0.0,0.0,14.2,64.9,13.771,76.424,31.0
2026-10-04T07:10:24Z,232,0.0,0.0,0.0,14.3,65.2,13.87,76.488,31.0
2026-10-04T07:15:24Z,232,0.0,0.0,0.0,14.3,64.7,13.934,75.109,31.0
2026-10-04T07:20:24Z,232,0.0,0.0,0.0,14.4,63.6,13.939,72.948,31.0
2026-10-04T07:25:24Z,232,0.0,0.0,0.0,14.4,62.0,13.881,71.052,31.0
2026-10-04T07:30:24Z,232,0.0,0.0,0.0,14.4,61.8,13.854,71.909,31.0
2026-10-04T07:35:24Z,232,0.0,0.0,0.0,14.4,61.8,13.862,72.511,31.0
2026-10-04T07:40:24Z,232,0.0,0.0,0.0,14.4,61.9,13.75,72.573,31.0
2026-10-04T07:45:24Z,232,0.0,0.0,0.0,14.4,62.1,13.846,72.965,31.0
2026-10-04T07:50:24Z,232,0.0,0.0,0.0,14.4,62.4,13.846,73.149,31.0
2026-10-04T07:55:24Z,232,0.0,0.0,0.0,14.4,62.5,13.889,73.149,31.0
2026-10-04T08:00:24Z,232,0.0,0.0,0.0,14.4,62.5,13.763,73.627,31.0
2026-10-04T08:05:24Z,232,0.0,0.0,0.0,14.4,62.6,13.699,73.425,31.0
2026-10-04T08:10:24Z,232,0.0,0.0,0.0,14.3,62.6,13.688,73.294,31.0
2026-10-04T08:15:24Z,232,0.0,0.0,0.0,14.3,63.0,13.614,74.156,31.0
2026-10-04T08:20:24Z,232,0.0,0.0,0.0,14.3,62.9,13.534,74.592,31.0
2026-10-04T08:25:24Z,232,0.0,0.0,0.0,14.2,62.9,13.451,74.161,31.0
2026-10-04T08:30:25Z,232,0.0,0.0,0.0,14.2,62.8,13.413,73.906,31.0
2026-10-04T08:35:24Z,232,1.0,0.0,1.0,14.2,62.7,13.275,74.169,31.0
2026-10-04T08:40:24Z,232,1.0,0.0,1.0,14.1,62.9,13.248,74.396,31.0
2026-10-04T08:45:24Z,232,0.0,0.0,0.0,14.1,63.1,13.309,74.743,31.0
2026-10-04T08:50:24Z,232,0.0,0.0,0.0,14.0,63.4,13.245,75.256,31.0
2026-10-04T08:55:25Z,232,0.0,0.0,0.0,14.0,63.5,13.096,74.93,31.0
2026-10-04T09:00:24Z,232,0.0,0.0,0.0,13.9,63.4,13.005,75.586,31.0
2026-10-04T09:05:25Z,232,0.0,0.0,0.0,13.9,63.0,12.781,75.371,31.0
2026-10-04T09:10:24Z,232,0.0,0.0,0.0,13.8,63.5,12.869,75.641,31.0
2026-10-04T09:15:24Z,232,0.0,0.0,1.0,13.7,63.6,12.906,75.373,31.0
2026-10-04T09:20:25Z,232,0.0,0.0,0.0,13.6,63.5,12.741,75.468,31.0
2026-10-04T09:25:25Z,232,0.0,0.0,0.0,13.6,63.8,12.703,76.044,31.0
2026-10-04T09:30:24Z,232,0.0,0.0,0.0,13.5,63.6,12.591,75.828,31.0
2026-10-04T09:35:24Z,232,0.0,0.0,0.0,13.4,64.1,12.556,76.599,31.0
2026-10-04T09:40:24Z,232,1.0,0.0,1.0,13.3,63.9,12.503,75.678,31.0
2026-10-04T09:45:25Z,232,0.0,0.0,1.0,13.3,63.4,12.348,75.014,31.0
2026-10-04T09:50:25Z,232,1.0,0.0,1.0,13.3,63.5,12.492,74.533,31.0
2026-10-04T09:55:24Z,232,1.0,0.0,1.0,13.2,63.3,12.423,74.165,31.0
2026-10-04T10:00:25Z,232,2.0,0.0,2.0,13.2,63.1,12.441,73.858,31.0
2026-10-04T10:05:25Z,232,0.0,0.0,0.0,13.2,62.4,12.516,72.573,31.0
2026-10-04T10:10:25Z,232,2.0,0.0,3.0,13.2,63.1,12.591,73.694,31.0
2026-10-04T10:15:24Z,232,0.0,0.0,0.0,13.2,63.4,12.473,74.516,31.0
2026-10-04T10:20:25Z,232,0.0,0.0,0.0,13.2,63.3,12.455,74.461,31.0
2026-10-04T10:25:24Z,232,0.0,0.0,0.0,13.2,63.6,12.455,75.273,31.0
2026-10-04T10:30:25Z,232,0.0,0.0,0.0,13.2,63.1,12.481,73.555,31.0
2026-10-04T10:35:25Z,232,0.0,0.0,0.0,13.2,62.8,12.562,72.967,31.0
2026-10-04T10:40:25Z,232,0.0,0.0,0.0,13.2,62.7,12.706,72.62,31.0
2026-10-04T10:45:25Z,232,0.0,0.0,0.0,13.2,62.2,12.794,71.23,31.0
2026-10-04T10:50:25Z,232,0.0,0.0,0.0,13.3,61.2,12.805,69.673,31.0
2026-10-04T10:55:25Z,232,0.0,0.0,0.0,13.3,60.5,12.815,70.013,31.0
2026-10-04T11:00:25Z,232,0.0,0.0,0.0,13.4,59.6,12.943,68.054,31.0
2026-10-04T11:05:24Z,232,1.0,0.0,1.0,13.5,58.8,13.072,66.784,31.0
2026-10-04T11:10:25Z,232,0.0,0.0,0.0,13.5,59.2,13.213,67.55,31.0
2026-10-04T11:15:25Z,232,0.0,0.0,0.0,13.6,59.2,13.213,67.779,31.0
2026-10-04T11:20:25Z,232,0.0,0.0,1.0,13.7,59.2,13.379,68.306,31.0
2026-10-04T11:25:25Z,232,1.0,0.0,1.0,13.8,59.0,13.512,66.126,31.0
2026-10-04T11:30:25Z,232,2.0,0.0,2.0,13.9,57.6,13.59,63.848,31.0
2026-10-04T11:35:24Z,232,2.0,0.0,2.0,14.0,58.5,15.224,63.129,31.0
2026-10-04T11:40:25Z,232,3.0,0.0,5.0,14.2,58.8,15.737,61.847,31.0
2026-10-04T11:45:25Z,232,5.0,2.0,6.0,14.5,59.1,16.463,61.575,31.0
2026-10-04T11:50:25Z,232,7.0,3.0,8.0,14.8,59.5,19.731,52.785,31.0
2026-10-04T11:55:25Z,232,6.0,4.0,7.0,15.2,58.5,21.395,49.144,31.0
2026-10-04T12:00:25Z,232,0.0,0.0,0.0,16.0,55.8,22.773,43.596,31.0
2026-10-04T12:05:25Z,232,0.0,0.0,0.0,16.8,54.2,20.402,48.757,31.0
2026-10-04T12:10:25Z,232,0.0,0.0,0.0,17.6,51.9,20.936,46.029,31.0
2026-10-04T12:15:25Z,232,0.0,0.0,0.0,18.4,50.2,23.048,41.908,31.0
2026-10-04T12:20:24Z,232,0.0,0.0,0.0,19.0,49.7,21.387,48.17,31.0
2026-10-04T12:25:25Z,232,0.0,0.0,0.0,19.5,49.0,24.447,41.642,31.0
2026-10-04T12:30:25Z,232,0.0,0.0,0.0,19.9,47.7,24.207,42.054,31.0
2026-10-04T12:35:25Z,232,0.0,0.0,0.0,20.4,46.1,24.626,40.849,31.0
2026-10-04T12:40:25Z,232,0.0,0.0,0.0,20.7,45.0,21.336,46.1,31.0
2026-10-04T12:45:25Z,232,0.0,0.0,0.0,21.0,44.0,22.458,43.268,31.0
2026-10-04T12:50:25Z,232,0.0,0.0,0.0,21.1,43.3,21.534,44.301,31.0
2026-10-04T12:55:25Z,232,0.0,0.0,0.0,21.1,43.4,21.456,46.012,31.0
2026-10-04T13:00:25Z,232,0.0,0.0,0.0,21.2,43.1,21.115,45.978,31.0
2026-10-04T13:05:25Z,232,0.0,0.0,0.0,21.2,43.1,22.06,44.786,31.0
2026-10-04T13:10:25Z,232,0.0,0.0,0.0,21.2,43.2,22.968,42.756,31.0
2026-10-04T13:15:25Z,232,0.0,0.0,0.0,21.4,42.5,22.818,42.495,31.0
2026-10-04T13:20:25Z,232,0.0,0.0,0.0,21.4,42.9,20.466,48.332,31.0
2026-10-04T13:25:25Z,232,0.0,0.0,0.0,21.3,43.3,20.375,49.716,31.0
2026-10-04T13:30:25Z,232,0.0,0.0,0.0,21.2,42.9,19.985,49.787,31.0
2026-10-04T13:35:25Z,232,0.0,0.0,1.0,21.0,43.0,20.418,49.386,31.0
2026-10-04T13:40:25Z,232,0.0,0.0,1.0,20.9,43.3,19.649,51.086,31.0
2026-10-04T13:45:25Z,232,0.0,0.0,0.0,20.6,43.5,19.555,51.715,31.0
2026-10-04T13:50:25Z,232,0.0,0.0,0.0,20.4,45.0,18.85,56.095,31.0
2026-10-04T13:55:25Z,232,0.0,0.0,0.0,20.2,46.1,19.4,55.931,31.0
2026-10-04T14:00:25Z,232,0.0,0.0,0.0,20.0,46.5,18.722,58.01,31.0
2026-10-04T14:05:25Z,232,0.0,0.0,0.0,19.8,47.4,19.002,56.736,31.0
2026-10-04T14:10:25Z,232,0.0,0.0,0.0,19.7,47.3,18.725,56.65,31.0
2026-10-04T14:15:24Z,232,1.0,0.0,1.0,19.5,47.8,19.36,56.02,31.0
2026-10-04T14:20:25Z,232,0.0,0.0,0.0,19.5,47.7,19.259,55.604,31.0
2026-10-04T14:25:25Z,232,0.0,0.0,0.0,19.5,48.4,19.376,56.684,31.0
2026-10-04T14:30:25Z,232,0.0,0.0,0.0,19.5,48.2,19.731,55.597,31.0
2026-10-04T14:35:25Z,232,0.0,0.0,0.0,19.6,48.4,19.796,55.62,31.0
2026-10-04T14:40:25Z,232,0.0,0.0,0.0,19.7,48.3,19.705,56.043,31.0
2026-10-04T14:45:25Z,232,0.0,0.0,0.0,19.8,48.4,19.31,57.142,31.0
2026-10-04T14:50:25Z,232,0.0,0.0,0.0,19.7,47.9,18.837,57.563,31.0
2026-10-04T14:55:25Z,232,0.0,0.0,0.0,19.7,48.3,19.275,56.596,31.0
2026-10-04T15:00:25Z,232,0.0,0.0,0.0,19.6,48.0,18.682,57.396,31.0
2026-10-04T15:05:25Z,232,0.0,0.0,0.0,19.5,47.5,18.159,57.958,31.0
2026-10-04T15:10:25Z,232,0.0,0.0,0.0,19.3,47.3,17.969,58.296,31.0
2026-10-04T15:15:25Z,232,0.0,0.0,0.0,19.1,49.2,17.654,62.921,31.0
2026-10-04T15:20:25Z,232,0.0,0.0,0.0,18.8,50.9,16.682,67.648,31.0
2026-10-04T15:25:25Z,232,0.0,0.0,0.0,18.5,50.9,16.313,65.744,31.0
2026-10-04T15:30:25Z,232,0.0,0.0,0.0,18.1,51.2,15.574,68.472,31.0
2026-10-04T15:35:25Z,232,0.0,0.0,1.0,17.8,52.5,16.012,68.348,31.0
2026-10-04T15:40:25Z,232,0.0,0.0,0.0,17.5,53.8,15.381,71.407,31.0
2026-10-04T15:45:25Z,232,0.0,0.0,0.0,17.2,54.6,15.52,70.995,31.0
2026-10-04T15:50:25Z,232,0.0,0.0,0.0,17.1,54.5,15.651,67.875,31.0
2026-10-04T15:55:25Z,232,0.0,0.0,0.0,17.0,55.3,16.404,66.49,31.0
2026-10-04T16:00:26Z,232,0.0,0.0,0.0,17.1,55.9,16.543,66.946,31.0
2026-10-04T16:05:25Z,232,0.0,0.0,0.0,17.2,55.6,16.831,66.505,31.0
2026-10-04T16:10:25Z,232,0.0,0.0,0.0,17.3,56.4,17.179,66.192,31.0
2026-10-04T16:15:25Z,232,0.0,0.0,0.0,17.5,56.2,17.139,67.062,31.0
2026-10-04T16:20:25Z,232,0.0,0.0,0.0,17.6,55.6,17.085,65.96,31.0
2026-10-04T16:25:25Z,232,0.0,0.0,0.0,17.7,55.1,17.427,66.774,31.0
2026-10-04T16:30:25Z,232,0.0,0.0,0.0,17.8,53.6,17.496,63.451,31.0
2026-10-04T16:35:25Z,232,0.0,0.0,0.0,17.9,53.3,17.411,62.408,31.0
2026-10-04T16:40:28Z,232,0.0,0.0,0.0,18.0,53.1,18.012,60.684,31.0
2026-10-04T16:45:25Z,232,0.0,0.0,0.0,18.0,51.8,17.819,61.252,31.0
2026-10-04T16:50:28Z,232,0.0,0.0,0.0,18.1,52.3,17.889,61.544,31.0
2026-10-04T16:55:25Z,232,0.0,0.0,0.0,18.1,52.2,17.475,63.194,31.0
2026-10-04T17:00:26Z,232,0.0,0.0,0.0,18.1,52.0,18.073,60.356,31.0
2026-10-04T17:05:25Z,232,0.0,0.0,0.0,18.2,52.8,18.049,62.254,31.0
2026-10-04T17:10:25Z,232,0.0,0.0,0.0,18.2,51.6,17.916,61.428,31.0
2026-10-04T17:15:26Z,232,0.0,0.0,0.0,18.3,50.9,18.407,59.158,31.0
2026-10-04T17:20:25Z,232,0.0,0.0,0.0,18.3,50.6,18.316,58.166,31.0
2026-10-04T17:25:25Z,232,0.0,0.0,0.0,18.4,49.9,18.383,57.977,31.0
2026-10-04T17:30:26Z,232,0.0,0.0,0.0,18.4,49.5,17.918,58.191,31.0
2026-10-04T17:35:26Z,232,0.0,0.0,0.0,18.4,50.0,18.143,58.519,31.0
2026-10-04T17:40:26Z,232,0.0,0.0,0.0,18.4,51.0,18.677,59.478,31.0
2026-10-04T17:45:26Z,232,0.0,0.0,0.0,18.4,51.0,18.225,60.014,31.0
2026-10-04T17:50:26Z,232,1.0,0.0,1.0,18.5,50.9,18.45,60.169,31.0
2026-10-04T17:55:25Z,232,0.0,0.0,0.0,18.5,50.6,18.284,59.57,31.0
2026-10-04T18:00:25Z,232,0.0,0.0,0.0,18.5,50.1,18.209,58.13,31.0
2026-10-04T18:05:25Z,232,0.0,0.0,0.0,18.5,49.8,18.423,58.761,31.0
2026-10-04T18:10:25Z,232,0.0,0.0,0.0,18.6,49.9,18.255,58.473,31.0
2026-10-04T18:15:26Z,232,0.0,0.0,0.0,18.6,49.5,18.41,57.315,31.0
2026-10-04T18:20:26Z,232,0.0,0.0,0.0,18.7,50.0,18.954,58.279,31.0
2026-10-04T18:25:26Z,232,0.0,0.0,0.0,18.7,49.9,18.666,59.64,31.0
2026-10-04T18:30:25Z,232,0.0,0.0,0.0,18.8,50.1,18.559,60.186,31.0
2026-10-04T18:35:26Z,232,0.0,0.0,0.0,18.9,49.4,19.01,57.479,31.0
2026-10-04T18:40:25Z,232,0.0,0.0,0.0,19.0,49.5,18.701,59.131,31.0
2026-10-04T18:45:25Z,232,0.0,0.0,0.0,19.0,49.9,18.524,60.184,31.0
2026-10-04T18:50:26Z,232,0.0,0.0,0.0,19.0,50.6,18.928,60.754,31.0
2026-10-04T18:55:25Z,232,0.0,0.0,0.0,19.1,50.6,19.291,59.845,31.0
2026-10-04T19:00:26Z,232,1.0,0.0,1.0,19.1,50.7,19.083,60.136,31.0
2026-10-04T19:05:25Z,232,0.0,0.0,0.0,19.2,50.4,19.323,58.359,31.0
2026-10-04T19:10:26Z,232,0.0,0.0,0.0,19.3,50.1,19.285,58.523,31.0
2026-10-04T19:15:26Z,232,0.0,0.0,0.0,19.3,50.2,19.107,59.763,31.0
2026-10-04T19:20:26Z,232,0.0,0.0,0.0,19.3,50.0,18.802,60.375,31.0
2026-10-04T19:25:25Z,232,0.0,0.0,0.0,19.3,50.2,18.93,60.3,31.0
2026-10-04T19:30:26Z,232,0.0,0.0,0.0,19.3,50.8,19.459,59.404,31.0
2026-10-04T19:35:26Z,232,0.0,0.0,0.0,19.3,49.7,18.978,58.694,31.0
2026-10-04T19:40:26Z,232,0.0,0.0,0.0,19.3,49.8,19.259,58.761,31.0
2026-10-04T19:45:25Z,232,1.0,0.0,1.0,19.3,49.8,18.917,58.975,31.0
2026-10-04T19:50:26Z,232,0.0,0.0,0.0,19.3,49.8,18.981,59.476,31.0
2026-10-04T19:55:26Z,232,0.0,0.0,0.0,19.3,49.5,19.502,57.39,31.0
2026-10-04T20:00:26Z,232,0.0,0.0,0.0,19.3,49.4,19.16,58.17,31.0
2026-10-04T20:05:26Z,232,0.0,0.0,0.0,19.3,49.2,18.941,58.143,31.0
2026-10-04T20:10:26Z,232,0.0,0.0,0.0,19.3,49.5,18.61,59.915,31.0
2026-10-04T20:15:26Z,232,0.0,0.0,0.0,19.3,50.1,18.813,60.587,31.0
2026-10-04T20:20:26Z,232,0.0,0.0,0.0,19.3,50.0,18.981,59.64,31.0
2026-10-04T20:25:25Z,232,0.0,0.0,0.0,19.3,50.0,18.522,60.108,31.0
2026-10-04T20:30:26Z,232,0.0,0.0,0.0,19.2,49.7,18.597,60.711,31.0
2026-10-04T20:35:26Z,232,0.0,0.0,0.0,19.1,49.9,18.522,60.461,31.0
2026-10-04T20:40:26Z,232,0.0,0.0,0.0,19.0,50.0,18.281,61.084,31.0
2026-10-04T20:45:26Z,232,0.0,0.0,0.0,18.9,50.2,18.017,61.897,31.0
2026-10-04T20:50:26Z,232,0.0,0.0,0.0,18.8,50.7,18.151,61.659,31.0
2026-10-04T20:55:26Z,232,0.0,0.0,0.0,18.7,51.4,18.06,62.849,31.0
2026-10-04T21:00:26Z,232,0.0,0.0,0.0,18.6,51.8,18.556,62.269,31.0
2026-10-04T21:05:26Z,232,11.0,1.0,12.0,18.6,52.0,18.538,62.9,31.0
2026-10-04T21:10:26Z,232,0.0,0.0,0.0,18.6,51.5,18.597,60.482,31.0
2026-10-04T21:15:26Z,232,0.0,0.0,0.0,18.6,51.1,18.1,61.66,31.0
2026-10-04T21:20:26Z,232,0.0,0.0,0.0,18.5,51.2,18.175,61.519,31.0
2026-10-04T21:25:26Z,232,0.0,0.0,0.0,18.5,51.5,17.998,62.034,31.0
2026-10-04T21:30:26Z,232,0.0,0.0,0.0,18.4,51.6,18.129,61.348,31.0
2026-10-04T21:35:26Z,232,0.0,0.0,0.0,18.4,51.5,17.964,61.887,31.0
2026-10-04T21:40:26Z,232,0.0,0.0,0.0,18.3,52.2,17.99,63.282,31.0
2026-10-04T21:45:26Z,232,0.0,0.0,1.0,18.3,52.2,17.761,63.106,31.0
2026-10-04T21:50:26Z,232,2.0,0.0,2.0,18.2,52.1,17.518,63.898,31.0
2026-10-04T21:55:26Z,232,1.0,0.0,3.0,18.1,52.6,17.454,64.306,31.0
2026-10-04T22:00:26Z,232,0.0,0.0,0.0,18.0,52.6,17.288,64.373,31.0
2026-10-04T22:05:26Z,232,0.0,0.0,0.0,17.8,52.9,16.855,65.122,31.0
2026-10-04T22:10:26Z,232,0.0,0.0,0.0,17.7,53.0,16.858,65.624,31.0
2026-10-04T22:15:26Z,232,0.0,0.0,0.0,17.6,52.0,16.709,61.231,31.0
2026-10-04T22:20:26Z,232,0.0,0.0,0.0,17.4,51.2,16.378,62.593,31.0
2026-10-04T22:25:26Z,232,0.0,0.0,0.0,17.2,52.6,16.335,64.882,31.0
2026-10-04T22:30:26Z,232,0.0,0.0,0.0,17.1,54.0,16.132,67.152,31.0
2026-10-04T22:35:26Z,232,0.0,0.0,1.0,16.9,57.2,15.75,73.294,31.0
2026-10-04T22:40:26Z,232,3.0,0.0,3.0,16.7,57.1,14.789,74.11,31.0
2026-10-04T22:45:26Z,232,7.0,3.0,8.0,16.5,57.6,15.029,73.62,31.0
2026-10-04T22:50:26Z,232,13.0,5.0,15.0,16.2,58.0,15.141,72.916,31.0
2026-10-04T22:55:30Z,232,15.0,7.0,18.0,16.1,58.4,15.211,73.282,31.0
2026-10-04T23:00:26Z,232,19.0,8.0,19.0,15.9,58.8,15.293,72.231,31.0
2026-10-04T23:05:26Z,232,5.0,2.0,5.0,15.8,59.2,15.144,72.826,31.0
2026-10-04T23:10:26Z,232,15.0,7.0,15.0,15.8,59.7,15.053,73.438,31.0
2026-10-04T23:15:26Z,232,26.0,14.0,27.0,15.7,59.8,15.013,73.129,31.0
2026-10-04T23:20:30Z,232,25.0,15.0,27.0,15.6,60.3,14.954,73.955,31.0
2026-10-04T23:25:27Z,232,30.0,21.0,35.0,15.5,60.2,14.906,73.12,31.0
2026-10-04T23:30:26Z,232,32.0,22.0,34.0,15.5,61.4,14.903,75.302,31.0
2026-10-04T23:35:26Z,232,22.0,12.0,22.0,15.4,61.0,14.647,74.131,31.0
2026-10-04T23:40:27Z,232,19.0,8.0,20.0,15.4,60.8,14.444,74.934,31.0
2026-10-04T23:45:26Z,232,39.0,25.0,45.0,15.3,61.1,14.578,74.951,31.0
2026-10-04T23:50:26Z,232,26.0,15.0,28.0,15.3,61.3,14.383,75.128,31.0
2026-10-04T23:55:27Z,232,24.0,18.0,26.0,15.2,61.4,14.463,74.972,31.0
2026-10-05T00:00:27Z,232,2.0,1.0,3.0,15.2,62.3,14.404,75.561,31.0
2026-10-05T00:05:27Z,232,26.0,18.0,27.0,15.1,62.0,14.415,75.46,31.0
2026-10-05T00:10:26Z,232,8.0,4.0,9.0,15.1,62.9,14.642,75.781,31.0
2026-10-05T00:15:27Z,232,2.0,1.0,4.0,15.1,62.7,14.53,75.188,31.0
2026-10-05T00:20:26Z,232,5.0,2.0,6.0,15.1,62.0,14.353,74.358,31.0
2026-10-05T00:25:26Z,232,11.0,5.0,14.0,15.0,62.3,14.591,74.463,31.0
2026-10-05T00:30:26Z,232,29.0,22.0,29.0,15.1,62.7,14.746,74.985,31.0
2026-10-05T00:35:27Z,232,6.0,3.0,7.0,15.1,63.0,14.655,74.671,31.0
2026-10-05T00:40:26Z,232,23.0,13.0,23.0,15.1,63.2,14.682,75.558,31.0
2026-10-05T00:45:26Z,232,8.0,5.0,9.0,15.0,63.5,14.62,75.909,31.0
2026-10-05T00:50:26Z,232,30.0,20.0,30.0,15.0,63.5,14.61,75.714,31.0
2026-10-05T00:55:27Z,232,30.0,19.0,30.0,15.0,63.4,14.642,75.537,31.0
2026-10-05T01:00:27Z,232,6.0,4.0,6.0,15.0,63.7,14.685,75.807,31.0
2026-10-05T01:05:27Z,232,12.0,6.0,12.0,15.0,63.8,14.701,75.914,31.0
2026-10-05T01:10:27Z,232,19.0,8.0,19.0,15.0,64.0,14.65,76.073,31.0
2026-10-05T01:15:26Z,232,16.0,8.0,18.0,15.0,63.9,14.57,76.086,31.0
2026-10-05T01:20:26Z,232,9.0,5.0,11.0,15.0,63.9,14.468,76.277,31.0
2026-10-05T01:25:27Z,232,7.0,4.0,8.0,15.0,64.1,14.578,76.65,31.0
2026-10-05T01:30:26Z,232,15.0,7.0,16.0,15.0,64.2,14.583,76.574,31.0
2026-10-05T01:35:26Z,232,24.0,14.0,24.0,15.0,64.6,14.631,76.904,31.0
2026-10-05T01:40:26Z,232,23.0,13.0,23.0,15.0,64.3,14.658,76.135,31.0
2026-10-05T01:45:26Z,232,29.0,20.0,29.0,15.0,64.1,14.711,75.905,31.0
2026-10-05T01:50:27Z,232,12.0,6.0,14.0,15.0,64.7,14.73,76.639,31.0
2026-10-05T01:55:26Z,232,17.0,8.0,18.0,15.0,64.0,14.714,75.126,31.0
2026-10-05T02:00:27Z,232,19.0,9.0,19.0,15.0,64.7,14.81,75.954,31.0
2026-10-05T02:05:27Z,232,16.0,8.0,19.0,15.0,64.2,14.746,75.809,31.0
2026-10-05T02:10:27Z,232,14.0,6.0,15.0,15.1,64.6,14.783,76.208,31.0
2026-10-05T02:15:27Z,232,11.0,5.0,12.0,15.0,64.6,14.738,76.147,31.0
2026-10-05T02:20:27Z,232,15.0,8.0,16.0,15.1,64.6,14.759,76.639,31.0
2026-10-05T02:25:27Z,232,26.0,15.0,27.0,15.1,64.5,14.797,76.477,31.0
2026-10-05T02:30:27Z,232,17.0,8.0,19.0,15.1,63.9,14.668,75.119,31.0
2026-10-05T02:35:27Z,232,27.0,17.0,28.0,15.1,64.1,14.663,75.239,31.0
2026-10-05T02:40:27Z,232,11.0,5.0,12.0,15.1,63.8,14.725,75.268,31.0
2026-10-05T02:45:27Z,232,22.0,8.0,23.0,15.1,63.6,14.783,74.68,31.0
2026-10-05T02:50:26Z,232,23.0,11.0,24.0,15.1,63.8,14.741,75.226,31.0
2026-10-05T02:55:27Z,232,24.0,15.0,26.0,15.1,64.1,14.554,76.218,31.0
2026-10-05T03:00:27Z,232,13.0,7.0,15.0,15.0,64.5,14.636,76.572,31.0
2026-10-05T03:05:27Z,232,2.0,0.0,3.0,15.0,64.0,14.546,75.525,31.0
2026-10-05T03:10:27Z,232,8.0,4.0,8.0,15.0,64.0,14.519,75.733,31.0
2026-10-05T03:15:27Z,232,8.0,5.0,8.0,15.0,64.3,14.599,76.135,31.0
2026-10-05T03:20:27Z,232,12.0,6.0,12.0,14.9,64.3,14.567,75.704,31.0
2026-10-05T03:25:27Z,232,30.0,19.0,31.0,14.9,64.4,14.586,76.116,31.0
2026-10-05T03:30:27Z,232,29.0,17.0,29.0,14.9,64.7,14.548,76.582,31.0
2026-10-05T03:35:26Z,232,26.0,16.0,28.0,14.9,64.7,14.607,76.414,31.0
2026-10-05T03:40:27Z,232,24.0,17.0,25.0,14.9,64.9,14.463,77.032,31.0
2026-10-05T03:45:27Z,232,9.0,5.0,11.0,14.9,64.7,14.546,76.401,31.0
2026-10-05T03:50:27Z,232,26.0,15.0,29.0,14.9,64.6,14.53,75.901,31.0
2026-10-05T03:55:27Z,232,29.0,17.0,30.0,14.9,64.7,14.572,76.261,31.0
2026-10-05T04:00:27Z,232,20.0,8.0,22.0,14.9,64.2,14.466,75.411,31.0
2026-10-05T04:05:27Z,232,4.0,2.0,4.0,14.9,63.6,14.332,74.592,31.0
2026-10-05T04:10:27Z,232,1.0,0.0,1.0,14.9,62.9,14.313,73.417,31.0
2026-10-05T04:15:27Z,232,0.0,0.0,0.0,14.8,62.2,14.324,72.365,31.0
2026-10-05T04:20:27Z,232,1.0,0.0,2.0,14.8,62.4,14.249,72.937,31.0
2026-10-05T04:25:27Z,232,0.0,0.0,1.0,14.8,61.9,14.201,72.548,31.0
2026-10-05T04:30:27Z,232,0.0,0.0,0.0,14.7,61.6,14.068,72.298,31.0
2026-10-05T04:35:27Z,232,4.0,0.0,4.0,14.6,61.4,13.996,72.187,31.0
2026-10-05T04:40:27Z,232,6.0,3.0,7.0,14.6,61.0,14.006,72.429,31.0
2026-10-05T04:45:27Z,232,3.0,1.0,3.0,14.6,62.1,13.787,74.343,31.0
2026-10-05T04:50:27Z,232,6.0,3.0,6.0,14.5,62.5,13.648,75.271,31.0
2026-10-05T04:55:27Z,232,31.0,19.0,31.0,14.4,62.7,13.483,75.493,31.0
2026-10-05T05:00:27Z,232,4.0,1.0,5.0,14.3,62.6,13.47,75.147,31.0
2026-10-05T05:05:27Z,232,1.0,0.0,1.0,14.3,62.8,13.336,75.319,31.0
2026-10-05T05:10:27Z,232,2.0,0.0,3.0,14.1,62.5,13.144,75.699,31.0
2026-10-05T05:15:27Z,232,2.0,0.0,2.0,14.1,62.7,13.042,75.613,31.0
2026-10-05T05:20:27Z,232,0.0,0.0,0.0,13.9,63.1,13.021,75.905,31.0
2026-10-05T05:25:27Z,232,0.0,0.0,0.0,13.9,63.0,12.842,75.674,31.0
2026-10-05T05:30:27Z,232,0.0,0.0,0.0,13.7,63.1,12.885,75.832,31.0
2026-10-05T05:35:27Z,232,0.0,0.0,0.0,13.7,63.3,12.858,75.752,31.0
2026-10-05T05:40:27Z,232,0.0,0.0,0.0,13.6,63.8,12.89,76.258,31.0
2026-10-05T05:45:27Z,232,0.0,0.0,0.0,13.5,64.1,12.866,76.124,31.0
2026-10-05T05:50:27Z,232,2.0,0.0,4.0,13.5,64.1,12.807,76.324,31.0
2026-10-05T05:55:28Z,232,2.0,0.0,2.0,13.4,64.0,12.765,76.01,31.0
2026-10-05T06:00:27Z,232,1.0,0.0,1.0,13.4,64.5,12.706,76.805,31.0
2026-10-05T06:05:27Z,232,0.0,0.0,0.0,13.4,64.4,12.719,76.349,31.0
2026-10-05T06:10:27Z,232,0.0,0.0,0.0,13.4,64.7,12.719,76.568,31.0
2026-10-05T06:15:27Z,232,0.0,0.0,0.0,13.4,64.7,12.751,76.942,31.0
2026-10-05T06:20:27Z,232,0.0,0.0,0.0,13.4,64.7,12.767,76.795,31.0
2026-10-05T06:25:27Z,232,0.0,0.0,0.0,13.4,64.6,12.604,77.11,31.0
2026-10-05T06:30:27Z,232,0.0,0.0,0.0,13.4,64.8,12.759,77.368,31.0
2026-10-05T06:35:27Z,232,0.0,0.0,0.0,13.4,64.3,12.818,75.273,31.0
2026-10-05T06:40:27Z,232,0.0,0.0,0.0,13.4,64.4,12.93,75.439,31.0
2026-10-05T06:45:27Z,232,0.0,0.0,0.0,13.4,64.2,12.866,75.273,31.0
2026-10-05T06:50:27Z,232,0.0,0.0,0.0,13.4,64.0,12.927,74.732,31.0
2026-10-05T06:55:28Z,232,0.0,0.0,0.0,13.4,63.1,12.708,73.616,31.0
2026-10-05T07:00:27Z,232,0.0,0.0,0.0,13.4,62.4,12.676,73.183,31.0
2026-10-05T07:05:27Z,232,0.0,0.0,0.0,13.4,62.3,12.527,73.444,31.0
2026-10-05T07:10:27Z,232,0.0,0.0,0.0,13.4,62.1,12.345,73.614,31.0
2026-10-05T07:15:27Z,232,0.0,0.0,0.0,13.4,61.7,12.455,73.061,31.0
2026-10-05T07:20:27Z,232,0.0,0.0,0.0,13.3,61.7,12.348,73.126,31.0
2026-10-05T07:25:28Z,232,0.0,0.0,0.0,13.3,61.4,12.305,72.96,31.0
2026-10-05T07:30:27Z,232,0.0,0.0,0.0,13.3,61.2,12.295,72.792,31.0
2026-10-05T07:35:27Z,232,0.0,0.0,0.0,13.3,61.2,12.388,72.386,31.0
2026-10-05T07:40:27Z,232,0.0,0.0,0.0,13.3,61.3,12.447,72.126,31.0
2026-10-05T07:45:27Z,232,0.0,0.0,0.0,13.3,60.7,12.372,71.535,31.0
2026-10-05T07:50:27Z,232,0.0,0.0,0.0,13.3,60.3,12.409,70.741,31.0
2026-10-05T07:55:28Z,232,0.0,0.0,0.0,13.3,59.9,12.554,70.549,31.0
2026-10-05T08:00:27Z,232,0.0,0.0,0.0,13.4,59.8,12.626,69.906,31.0
2026-10-05T08:05:27Z,232,0.0,0.0,0.0,13.4,59.4,12.679,69.42,31.0
2026-10-05T08:10:28Z,232,0.0,0.0,0.0,13.4,59.1,12.62,69.074,31.0
2026-10-05T08:15:28Z,232,0.0,0.0,0.0,13.4,59.1,12.53,69.481,31.0
2026-10-05T08:20:27Z,232,0.0,0.0,0.0,13.5,58.6,12.65,69.05,31.0
2026-10-05T08:25:27Z,232,0.0,0.0,0.0,13.5,58.5,12.676,68.535,31.0
2026-10-05T08:30:27Z,232,0.0,0.0,0.0,13.5,58.4,12.639,68.359,31.0
2026-10-05T08:35:27Z,232,0.0,0.0,0.0,13.5,57.9,12.671,67.783,31.0
2026-10-05T08:40:27Z,232,0.0,0.0,0.0,13.5,57.7,12.714,67.405,31.0
2026-10-05T08:45:27Z,232,0.0,0.0,0.0,13.5,57.5,12.781,67.215,31.0
2026-10-05T08:50:27Z,232,0.0,0.0,0.0,13.5,57.4,12.807,66.44,31.0
2026-10-05T08:55:27Z,232,0.0,0.0,0.0,13.6,56.9,12.941,66.047,31.0
2026-10-05T09:00:27Z,232,1.0,0.0,1.0,13.6,57.1,12.941,66.091,31.0
2026-10-05T09:05:28Z,232,0.0,0.0,0.0,13.6,56.8,12.978,65.881,31.0
2026-10-05T09:10:27Z,232,0.0,0.0,0.0,13.7,56.9,13.056,65.874,31.0
2026-10-05T09:15:28Z,232,0.0,0.0,0.0,13.7,56.6,13.024,65.651,31.0
2026-10-05T09:20:28Z,232,0.0,0.0,0.0,13.7,56.1,12.997,65.401,31.0
2026-10-05T09:25:27Z,232,0.0,0.0,0.0,13.7,55.7,12.927,64.989,31.0
2026-10-05T09:30:27Z,232,0.0,0.0,0.0,13.8,55.5,12.994,64.626,31.0
2026-10-05T09:35:27Z,232,0.0,0.0,0.0,13.8,55.3,13.069,63.844,31.0
2026-10-05T09:40:28Z,232,0.0,0.0,0.0,13.8,55.1,13.042,63.606,31.0
2026-10-05T09:45:28Z,232,0.0,0.0,0.0,13.9,54.6,12.919,63.791,31.0
2026-10-05T09:50:27Z,232,0.0,0.0,0.0,13.8,54.8,12.938,63.789,31.0
2026-10-05T09:55:28Z,232,0.0,0.0,0.0,13.8,54.6,12.826,64.272,31.0
2026-10-05T10:00:27Z,232,0.0,0.0,0.0,13.8,54.5,12.815,63.804,31.0
2026-10-05T10:05:28Z,232,0.0,0.0,0.0,13.8,54.3,12.831,63.406,31.0
2026-10-05T10:10:28Z,232,0.0,0.0,0.0,13.8,54.6,12.741,64.243,31.0
2026-10-05T10:15:28Z,232,0.0,0.0,0.0,13.7,54.4,12.871,63.312,31.0
2026-10-05T10:20:28Z,232,0.0,0.0,0.0,13.8,54.2,12.893,63.373,31.0
2026-10-05T10:25:28Z,232,0.0,0.0,0.0,13.7,54.2,12.994,63.169,31.0
2026-10-05T10:30:28Z,232,0.0,0.0,0.0,13.8,54.0,13.032,62.666,31.0
2026-10-05T10:35:28Z,232,1.0,0.0,1.0,13.8,54.3,13.154,62.698,31.0
2026-10-05T10:40:27Z,232,0.0,0.0,0.0,13.9,54.2,13.109,62.698,31.0
2026-10-05T10:45:28Z,232,1.0,0.0,1.0,13.9,54.0,13.173,62.633,31.0
2026-10-05T10:50:28Z,232,1.0,0.0,1.0,13.9,53.9,13.173,62.528,31.0
2026-10-05T10:55:28Z,232,0.0,0.0,0.0,14.0,53.7,13.248,62.282,31.0
2026-10-05T11:00:28Z,232,0.0,0.0,0.0,14.0,53.8,13.173,62.534,31.0
2026-10-05T11:05:28Z,232,0.0,0.0,0.0,14.0,53.6,13.261,62.37,31.0
2026-10-05T11:10:28Z,232,0.0,0.0,0.0,14.1,53.5,13.245,62.343,31.0
2026-10-05T11:15:28Z,232,1.0,0.0,1.0,14.1,53.7,13.336,62.233,31.0
2026-10-05T11:20:28Z,232,2.0,1.0,2.0,14.1,53.5,13.384,61.99,31.0
2026-10-05T11:25:28Z,232,2.0,0.0,2.0,14.2,53.7,13.448,62.296,31.0
2026-10-05T11:30:28Z,232,1.0,0.0,1.0,14.2,53.6,13.515,62.296,31.0
2026-10-05T11:35:28Z,232,0.0,0.0,0.0,14.2,53.7,13.659,62.151,31.0
2026-10-05T11:40:27Z,232,0.0,0.0,0.0,14.3,53.6,13.782,61.836,31.0
2026-10-05T11:45:28Z,232,1.0,0.0,2.0,14.4,53.3,13.798,61.315,31.0
2026-10-05T11:50:28Z,232,1.0,0.0,1.0,14.5,53.1,13.918,61.046,31.0
2026-10-05T11:55:28Z,232,1.0,0.0,1.0,14.5,52.7,14.073,60.23,31.0
2026-10-05T12:00:28Z,232,0.0,0.0,0.0,14.6,52.5,14.132,60.075,31.0
2026-10-05T12:05:27Z,232,2.0,0.0,2.0,14.7,52.7,14.241,60.329,31.0
2026-10-05T12:10:28Z,232,0.0,0.0,0.0,14.8,52.5,14.279,59.902,31.0
2026-10-05T12:15:28Z,232,3.0,1.0,3.0,14.9,52.5,14.466,59.818,31.0
2026-10-05T12:20:28Z,232,3.0,1.0,3.0,15.0,52.6,14.77,59.686,31.0
2026-10-05T12:25:27Z,232,4.0,2.0,4.0,15.1,52.5,14.949,59.927,31.0
2026-10-05T12:30:28Z,232,5.0,1.0,5.0,15.2,52.4,14.831,59.904,31.0
2026-10-05T12:35:28Z,232,1.0,0.0,1.0,15.3,52.1,15.173,58.49,31.0
2026-10-05T12:40:28Z,232,5.0,1.0,5.0,15.4,51.8,15.2,58.342,31.0
2026-10-05T12:45:28Z,232,5.0,0.0,7.0,15.6,51.7,15.32,58.422,31.0
2026-10-05T12:50:28Z,232,5.0,1.0,5.0,15.7,51.6,16.196,57.144,31.0
2026-10-05T12:55:28Z,232,0.0,0.0,1.0,15.9,51.3,17.093,54.262,31.0
2026-10-05T13:00:28Z,232,0.0,0.0,0.0,16.2,50.8,16.746,55.057,31.0
2026-10-05T13:05:28Z,232,0.0,0.0,0.0,16.5,50.0,16.733,55.376,31.0
2026-10-05T13:10:28Z,232,0.0,0.0,1.0,16.7,49.8,16.733,55.992,31.0
2026-10-05T13:15:28Z,232,0.0,0.0,0.0,16.9,49.9,16.807,56.36,31.0
2026-10-05T13:20:28Z,232,1.0,0.0,1.0,17.0,49.7,16.936,55.887,31.0
2026-10-05T13:25:28Z,232,1.0,0.0,1.0,17.2,49.5,17.232,55.639,31.0
2026-10-05T13:30:28Z,232,1.0,0.0,2.0,17.3,49.2,17.259,55.013,31.0
2026-10-05T13:35:28Z,232,0.0,0.0,0.0,17.4,49.0,17.216,55.652,31.0
2026-10-05T13:40:28Z,232,0.0,0.0,0.0,17.5,48.5,17.237,54.605,31.0
2026-10-05T13:45:28Z,232,0.0,0.0,0.0,17.6,48.0,17.593,53.663,31.0
2026-10-05T13:50:28Z,232,0.0,0.0,0.0,17.7,47.8,17.683,52.988,31.0
2026-10-05T13:55:28Z,232,1.0,0.0,1.0,17.9,48.0,17.977,53.644,31.0
2026-10-05T14:00:28Z,232,0.0,0.0,0.0,18.1,48.1,18.201,52.173,31.0
2026-10-05T14:05:28Z,232,1.0,0.0,2.0,18.2,47.8,18.447,53.627,31.0
2026-10-05T14:10:28Z,232,0.0,0.0,0.0,18.5,47.8,18.711,52.968,31.0
2026-10-05T14:15:28Z,232,0.0,0.0,0.0,18.7,46.7,18.589,52.158,31.0
2026-10-05T14:20:27Z,232,0.0,0.0,0.0,18.9,46.7,19.144,51.475,31.0
2026-10-05T14:25:28Z,232,0.0,0.0,0.0,19.1,45.6,19.192,49.083,31.0
2026-10-05T14:30:28Z,232,0.0,0.0,0.0,19.3,45.8,19.793,50.582,31.0
2026-10-05T14:35:28Z,232,0.0,0.0,0.0,19.6,45.6,20.503,49.467,31.0
2026-10-05T14:40:28Z,232,0.0,0.0,0.0,19.8,45.5,20.834,47.319,31.0
2026-10-05T14:45:28Z,232,0.0,0.0,0.0,20.1,44.0,20.76,47.454,31.0
2026-10-05T14:50:28Z,232,0.0,0.0,0.0,20.3,44.0,20.914,48.101,31.0
2026-10-05T14:55:28Z,232,0.0,0.0,0.0,20.4,43.4,20.415,48.194,31.0
2026-10-05T15:00:28Z,232,0.0,0.0,0.0,20.5,42.6,20.271,47.405,31.0
2026-10-05T15:05:28Z,232,0.0,0.0,0.0,20.5,42.7,19.838,49.329,31.0
2026-10-05T15:10:28Z,232,0.0,0.0,0.0,20.5,42.9,20.014,47.761,31.0
2026-10-05T15:15:28Z,232,0.0,0.0,0.0,20.5,42.8,20.687,48.047,31.0
2026-10-05T15:20:28Z,232,0.0,0.0,0.0,20.5,42.3,20.514,46.277,31.0
2026-10-05T15:25:28Z,232,0.0,0.0,0.0,20.5,42.9,20.658,48.046,31.0
2026-10-05T15:30:28Z,232,0.0,0.0,0.0,20.6,43.4,20.946,48.839,31.0
2026-10-05T15:35:28Z,232,0.0,0.0,0.0,20.7,43.4,20.797,49.509,31.0
2026-10-05T15:40:28Z,232,2.0,0.0,2.0,20.8,44.2,20.968,51.103,31.0
2026-10-05T15:45:29Z,232,0.0,0.0,0.0,20.8,43.1,21.232,47.462,31.0
2026-10-05T15:50:28Z,232,0.0,0.0,0.0,20.9,42.5,20.463,48.999,31.0
2026-10-05T15:55:28Z,232,11.0,5.0,12.0,20.8,42.8,20.725,49.018,31.0
2026-10-05T16:00:28Z,232,0.0,0.0,0.0,20.9,42.9,20.522,48.847,31.0
2026-10-05T16:05:29Z,232,3.0,1.0,3.0,20.8,44.1,20.642,52.31,31.0
2026-10-05T16:10:28Z,232,2.0,1.0,2.0,20.8,44.2,20.241,52.08,31.0
2026-10-05T16:15:28Z,232,0.0,0.0,0.0,20.7,43.5,20.215,50.262,31.0
2026-10-05T16:20:28Z,232,2.0,0.0,3.0,20.6,43.2,20.081,50.441,31.0
2026-10-05T16:25:28Z,232,0.0,0.0,2.0,20.6,42.8,20.228,49.333,31.0
2026-10-05T16:30:28Z,232,6.0,2.0,6.0,20.5,42.4,20.164,49.362,31.0
2026-10-05T16:35:28Z,232,0.0,0.0,0.0,20.5,41.9,20.089,48.025,31.0
2026-10-05T16:40:28Z,232,4.0,1.0,4.0,20.4,41.9,19.528,49.058,31.0
2026-10-05T16:45:29Z,232,0.0,0.0,0.0,20.3,41.2,19.758,46.981,31.0
2026-10-05T16:50:29Z,232,0.0,0.0,0.0,20.2,41.7,19.654,48.29,31.0
2026-10-05T16:55:28Z,232,0.0,0.0,0.0,20.2,41.8,19.585,49.394,31.0
2026-10-05T17:00:28Z,232,0.0,0.0,0.0,20.1,42.0,19.99,48.177,31.0
2026-10-05T17:05:28Z,232,1.0,0.0,1.0,20.2,43.3,19.729,50.991,31.0
2026-10-05T17:10:28Z,232,1.0,0.0,1.0,20.2,43.4,19.889,50.76,31.0
2026-10-05T17:15:29Z,232,5.0,1.0,6.0,20.2,43.8,19.261,52.948,31.0
2026-10-05T17:20:28Z,232,1.0,0.0,1.0,20.2,43.8,19.235,53.432,31.0
2026-10-05T17:25:29Z,232,1.0,0.0,1.0,20.2,44.2,19.545,52.974,31.0
2026-10-05T17:30:29Z,232,0.0,0.0,0.0,20.1,44.0,19.774,51.639,31.0
2026-10-05T17:35:29Z,232,2.0,0.0,3.0,20.0,43.7,18.965,53.134,31.0
2026-10-05T17:40:29Z,232,0.0,0.0,1.0,20.0,44.0,18.602,54.979,31.0
2026-10-05T17:45:29Z,232,1.0,0.0,1.0,19.9,44.3,19.152,53.718,31.0
2026-10-05T17:50:28Z,232,0.0,0.0,0.0,19.8,44.5,18.856,53.945,31.0
2026-10-05T17:55:29Z,232,0.0,0.0,0.0,19.6,44.2,18.204,54.212,31.0
2026-10-05T18:00:29Z,232,0.0,0.0,0.0,19.5,44.6,18.145,55.25,31.0
2026-10-05T18:05:28Z,232,0.0,0.0,0.0,19.4,45.3,18.743,54.649,31.0
2026-10-05T18:10:29Z,232,0.0,0.0,0.0,19.3,44.4,18.383,52.936,31.0
2026-10-05T18:15:29Z,232,0.0,0.0,0.0,19.2,43.8,18.789,50.857,31.0
2026-10-05T18:20:29Z,232,0.0,0.0,0.0,19.2,44.2,19.067,50.283,31.0
2026-10-05T18:25:29Z,232,0.0,0.0,0.0,19.2,43.5,19.216,48.763,31.0
2026-10-05T18:30:29Z,232,3.0,1.0,3.0,19.2,43.1,19.299,47.861,31.0
2026-10-05T18:35:29Z,232,0.0,0.0,0.0,19.3,43.4,19.406,49.594,31.0
2026-10-05T18:40:28Z,232,0.0,0.0,0.0,19.3,42.8,19.149,49.106,31.0
2026-10-05T18:45:28Z,232,0.0,0.0,0.0,19.3,43.2,19.157,50.218,31.0
2026-10-05T18:50:28Z,232,2.0,0.0,2.0,19.4,42.7,18.826,50.023,31.0
2026-10-05T18:55:29Z,232,9.0,5.0,11.0,19.3,43.3,18.826,50.811,31.0
2026-10-05T19:00:28Z,232,3.0,2.0,4.0,19.3,43.7,18.479,52.299,31.0
2026-10-05T19:05:29Z,232,0.0,0.0,1.0,19.2,44.3,18.089,54.761,31.0
2026-10-05T19:10:29Z,232,8.0,6.0,8.0,19.1,45.5,17.926,57.966,31.0
2026-10-05T19:15:29Z,232,1.0,0.0,1.0,19.0,44.5,17.969,53.928,31.0
2026-10-05T19:20:29Z,232,0.0,0.0,0.0,18.9,44.5,17.825,53.936,31.0
2026-10-05T19:25:29Z,232,0.0,0.0,0.0,18.8,45.2,18.204,53.916,31.0
2026-10-05T19:30:29Z,232,0.0,0.0,0.0,18.8,44.8,18.009,53.85,31.0
2026-10-05T19:35:29Z,232,1.0,0.0,1.0,18.7,46.1,18.426,55.305,31.0
2026-10-05T19:40:28Z,232,0.0,0.0,0.0,18.7,44.0,18.025,50.888,31.0
2026-10-05T19:45:29Z,232,0.0,0.0,0.0,18.6,45.0,17.844,54.386,31.0
2026-10-05T19:50:29Z,232,0.0,0.0,2.0,18.6,44.6,17.702,54.256,31.0
2026-10-05T19:55:29Z,232,0.0,0.0,0.0,18.5,45.0,17.771,54.443,31.0
2026-10-05T20:00:29Z,232,0.0,0.0,0.0,18.5,44.7,17.579,53.951,31.0
2026-10-05T20:05:29Z,232,1.0,1.0,2.0,18.4,44.8,17.889,52.839,31.0
2026-10-05T20:10:31Z,232,0.0,0.0,0.0,18.3,43.6,17.609,51.12,31.0
2026-10-05T20:15:29Z,232,0.0,0.0,0.0,18.3,44.4,18.014,52.627,31.0
2026-10-05T20:20:29Z,232,1.0,0.0,1.0,18.3,44.6,18.014,51.624,31.0
2026-10-05T20:25:28Z,232,1.0,1.0,1.0,18.3,44.5,17.822,52.453,31.0
2026-10-05T20:30:29Z,232,2.0,0.0,3.0,18.3,44.8,17.745,53.726,31.0
2026-10-05T20:35:29Z,232,0.0,0.0,0.0,18.2,44.6,17.344,53.733,31.0
2026-10-05T20:40:29Z,232,0.0,0.0,0.0,18.1,44.8,17.382,53.932,31.0
2026-10-05T20:45:29Z,232,0.0,0.0,0.0,18.0,44.8,16.976,54.718,31.0
2026-10-05T20:50:29Z,232,0.0,0.0,0.0,17.8,45.4,16.997,55.667,31.0
2026-10-05T20:55:29Z,232,0.0,0.0,0.0,17.7,46.3,16.989,57.224,31.0
2026-10-05T21:00:29Z,232,15.0,8.0,17.0,17.6,45.9,16.77,56.186,31.0
2026-10-05T21:05:29Z,232,0.0,0.0,0.0,17.5,46.1,16.775,55.875,31.0
2026-10-05T21:10:29Z,232,0.0,0.0,0.0,17.4,47.0,16.938,56.14,31.0
2026-10-05T21:15:29Z,232,0.0,0.0,0.0,17.3,46.3,16.655,55.597,31.0
2026-10-05T21:20:29Z,232,0.0,0.0,0.0,17.2,46.1,16.612,54.761,31.0
2026-10-05T21:25:29Z,232,6.0,1.0,9.0,17.2,45.9,16.591,54.763,31.0
2026-10-05T21:30:29Z,232,0.0,0.0,0.0,17.1,45.7,16.535,53.913,31.0
2026-10-05T21:35:29Z,232,0.0,0.0,0.0,17.1,45.4,16.476,53.504,31.0
2026-10-05T21:40:29Z,232,0.0,0.0,0.0,17.0,45.3,16.3,53.781,31.0
2026-10-05T21:45:29Z,232,0.0,0.0,0.0,16.9,45.2,16.268,53.726,31.0
2026-10-05T21:50:29Z,232,0.0,0.0,0.0,16.9,45.3,16.193,54.164,31.0
2026-10-05T21:55:29Z,232,0.0,0.0,0.0,16.8,45.5,16.34,53.916,31.0
2026-10-05T22:00:29Z,232,0.0,0.0,0.0,16.8,45.4,16.223,53.905,31.0
2026-10-05T22:05:29Z,232,0.0,0.0,0.0,16.7,45.4,16.239,53.739,31.0
2026-10-05T22:10:29Z,232,1.0,0.0,1.0,16.7,45.7,16.239,53.974,31.0
2026-10-05T22:15:29Z,232,0.0,0.0,0.0,16.7,45.8,16.167,53.127,31.0
2026-10-05T22:20:29Z,232,0.0,0.0,0.0,16.6,46.2,16.167,54.506,31.0
2026-10-05T22:25:28Z,232,0.0,0.0,0.0,16.6,46.0,16.161,54.494,31.0
2026-10-05T22:30:29Z,232,0.0,0.0,0.0,16.5,46.3,16.161,54.626,31.0
2026-10-05T22:35:29Z,232,0.0,0.0,0.0,16.5,46.2,16.145,54.5,31.0
2026-10-05T22:40:29Z,232,0.0,0.0,0.0,16.5,46.5,16.11,54.183,31.0
2026-10-05T22:45:29Z,232,2.0,0.0,3.0,16.4,46.6,16.143,55.574,31.0
2026-10-05T22:50:29Z,232,4.0,1.0,6.0,16.4,47.4,15.945,56.953,31.0
2026-10-05T22:55:29Z,232,0.0,0.0,0.0,16.3,48.5,15.897,59.24,31.0
2026-10-05T23:00:30Z,232,0.0,0.0,0.0,16.3,48.8,15.681,59.444,31.0
2026-10-05T23:05:29Z,232,0.0,0.0,0.0,16.2,49.1,15.793,59.797,31.0
2026-10-05T23:10:29Z,232,0.0,0.0,0.0,16.1,49.5,15.536,60.547,31.0
2026-10-05T23:15:29Z,232,0.0,0.0,0.0,16.1,50.3,15.237,62.513,31.0
2026-10-05T23:20:29Z,232,0.0,0.0,0.0,16.0,50.7,15.122,62.986,31.0
2026-10-05T23:25:29Z,232,0.0,0.0,0.0,15.9,51.8,15.096,64.476,31.0
2026-10-05T23:30:29Z,232,0.0,0.0,1.0,15.8,52.0,15.053,64.607,31.0
2026-10-05T23:35:29Z,232,0.0,0.0,0.0,15.7,52.7,14.925,65.83,31.0
2026-10-05T23:40:29Z,232,0.0,0.0,0.0,15.7,51.8,14.596,64.359,31.0
2026-10-05T23:45:29Z,232,1.0,0.0,2.0,15.5,52.7,14.644,65.622,31.0
2026-10-05T23:50:29Z,232,0.0,0.0,0.0,15.5,53.2,14.506,66.044,31.0
2026-10-05T23:55:29Z,232,1.0,0.0,1.0,15.4,53.7,14.458,67.188,31.0
2026-10-06T00:00:29Z,232,1.0,0.0,1.0,15.3,53.9,14.142,67.23,31.0
2026-10-06T00:05:29Z,232,0.0,0.0,0.0,15.2,54.2,14.124,68.441,31.0
2026-10-06T00:10:29Z,232,0.0,0.0,0.0,15.1,54.6,13.937,68.598,31.0
2026-10-06T00:15:29Z,232,0.0,0.0,0.0,15.1,55.1,13.948,68.689,31.0
2026-10-06T00:20:29Z,232,0.0,0.0,0.0,15.0,55.8,13.948,69.507,31.0
2026-10-06T00:25:29Z,232,0.0,0.0,0.0,14.9,56.4,13.918,69.719,31.0
2026-10-06T00:30:29Z,232,0.0,0.0,0.0,14.9,56.3,13.726,70.493,31.0
2026-10-06T00:35:29Z,232,1.0,0.0,1.0,14.8,56.8,13.624,71.007,31.0
2026-10-06T00:40:29Z,232,2.0,0.0,2.0,14.7,56.9,13.624,70.938,31.0
2026-10-06T00:45:29Z,232,1.0,0.0,1.0,14.7,57.5,13.643,71.329,31.0
2026-10-06T00:50:29Z,232,1.0,0.0,2.0,14.6,57.8,13.675,71.712,31.0
2026-10-06T00:55:29Z,232,0.0,0.0,0.0,14.6,58.1,13.67,71.625,31.0
2026-10-06T01:00:29Z,232,0.0,0.0,1.0,14.6,58.2,13.52,72.218,31.0
2026-10-06T01:05:29Z,232,0.0,0.0,0.0,14.5,58.5,13.55,72.384,31.0
2026-10-06T01:10:29Z,232,0.0,0.0,0.0,14.5,58.7,13.475,73.004,31.0
2026-10-06T01:15:29Z,232,0.0,0.0,0.0,14.5,58.9,13.368,73.744,31.0
2026-10-06T01:20:29Z,232,0.0,0.0,0.0,14.4,59.0,13.502,73.393,31.0
2026-10-06T01:25:29Z,232,0.0,0.0,0.0,14.4,59.5,13.437,73.772,31.0
2026-10-06T01:30:32Z,232,0.0,0.0,0.0,14.4,60.0,13.52,73.778,31.0
2026-10-06T01:35:29Z,232,0.0,0.0,0.0,14.4,60.0,13.435,73.948,31.0
2026-10-06T01:40:29Z,232,0.0,0.0,0.0,14.4,59.9,13.443,74.23,31.0
2026-10-06T01:45:30Z,232,0.0,0.0,0.0,14.4,60.2,13.331,74.669,31.0
2026-10-06T01:50:29Z,232,0.0,0.0,0.0,14.3,60.3,13.277,74.684,31.0
2026-10-06T01:55:29Z,232,0.0,0.0,0.0,14.3,60.5,13.299,74.425,31.0
2026-10-06T02:00:29Z,232,0.0,0.0,0.0,14.3,61.1,13.443,75.743,31.0
2026-10-06T02:05:30Z,232,2.0,0.0,3.0,14.3,61.5,13.456,75.733,31.0
2026-10-06T02:10:29Z,232,0.0,0.0,1.0,14.3,61.4,13.413,75.155,31.0
2026-10-06T02:15:30Z,232,0.0,0.0,0.0,14.3,61.4,13.328,74.985,31.0
2026-10-06T02:20:29Z,232,0.0,0.0,0.0,14.3,61.6,13.443,74.751,31.0
2026-10-06T02:25:29Z,232,0.0,0.0,0.0,14.2,61.2,13.309,74.751,31.0
2026-10-06T02:30:29Z,232,0.0,0.0,0.0,14.2,61.9,13.389,75.765,31.0
2026-10-06T02:35:30Z,232,0.0,0.0,0.0,14.3,61.9,13.395,75.346,31.0
2026-10-06T02:40:30Z,232,0.0,0.0,0.0,14.2,62.0,13.373,75.264,31.0
2026-10-06T02:45:30Z,232,0.0,0.0,0.0,14.2,61.6,13.28,75.327,31.0
2026-10-06T02:50:30Z,232,0.0,0.0,0.0,14.2,61.8,13.424,75.222,31.0
2026-10-06T02:55:30Z,232,0.0,0.0,0.0,14.2,61.5,13.13,75.655,31.0
2026-10-06T03:00:29Z,232,0.0,0.0,0.0,14.2,62.2,13.301,76.269,31.0
2026-10-06T03:05:29Z,232,1.0,0.0,1.0,14.2,62.2,13.325,75.958,31.0
2026-10-06T03:10:29Z,232,0.0,0.0,0.0,14.2,62.2,13.299,75.096,31.0
2026-10-06T03:15:29Z,232,0.0,0.0,0.0,14.2,62.3,13.272,75.708,31.0
2026-10-06T03:20:30Z,232,0.0,0.0,0.0,14.2,62.5,13.331,75.607,31.0
2026-10-06T03:25:30Z,232,0.0,0.0,0.0,14.1,62.4,13.413,75.815,31.0
2026-10-06T03:30:29Z,232,0.0,0.0,0.0,14.2,62.7,13.413,76.082,31.0
2026-10-06T03:35:30Z,232,0.0,0.0,0.0,14.2,62.6,13.264,76.483,31.0
2026-10-06T03:40:29Z,232,0.0,0.0,0.0,14.2,62.9,13.17,76.357,31.0
2026-10-06T03:45:30Z,232,0.0,0.0,0.0,14.1,63.0,13.224,76.391,31.0
2026-10-06T04:05:31Z,232,0.0,0.0,0.0,14.1,63.2,13.36,76.618,31.0
2026-10-06T04:10:30Z,232,0.0,0.0,0.0,14.1,63.2,13.392,76.538,31.0
2026-10-06T04:15:30Z,232,0.0,0.0,0.0,14.1,63.2,13.51,75.798,31.0
2026-10-06T04:20:30Z,232,0.0,0.0,0.0,14.2,63.2,13.614,75.683,31.0
2026-10-06T04:25:30Z,232,0.0,0.0,0.0,14.2,63.2,13.55,75.703,31.0
2026-10-06T04:30:30Z,232,0.0,0.0,0.0,14.2,63.4,13.576,76.004,31.0
2026-10-06T04:35:30Z,232,0.0,0.0,0.0,14.2,63.3,13.55,76.149,31.0
2026-10-06T04:40:29Z,232,0.0,0.0,0.0,14.3,63.4,13.598,75.874,31.0
2026-10-06T04:45:30Z,232,0.0,0.0,0.0,14.3,63.6,13.616,76.523,31.0
2026-10-06T04:50:30Z,232,0.0,0.0,0.0,14.3,63.5,13.616,76.275,31.0
2026-10-06T04:55:30Z,232,0.0,0.0,0.0,14.3,63.5,13.686,76.017,31.0
2026-10-06T05:00:33Z,232,0.0,0.0,0.0,14.3,63.5,13.707,76.105,31.0
2026-10-06T05:05:30Z,232,0.0,0.0,0.0,14.3,63.5,13.715,75.909,31.0
2026-10-06T05:10:30Z,232,0.0,0.0,0.0,14.3,63.6,13.502,76.359,31.0
2026-10-06T05:15:30Z,232,0.0,0.0,0.0,14.4,63.4,13.55,76.296,31.0
2026-10-06T05:20:30Z,232,0.0,0.0,0.0,14.3,63.4,13.491,76.101,31.0
2026-10-06T05:25:30Z,232,0.0,0.0,0.0,14.3,63.3,13.568,76.3,31.0
2026-10-06T05:30:30Z,232,0.0,0.0,0.0,14.4,63.3,13.478,76.189,31.0
2026-10-06T05:35:30Z,232,0.0,0.0,0.0,14.3,63.5,13.408,76.427,31.0
2026-10-06T05:40:30Z,232,0.0,0.0,0.0,14.3,63.3,13.403,76.366,31.0
2026-10-06T05:45:29Z,232,0.0,0.0,1.0,14.3,63.5,13.376,76.652,31.0
2026-10-06T05:50:30Z,232,0.0,0.0,0.0,14.3,64.0,13.582,76.815,31.0
2026-10-06T05:55:30Z,232,0.0,0.0,0.0,14.3,63.7,13.539,76.677,31.0
2026-10-06T06:00:30Z,232,0.0,0.0,0.0,14.2,63.8,13.48,76.635,31.0
2026-10-06T06:05:30Z,232,0.0,0.0,0.0,14.3,63.9,13.534,76.364,31.0
2026-10-06T06:10:30Z,232,0.0,0.0,0.0,14.3,63.9,13.389,76.948,31.0
2026-10-06T06:15:30Z,232,0.0,0.0,0.0,14.3,63.7,13.397,76.902,31.0
2026-10-06T06:20:30Z,232,0.0,0.0,0.0,14.3,64.1,13.531,77.091,31.0
2026-10-06T06:25:30Z,232,0.0,0.0,0.0,14.3,64.0,13.568,76.778,31.0
2026-10-06T06:30:30Z,232,0.0,0.0,0.0,14.3,64.0,13.59,76.74,31.0
2026-10-06T06:35:30Z,232,0.0,0.0,0.0,14.3,64.2,13.491,77.07,31.0
2026-10-06T06:40:30Z,232,0.0,0.0,0.0,14.3,64.4,13.64,76.914,31.0
2026-10-06T06:45:30Z,232,0.0,0.0,0.0,14.3,64.3,13.667,76.795,31.0
2026-10-06T06:50:30Z,232,0.0,0.0,0.0,14.3,64.5,13.534,77.759,31.0
2026-10-06T06:55:30Z,232,0.0,0.0,0.0,14.3,64.3,13.491,76.959,31.0
2026-10-06T07:00:30Z,232,0.0,0.0,0.0,14.3,64.3,13.504,77.331,31.0
2026-10-06T07:05:30Z,232,0.0,0.0,0.0,14.3,64.7,13.6,77.637,31.0
2026-10-06T07:10:30Z,232,0.0,0.0,0.0,14.3,64.7,13.568,77.721,31.0
2026-10-06T07:15:30Z,232,0.0,0.0,0.0,14.3,64.8,13.558,78.089,31.0
2026-10-06T07:20:30Z,232,0.0,0.0,0.0,14.3,64.9,13.547,78.165,31.0
2026-10-06T07:25:30Z,232,0.0,0.0,0.0,14.3,64.8,13.624,77.955,31.0
2026-10-06T07:30:30Z,232,0.0,0.0,0.0,14.3,64.9,13.491,77.869,31.0
2026-10-06T07:35:30Z,232,0.0,0.0,0.0,14.3,65.0,13.699,77.745,31.0
2026-10-06T07:40:30Z,232,0.0,0.0,0.0,14.3,64.9,13.726,77.328,31.0
2026-10-06T07:45:30Z,232,0.0,0.0,0.0,14.3,64.9,13.763,77.522,31.0
2026-10-06T07:50:30Z,232,0.0,0.0,0.0,14.4,64.8,13.755,77.246,31.0
2026-10-06T07:55:30Z,232,0.0,0.0,0.0,14.3,64.7,13.659,77.339,31.0
2026-10-06T08:00:30Z,232,0.0,0.0,0.0,14.4,64.6,13.718,77.127,31.0
2026-10-06T08:05:30Z,232,0.0,0.0,0.0,14.4,64.7,13.654,77.249,31.0
2026-10-06T08:10:30Z,232,0.0,0.0,0.0,14.4,64.6,13.654,77.467,31.0
2026-10-06T08:15:30Z,232,0.0,0.0,0.0,14.4,64.4,13.544,76.511,31.0
2026-10-06T08:20:30Z,232,0.0,0.0,0.0,14.4,64.0,13.437,76.815,31.0
2026-10-06T08:25:30Z,232,0.0,0.0,0.0,14.3,64.1,13.4,76.74,31.0
2026-10-06T08:30:30Z,232,0.0,0.0,0.0,14.3,64.1,13.539,76.494,31.0
2026-10-06T08:35:30Z,232,0.0,0.0,0.0,14.3,64.1,13.411,76.643,31.0
2026-10-06T08:40:30Z,232,0.0,0.0,0.0,14.3,64.3,13.552,77.171,31.0
2026-10-06T08:45:30Z,232,0.0,0.0,0.0,14.4,64.0,13.333,76.727,31.0
2026-10-06T08:50:30Z,232,0.0,0.0,0.0,14.3,64.2,13.424,76.868,31.0
2026-10-06T08:55:30Z,232,0.0,0.0,0.0,14.3,64.3,13.467,76.891,31.0
2026-10-06T09:00:30Z,232,0.0,0.0,0.0,14.3,64.3,13.558,76.784,31.0
2026-10-06T09:05:30Z,232,0.0,0.0,0.0,14.3,64.6,13.571,77.057,31.0
2026-10-06T09:10:30Z,232,0.0,0.0,0.0,14.4,64.7,13.598,77.587,31.0
2026-10-06T09:15:30Z,232,0.0,0.0,0.0,14.3,64.8,13.705,77.625,31.0
2026-10-06T09:20:30Z,232,0.0,0.0,0.0,14.4,64.8,13.566,77.709,31.0
2026-10-06T09:25:30Z,232,0.0,0.0,0.0,14.3,64.9,13.667,77.942,31.0
2026-10-06T09:30:30Z,232,0.0,0.0,0.0,14.4,64.7,13.52,77.56,31.0
2026-10-06T09:35:30Z,232,0.0,0.0,0.0,14.3,64.6,13.462,77.658,31.0
2026-10-06T09:40:30Z,232,0.0,0.0,0.0,14.3,64.5,13.478,77.276,31.0
2026-10-06T09:45:30Z,232,0.0,0.0,0.0,14.3,64.9,13.568,77.492,31.0
2026-10-06T09:50:31Z,232,0.0,0.0,0.0,14.3,64.6,13.408,77.318,31.0
2026-10-06T09:55:30Z,232,0.0,0.0,0.0,14.3,64.9,13.63,77.675,31.0
2026-10-06T10:00:31Z,232,0.0,0.0,0.0,14.3,65.4,13.582,78.298,31.0
2026-10-06T10:05:31Z,232,0.0,0.0,0.0,14.3,65.1,13.491,78.167,31.0
2026-10-06T10:10:30Z,232,0.0,0.0,0.0,14.3,64.9,13.219,78.468,31.0
2026-10-06T10:15:31Z,232,0.0,0.0,0.0,14.3,65.0,13.413,78.237,31.0
2026-10-06T10:20:30Z,232,0.0,0.0,0.0,14.2,65.1,13.307,78.817,31.0
2026-10-06T10:25:31Z,232,0.0,0.0,0.0,14.2,65.1,13.328,77.894,31.0
2026-10-06T10:30:30Z,232,0.0,0.0,0.0,14.2,65.5,13.344,78.972,31.0
2026-10-06T10:35:31Z,232,0.0,0.0,0.0,14.2,65.6,13.384,79.039,31.0
2026-10-06T10:40:30Z,232,0.0,0.0,0.0,14.2,65.6,13.437,78.72,31.0
2026-10-06T10:45:31Z,232,0.0,0.0,0.0,14.2,65.8,13.4,79.094,31.0
2026-10-06T10:50:30Z,232,0.0,0.0,0.0,14.2,66.3,13.336,80.776,31.0
2026-10-06T10:55:31Z,232,0.0,0.0,0.0,14.2,66.5,13.475,80.261,31.0
2026-10-06T11:00:30Z,232,0.0,0.0,0.0,14.2,66.5,13.413,80.591,31.0
2026-10-06T11:05:31Z,232,0.0,0.0,0.0,14.2,66.7,13.387,80.872,31.0
2026-10-06T11:10:31Z,232,0.0,0.0,0.0,14.2,66.9,13.595,80.145,31.0
2026-10-06T11:15:31Z,232,0.0,0.0,0.0,14.3,66.9,13.745,79.697,31.0
2026-10-06T11:20:31Z,232,0.0,0.0,0.0,14.3,67.0,13.857,79.863,31.0
2026-10-06T11:25:30Z,232,0.0,0.0,0.0,14.4,67.2,13.923,80.107,31.0
2026-10-06T11:30:31Z,232,0.0,0.0,0.0,14.4,67.3,13.827,80.307,31.0
2026-10-06T11:35:30Z,232,0.0,0.0,0.0,14.5,67.4,13.875,80.688,31.0
2026-10-06T11:40:31Z,232,0.0,0.0,0.0,14.5,67.3,13.87,80.664,31.0
2026-10-06T11:45:30Z,232,0.0,0.0,0.0,14.5,67.6,13.91,81.287,31.0
2026-10-06T11:50:31Z,232,0.0,0.0,0.0,14.6,67.9,13.883,81.434,31.0
2026-10-06T11:55:31Z,232,0.0,0.0,0.0,14.6,67.9,14.017,81.705,31.0
2026-10-06T12:00:31Z,232,0.0,0.0,0.0,14.6,67.7,14.145,80.763,31.0
2026-10-06T12:05:31Z,232,0.0,0.0,0.0,14.7,68.1,14.343,80.316,31.0
2026-10-06T12:10:30Z,232,0.0,0.0,0.0,14.8,68.1,14.474,79.616,31.0
2026-10-06T12:15:31Z,232,0.0,0.0,0.0,14.9,67.7,14.805,78.607,31.0
2026-10-06T12:20:31Z,232,3.0,0.0,4.0,15.0,67.8,15.152,77.902,31.0
2026-10-06T12:25:31Z,232,0.0,0.0,0.0,15.1,66.7,15.216,76.458,31.0
2026-10-06T12:30:31Z,232,0.0,0.0,0.0,15.3,66.1,15.488,75.369,31.0
2026-10-06T12:35:31Z,232,0.0,0.0,0.0,15.5,65.4,15.737,74.316,31.0
2026-10-06T12:40:31Z,232,0.0,0.0,0.0,15.6,65.0,15.806,74.259,31.0
2026-10-06T12:45:31Z,232,0.0,0.0,0.0,15.8,65.3,15.705,75.502,31.0
2026-10-06T12:50:31Z,232,0.0,0.0,0.0,15.9,65.1,15.774,75.672,31.0
2026-10-06T12:55:31Z,232,0.0,0.0,0.0,16.0,65.0,15.769,76.116,31.0
2026-10-06T13:00:31Z,232,0.0,0.0,0.0,16.1,65.1,15.814,76.647,31.0
2026-10-06T13:05:31Z,232,0.0,0.0,0.0,16.1,65.3,15.98,76.836,31.0
2026-10-06T13:10:31Z,232,0.0,0.0,0.0,16.2,65.3,16.017,76.824,31.0
2026-10-06T13:15:31Z,232,0.0,0.0,0.0,16.3,65.2,15.964,77.125,31.0
2026-10-06T13:20:31Z,232,15.0,8.0,16.0,16.4,65.1,15.956,77.185,31.0
2026-10-06T13:25:31Z,232,0.0,0.0,0.0,16.4,65.3,16.313,76.338,31.0
2026-10-06T13:30:31Z,232,0.0,0.0,0.0,16.5,64.7,16.11,76.427,31.0
2026-10-06T13:35:31Z,232,0.0,0.0,0.0,16.6,64.9,16.388,76.204,31.0
2026-10-06T13:40:31Z,232,0.0,0.0,0.0,16.7,64.7,16.468,75.924,31.0
2026-10-06T13:45:31Z,232,0.0,0.0,0.0,16.8,64.4,16.562,74.961,31.0
2026-10-06T13:50:31Z,232,0.0,0.0,0.0,16.9,64.5,16.722,75.462,31.0
2026-10-06T13:55:31Z,232,1.0,0.0,1.0,17.1,64.4,16.738,75.895,31.0
2026-10-06T14:00:31Z,232,0.0,0.0,0.0,17.1,64.2,16.733,75.464,31.0
2026-10-06T14:05:31Z,232,0.0,0.0,0.0,17.3,64.4,17.179,75.041,31.0
2026-10-06T14:10:31Z,232,0.0,0.0,0.0,17.4,64.5,17.558,74.312,31.0
2026-10-06T14:15:31Z,232,0.0,0.0,0.0,17.5,63.4,17.686,72.908,31.0
2026-10-06T14:20:31Z,232,4.0,0.0,4.0,17.7,62.8,17.601,73.192,31.0
2026-10-06T14:25:31Z,232,0.0,0.0,0.0,17.8,61.6,17.363,72.639,31.0
2026-10-06T14:30:31Z,232,0.0,0.0,0.0,17.8,62.1,16.46,77.379,31.0
2026-10-06T14:35:31Z,232,0.0,0.0,0.0,17.7,62.2,16.418,76.399,31.0
2026-10-06T14:40:31Z,232,0.0,0.0,0.0,17.5,62.6,16.588,75.161,31.0
2026-10-06T14:45:31Z,232,0.0,0.0,0.0,17.5,62.5,17.034,74.888,31.0
2026-10-06T14:50:31Z,232,0.0,0.0,0.0,17.5,62.5,17.12,73.685,31.0
2026-10-06T14:55:30Z,232,0.0,0.0,0.0,17.6,62.2,17.098,73.799,31.0
2026-10-06T15:00:31Z,232,0.0,0.0,0.0,17.7,61.8,17.275,73.57,31.0
2026-10-06T15:05:31Z,232,0.0,0.0,0.0,17.8,61.7,17.526,72.389,31.0
2026-10-06T15:10:31Z,232,0.0,0.0,0.0,17.8,60.6,17.101,72.576,31.0
2026-10-06T15:15:31Z,232,0.0,0.0,0.0,17.9,60.4,17.283,71.92,31.0
2026-10-06T15:20:31Z,232,0.0,0.0,0.0,18.0,61.3,17.833,71.88,31.0
2026-10-06T15:25:31Z,232,0.0,0.0,0.0,18.1,60.7,18.028,70.686,31.0
2026-10-06T15:30:31Z,232,0.0,0.0,0.0,18.3,60.4,18.455,69.946,31.0
2026-10-06T15:35:31Z,232,0.0,0.0,0.0,18.5,59.4,18.434,69.017,31.0
2026-10-06T15:40:31Z,232,0.0,0.0,0.0,18.6,58.9,18.591,68.63,31.0
2026-10-06T15:45:31Z,232,0.0,0.0,0.0,18.8,57.8,18.431,68.798,31.0
2026-10-06T15:50:31Z,232,0.0,0.0,0.0,18.9,57.0,18.613,67.392,31.0
2026-10-06T15:55:31Z,232,0.0,0.0,0.0,18.9,56.5,18.383,67.869,31.0
2026-10-06T16:00:31Z,232,0.0,0.0,0.0,19.0,56.2,18.292,68.031,31.0
2026-10-06T16:05:31Z,232,0.0,0.0,0.0,19.0,56.7,18.492,68.376,31.0
2026-10-06T16:10:31Z,232,0.0,0.0,0.0,19.1,57.1,18.775,68.401,31.0
2026-10-06T16:15:32Z,232,0.0,0.0,0.0,19.1,55.8,18.674,66.665,31.0
2026-10-06T16:20:31Z,232,0.0,0.0,0.0,19.2,55.7,18.364,68.248,31.0
2026-10-06T16:25:31Z,232,0.0,0.0,0.0,19.2,55.5,18.559,66.278,31.0
2026-10-06T16:30:31Z,232,0.0,0.0,0.0,19.2,55.5,18.639,66.759,31.0
2026-10-06T16:35:31Z,232,2.0,1.0,2.0,19.2,56.1,18.837,66.919,31.0
2026-10-06T16:40:31Z,232,0.0,0.0,0.0,19.2,56.1,18.741,67.554,31.0
2026-10-06T16:45:32Z,232,0.0,0.0,0.0,19.2,56.3,19.026,66.906,31.0
2026-10-06T16:50:31Z,232,1.0,0.0,2.0,19.3,55.6,18.77,66.204,31.0
2026-10-06T16:55:31Z,232,25.0,7.0,30.0,19.3,55.3,19.064,66.156,31.0
2026-10-06T17:00:31Z,232,0.0,0.0,0.0,19.4,54.7,18.487,65.679,31.0
2026-10-06T17:05:31Z,232,0.0,0.0,0.0,19.4,54.7,18.954,64.726,31.0
2026-10-06T17:10:31Z,232,0.0,0.0,0.0,19.4,54.5,18.735,65.469,31.0
2026-10-06T17:15:31Z,232,0.0,0.0,0.0,19.4,54.9,18.981,65.691,31.0
2026-10-06T17:20:32Z,232,0.0,0.0,0.0,19.4,54.7,18.474,66.374,31.0
2026-10-06T17:25:31Z,232,0.0,0.0,0.0,19.4,54.0,18.095,67.066,31.0
2026-10-06T17:30:31Z,232,0.0,0.0,0.0,19.3,54.3,18.001,67.018,31.0
2026-10-06T17:35:31Z,232,1.0,0.0,2.0,19.2,54.5,17.702,68.233,31.0
2026-10-06T17:40:31Z,232,0.0,0.0,0.0,19.0,54.6,17.536,69.284,31.0
2026-10-06T17:45:31Z,232,0.0,0.0,0.0,18.8,55.5,17.52,68.92,31.0
2026-10-06T17:50:33Z,232,0.0,0.0,0.0,18.7,55.6,17.325,69.992,31.0
2026-10-06T17:55:31Z,232,0.0,0.0,1.0,18.6,56.0,17.438,69.946,31.0
2026-10-06T18:00:31Z,232,1.0,0.0,1.0,18.4,56.1,17.272,70.122,31.0
2026-10-06T18:05:31Z,232,0.0,0.0,0.0,18.3,56.2,17.299,69.689,31.0
2026-10-06T18:10:31Z,232,0.0,0.0,0.0,18.2,56.8,16.874,70.961,31.0
2026-10-06T18:15:31Z,232,0.0,0.0,0.0,18.0,56.8,16.554,70.993,31.0
2026-10-06T18:20:31Z,232,0.0,0.0,0.0,18.0,57.2,16.864,71.016,31.0
2026-10-06T18:25:32Z,232,0.0,0.0,0.0,17.8,57.4,16.826,70.875,31.0
2026-10-06T18:30:31Z,232,2.0,0.0,2.0,17.8,57.7,17.16,70.364,31.0
2026-10-06T18:35:32Z,232,0.0,0.0,0.0,17.8,57.9,17.39,69.975,31.0
2026-10-06T18:40:31Z,232,0.0,0.0,0.0,17.8,58.0,17.528,69.027,31.0
2026-10-06T18:45:32Z,232,0.0,0.0,0.0,17.9,57.8,18.041,68.178,31.0
2026-10-06T18:50:31Z,232,0.0,0.0,0.0,18.0,57.6,18.009,67.831,31.0
2026-10-06T18:55:32Z,232,1.0,0.0,1.0,18.2,56.8,17.974,66.904,31.0
2026-10-06T19:00:31Z,232,1.0,0.0,1.0,18.3,56.5,18.199,66.356,31.0
2026-10-06T19:05:31Z,232,1.0,0.0,1.0,18.4,55.7,18.268,65.939,31.0
2026-10-06T19:10:32Z,232,2.0,0.0,2.0,18.5,55.8,18.033,66.873,31.0
2026-10-06T19:15:32Z,232,1.0,0.0,1.0,18.5,55.8,17.942,68.06,31.0
2026-10-06T19:20:32Z,232,0.0,0.0,0.0,18.6,57.1,18.356,68.418,31.0
2026-10-06T19:25:32Z,232,0.0,0.0,0.0,18.6,57.3,18.559,68.134,31.0
2026-10-06T19:30:32Z,232,0.0,0.0,0.0,18.7,55.5,17.705,66.782,31.0
2026-10-06T19:35:31Z,232,0.0,0.0,1.0,18.7,55.3,17.833,66.858,31.0
2026-10-06T19:40:32Z,232,0.0,0.0,0.0,18.6,55.1,17.547,67.493,31.0
2026-10-06T19:45:32Z,232,4.0,1.0,4.0,18.5,55.1,17.43,68.334,31.0
2026-10-06T19:50:32Z,232,0.0,0.0,0.0,18.5,54.9,17.419,66.116,31.0
2026-10-06T19:55:32Z,232,2.0,0.0,2.0,18.4,56.8,17.611,70.356,31.0
2026-10-06T20:00:32Z,232,2.0,1.0,2.0,18.3,57.4,17.133,70.822,31.0
2026-10-06T20:05:32Z,232,5.0,1.0,6.0,18.2,58.3,17.363,72.674,31.0
2026-10-06T20:10:31Z,232,0.0,0.0,0.0,18.1,57.6,16.957,70.801,31.0
2026-10-06T20:15:32Z,232,2.0,0.0,2.0,18.0,57.6,16.717,71.049,31.0
2026-10-06T20:20:32Z,232,1.0,0.0,1.0,17.9,57.9,16.893,72.05,31.0
2026-10-06T20:25:32Z,232,0.0,0.0,0.0,17.8,57.8,16.928,69.938,31.0
2026-10-06T20:30:32Z,232,1.0,0.0,2.0,17.7,58.2,17.152,70.274,31.0
2026-10-06T20:35:32Z,232,8.0,4.0,11.0,17.7,58.0,17.275,69.879,31.0
2026-10-06T20:40:31Z,232,5.0,2.0,5.0,17.6,57.6,16.997,69.689,31.0
2026-10-06T20:45:32Z,232,5.0,2.0,5.0,17.6,57.8,17.299,68.897,31.0
2026-10-06T20:50:32Z,232,15.0,8.0,16.0,17.6,58.3,17.47,69.546,31.0
2026-10-06T20:55:32Z,232,1.0,0.0,1.0,17.7,58.2,17.48,69.257,31.0
2026-10-06T21:00:32Z,232,5.0,2.0,5.0,17.7,58.3,17.432,69.229,31.0
2026-10-06T21:05:32Z,232,1.0,0.0,1.0,17.7,57.7,17.245,69.28,31.0
2026-10-06T21:10:32Z,232,0.0,0.0,0.0,17.8,57.6,17.189,69.204,31.0
2026-10-06T21:15:32Z,232,1.0,0.0,1.0,17.7,57.6,16.922,69.731,31.0
2026-10-06T21:20:32Z,232,0.0,0.0,0.0,17.7,57.8,17.002,69.992,31.0
2026-10-06T21:25:32Z,232,1.0,0.0,1.0,17.6,57.7,17.317,68.462,31.0
2026-10-06T21:30:32Z,232,1.0,0.0,2.0,17.6,57.7,17.104,69.242,31.0
2026-10-06T21:35:32Z,232,0.0,0.0,0.0,17.6,57.7,17.315,68.897,31.0
2026-10-06T21:40:32Z,232,0.0,0.0,1.0,17.6,57.4,17.32,68.271,31.0
2026-10-06T21:45:32Z,232,0.0,0.0,0.0,17.6,56.6,17.336,66.473,31.0
2026-10-06T21:50:32Z,232,1.0,0.0,2.0,17.6,56.2,17.341,66.538,31.0
2026-10-06T21:55:32Z,232,1.0,0.0,1.0,17.6,56.3,17.358,66.133,31.0
2026-10-06T22:00:32Z,232,3.0,1.0,3.0,17.6,56.7,17.163,67.8,31.0
2026-10-06T22:05:32Z,232,5.0,3.0,6.0,17.6,57.0,17.12,67.959,31.0
2026-10-06T22:10:32Z,232,13.0,6.0,16.0,17.5,57.1,17.152,68.311,31.0
2026-10-06T22:15:32Z,232,7.0,4.0,7.0,17.4,57.4,17.125,68.325,31.0
2026-10-06T22:20:32Z,232,0.0,0.0,0.0,17.4,57.2,16.88,68.895,31.0
2026-10-06T22:25:32Z,232,0.0,0.0,1.0,17.3,57.2,16.872,68.296,31.0
2026-10-06T22:30:32Z,232,1.0,1.0,1.0,17.3,56.9,16.973,66.843,31.0
2026-10-06T22:35:32Z,232,1.0,0.0,1.0,17.2,57.2,16.92,67.703,31.0
2026-10-06T22:40:32Z,232,1.0,0.0,1.0,17.2,57.3,16.965,67.411,31.0
2026-10-06T22:45:32Z,232,0.0,0.0,0.0,17.1,56.7,16.714,67.07,31.0
2026-10-06T22:50:32Z,232,0.0,0.0,0.0,17.0,57.1,16.725,67.787,31.0
2026-10-06T22:55:32Z,232,0.0,0.0,0.0,17.0,57.3,16.682,67.987,31.0
2026-10-06T23:00:32Z,232,0.0,0.0,0.0,17.0,58.0,16.58,70.112,31.0
2026-10-06T23:05:32Z,232,0.0,0.0,0.0,16.9,58.4,16.476,69.628,31.0
2026-10-06T23:10:32Z,232,2.0,0.0,2.0,16.9,58.3,16.418,70.339,31.0
2026-10-06T23:15:32Z,232,1.0,0.0,1.0,16.8,58.5,16.273,70.583,31.0
2026-10-06T23:20:32Z,232,0.0,0.0,1.0,16.7,58.6,16.268,70.535,31.0
2026-10-06T23:25:32Z,232,0.0,0.0,0.0,16.7,58.6,16.236,70.143,31.0
2026-10-06T23:30:32Z,232,1.0,0.0,2.0,16.6,58.6,16.212,70.509,31.0
2026-10-06T23:35:32Z,232,5.0,1.0,6.0,16.5,58.9,16.185,70.787,31.0
2026-10-06T23:40:32Z,232,4.0,2.0,4.0,16.5,59.1,16.164,70.606,31.0
2026-10-06T23:45:32Z,232,2.0,0.0,2.0,16.4,59.0,16.044,70.314,31.0
2026-10-06T23:50:32Z,232,0.0,0.0,1.0,16.4,58.8,15.964,69.881,31.0
2026-10-06T23:55:32Z,232,0.0,0.0,0.0,16.3,58.5,15.894,69.723,31.0
2026-10-07T00:00:32Z,232,0.0,0.0,0.0,16.2,58.5,15.942,69.546,31.0
2026-10-07T00:05:33Z,232,0.0,0.0,0.0,16.2,58.4,15.811,69.521,31.0
2026-10-07T00:10:32Z,232,0.0,0.0,0.0,16.1,58.6,15.849,69.614,31.0
2026-10-07T00:15:32Z,232,0.0,0.0,0.0,16.1,59.0,15.849,69.885,31.0
2026-10-07T00:20:32Z,232,0.0,0.0,1.0,16.1,58.9,15.817,69.669,31.0
2026-10-07T00:25:33Z,232,0.0,0.0,0.0,16.1,58.7,15.574,69.9,31.0
2026-10-07T00:30:32Z,232,0.0,0.0,0.0,16.0,58.9,15.649,69.608,31.0
2026-10-07T00:35:32Z,232,0.0,0.0,0.0,16.0,58.8,15.371,70.287,31.0
2026-10-07T00:40:32Z,232,0.0,0.0,0.0,16.0,59.0,15.483,70.156,31.0
2026-10-07T00:45:32Z,232,0.0,0.0,0.0,16.0,59.3,15.571,70.492,31.0
2026-10-07T00:50:32Z,232,0.0,0.0,0.0,15.9,59.3,15.518,70.123,31.0
2026-10-07T00:55:33Z,232,0.0,0.0,0.0,15.9,59.7,15.475,70.886,31.0
2026-10-07T01:00:32Z,232,0.0,0.0,0.0,15.9,60.0,15.352,72.576,31.0
2026-10-07T01:05:32Z,232,0.0,0.0,0.0,15.8,60.3,15.347,72.731,31.0
2026-10-07T01:10:32Z,232,12.0,6.0,13.0,15.8,60.8,15.36,72.807,31.0
2026-10-07T01:15:33Z,232,0.0,0.0,0.0,15.8,60.1,15.392,71.352,31.0
2026-10-07T01:20:33Z,232,0.0,0.0,0.0,15.8,60.5,15.371,72.09,31.0
2026-10-07T01:25:32Z,232,0.0,0.0,0.0,15.7,60.5,15.397,72.231,31.0
2026-10-07T01:30:33Z,232,0.0,0.0,0.0,15.7,60.7,15.307,72.637,31.0
2026-10-07T01:35:32Z,232,0.0,0.0,0.0,15.7,60.4,15.357,71.775,31.0
2026-10-07T01:40:32Z,232,0.0,0.0,0.0,15.7,60.3,15.069,72.355,31.0
2026-10-07T01:45:32Z,232,0.0,0.0,0.0,15.7,60.7,15.336,72.798,31.0
2026-10-07T01:50:34Z,232,0.0,0.0,0.0,15.7,60.6,15.283,72.29,31.0
2026-10-07T01:55:32Z,232,0.0,0.0,0.0,15.7,60.9,15.307,71.983,31.0
2026-10-07T02:00:33Z,232,0.0,0.0,0.0,15.7,60.4,15.173,71.687,31.0
2026-10-07T02:05:32Z,232,0.0,0.0,0.0,15.7,60.5,15.365,71.697,31.0
2026-10-07T02:10:32Z,232,0.0,0.0,0.0,15.7,60.0,15.221,71.134,31.0
2026-10-07T02:15:32Z,232,0.0,0.0,0.0,15.6,60.6,15.275,71.825,31.0
2026-10-07T02:20:32Z,232,0.0,0.0,0.0,15.6,60.2,15.272,71.251,31.0
2026-10-07T02:25:33Z,232,0.0,0.0,0.0,15.6,60.0,15.138,71.19,31.0
2026-10-07T02:30:32Z,232,0.0,0.0,0.0,15.5,60.4,15.171,71.75,31.0
2026-10-07T02:35:33Z,232,0.0,0.0,0.0,15.5,60.3,15.122,71.59,31.0
2026-10-07T02:40:33Z,232,0.0,0.0,0.0,15.5,60.0,15.048,71.407,31.0
2026-10-07T02:45:33Z,232,0.0,0.0,0.0,15.5,59.8,15.013,70.53,31.0
2026-10-07T02:50:33Z,232,0.0,0.0,0.0,15.5,59.8,15.104,70.36,31.0
2026-10-07T02:55:33Z,232,0.0,0.0,0.0,15.5,60.1,15.104,70.854,31.0
2026-10-07T03:00:33Z,232,0.0,0.0,0.0,15.4,60.0,15.114,70.413,31.0
2026-10-07T03:05:33Z,232,0.0,0.0,0.0,15.4,60.0,14.989,71.06,31.0
2026-10-07T03:10:32Z,232,0.0,0.0,0.0,15.4,59.9,15.037,70.482,31.0
2026-10-07T03:15:32Z,232,0.0,0.0,0.0,15.4,60.0,14.978,70.732,31.0
2026-10-07T03:20:32Z,232,0.0,0.0,0.0,15.4,59.9,15.0,70.528,31.0
2026-10-07T03:25:33Z,232,0.0,0.0,0.0,15.3,60.1,14.984,70.94,31.0
2026-10-07T03:30:33Z,232,0.0,0.0,0.0,15.3,60.0,15.018,70.707,31.0
2026-10-07T03:35:33Z,232,0.0,0.0,0.0,15.3,60.1,14.928,70.598,31.0
2026-10-07T03:40:33Z,232,0.0,0.0,0.0,15.3,59.9,15.077,70.354,31.0
2026-10-07T03:45:33Z,232,0.0,0.0,0.0,15.3,59.8,15.114,70.194,31.0
2026-10-07T03:50:33Z,232,0.0,0.0,0.0,15.3,60.0,15.152,70.347,31.0
2026-10-07T03:55:33Z,232,0.0,0.0,0.0,15.3,59.7,15.117,69.616,31.0
2026-10-07T04:00:33Z,232,0.0,0.0,0.0,15.4,59.7,15.16,69.616,31.0
2026-10-07T04:05:33Z,232,0.0,0.0,0.0,15.4,59.9,15.203,69.729,31.0
2026-10-07T04:10:33Z,232,0.0,0.0,0.0,15.4,59.7,15.203,69.292,31.0
2026-10-07T04:15:33Z,232,0.0,0.0,0.0,15.4,60.2,15.245,70.165,31.0
2026-10-07T04:20:33Z,232,0.0,0.0,0.0,15.5,60.3,15.296,70.528,31.0
2026-10-07T04:25:33Z,232,0.0,0.0,0.0,15.5,60.5,15.082,71.335,31.0
2026-10-07T04:30:33Z,232,0.0,0.0,0.0,15.5,60.4,14.981,71.989,31.0
2026-10-07T04:35:33Z,232,0.0,0.0,0.0,15.4,60.9,15.034,72.384,31.0
